"","Date","Session","Pseudo","Treatment","Group","TotalScore","Flight","Bonus","Mine","Fortress","NET","GameLevel","Age","Genre","ZScore","ZMean"
"1","2018-06-04 13:51:49","D01P1","AC2302","2","SHAM",2710,-790,600,900,2000,17,9,24,"Homme",-0.964482884582727,-0.871284717994318
"2","2018-06-05 12:31:19","D02P1","AC2302","2","SHAM",5060,-610,2600,1070,2000,17,9,24,"Homme",-0.464389577041352,-0.161970079701403
"3","2018-06-05 12:31:19","D02P2","AC2302","2","SHAM",8305,-335,1750,3390,3500,17,9,24,"Homme",0.226164798691312,0.575342081229014
"4","2018-06-06 12:38:01","D03P1","AC2302","2","SHAM",9800,-100,1450,2950,5500,17,9,24,"Homme",0.54430926455274,0.76660582701275
"5","2018-06-06 12:38:01","D03P2","AC2302","2","SHAM",12255,-185,2350,3340,6750,17,9,24,"Homme",1.06674716668639,1.10140839450285
"6","2018-06-07 12:40:09","D04P1","AC2302","2","SHAM",12940,-100,1950,3340,7750,17,9,24,"Homme",1.21251904569313,1.16095788595616
"7","2018-06-07 12:40:09","D04P2","AC2302","2","SHAM",15720,-50,2100,3670,10000,17,9,24,"Homme",1.80411878823144,1.52792411780175
"8","2018-06-08 12:39:56","D05P1","AC2302","2","SHAM",15370,-350,1200,3270,11250,17,9,24,"Homme",1.72963680625719,0.804565651533604
"9","2018-06-08 12:39:56","D05P2","AC2302","2","SHAM",18790,-350,1400,3240,14500,17,9,24,"Homme",2.45743217297698,0.967586591603767
"10","2018-06-19 12:42:06","D14P1","AC2302","2","SHAM",18855,-985,1400,3690,14750,17,9,24,"Homme",2.47126454105791,0.831658594357418
"11","2018-06-19 12:42:06","D14P2","AC2302","2","SHAM",21610,-950,1750,3560,17250,17,9,24,"Homme",3.05754414202663,0.978993990439345
"12","2021-03-15 16:26:51","D01P1","AF1105","3","STIM-HD",2900,-1320,650,2320,1250,17,1,26,"Homme",-0.92404980865385,-0.757000679543181
"13","2021-03-16 15:53:20","D02P1","AF1105","3","STIM-HD",3855,-555,350,2560,1500,17,1,26,"Homme",-0.720820400695546,-0.480210704566115
"14","2021-03-16 16:04:01","D02P2","AF1105","3","STIM-HD",4755,-1055,400,2160,3250,17,1,26,"Homme",-0.529295304190339,-0.534916213725858
"15","2021-03-17 15:46:00","D03P1","AF1105","3","STIM-HD",4425,-1035,700,2510,2250,17,1,26,"Homme",-0.599521172908915,-0.447275404679363
"16","2021-03-17 15:56:43","D03P2","AF1105","3","STIM-HD",6565,-685,1000,2750,3500,17,1,26,"Homme",-0.144117054552089,-0.0260618880204845
"17","2021-03-18 15:53:32","D04P1","AF1105","3","STIM-HD",3350,-1770,800,1820,2500,17,1,26,"Homme",-0.828287260401246,-0.754225697880562
"18","2021-03-18 16:03:56","D04P2","AF1105","3","STIM-HD",1985,-2585,200,1370,3000,17,1,26,"Homme",-1.11876699010081,-1.14656150709835
"19","2021-03-19 15:42:38","D05P1","AF1105","3","STIM-HD",4640,-820,1750,1210,2500,17,1,26,"Homme",-0.553767955410449,-0.389633979882816
"20","2021-03-19 15:53:21","D05P2","AF1105","3","STIM-HD",4360,-670,350,1930,2750,17,1,26,"Homme",-0.613353540989847,-0.535863981712308
"21","2021-03-30 14:46:23","D14P1","AF1105","3","STIM-HD",4655,-685,1150,1690,2500,17,1,26,"Homme",-0.550575870468695,-0.388615242780826
"22","2021-03-30 14:57:38","D14P2","AF1105","3","STIM-HD",6870,-1070,-50,2490,5500,17,1,26,"Homme",-0.0792113274031016,-0.430806896995493
"23","2019-11-18 19:46:10","D01P1","AL2409","2","SHAM",3715,-825,700,2590,1250,16,6,20,"Homme",-0.750613193485245,-0.51922667659794
"24","2019-11-19 18:00:08","D02P1","AL2409","2","SHAM",6990,-190,2000,2930,2250,16,6,20,"Homme",-0.053674647869074,0.500641455398077
"25","2019-11-19 18:12:51","D02P2","AL2409","2","SHAM",6760,-670,1800,3130,2500,16,6,20,"Homme",-0.102619950309294,0.225537003527827
"26","2019-11-20 17:03:16","D03P1","AL2409","2","SHAM",8230,-150,2150,3730,2500,16,6,20,"Homme",0.210204373982545,0.867433898854792
"27","2019-11-20 17:15:19","D03P2","AL2409","2","SHAM",8550,-350,2800,3350,2750,16,6,20,"Homme",0.278302186073285,0.779076558835677
"28","2019-11-21 15:08:03","D04P1","AL2409","2","SHAM",10090,-100,3200,3740,3250,16,6,20,"Homme",0.606022906759974,1.33143313721911
"29","2019-11-21 15:19:17","D04P2","AL2409","2","SHAM",9970,-150,2700,3920,3500,16,6,20,"Homme",0.580486227225946,1.19075720049492
"30","2019-11-22 18:32:35","D05P1","AL2409","2","SHAM",8960,-400,2150,3710,3500,16,6,20,"Homme",0.365552507814547,0.746562764284441
"31","2019-11-22 18:45:08","D05P2","AL2409","2","SHAM",10090,-300,2750,4140,3500,16,6,20,"Homme",0.606022906759974,1.12246200147275
"32","2019-12-02 19:41:12","D14P1","AL2409","2","SHAM",10200,-350,2900,4150,3500,16,6,20,"Homme",0.629431529666166,1.13151449782705
"33","2019-12-02 19:52:31","D14P2","AL2409","2","SHAM",10570,-400,2650,3820,4500,16,6,20,"Homme",0.708169624896084,1.00939061595978
"34","2019-12-02 07:37:56","D01P1","AR1208","1","STIM-SD",2425,-2955,1200,2430,1750,14,3.5,19,"Femme",-1.02513249847604,-0.749195674547849
"35","2019-12-03 07:12:58","D02P1","AR1208","1","STIM-SD",3100,-1810,1250,1910,1750,14,3.5,19,"Femme",-0.881488676097137,-0.704033258249288
"36","2019-12-03 07:30:03","D02P2","AR1208","1","STIM-SD",2430,-2850,1250,2030,2000,14,3.5,19,"Femme",-1.02406847016212,-0.796548888303173
"37","2019-12-04 07:21:21","D03P1","AR1208","1","STIM-SD",5385,-1585,1750,2970,2250,14,3.5,19,"Femme",-0.395227736636694,-0.132006222017596
"38","2019-12-04 07:34:21","D03P2","AR1208","1","STIM-SD",5380,-1210,1650,2440,2500,14,3.5,19,"Femme",-0.396291764950612,-0.197681507204027
"39","2019-12-05 07:22:49","D04P1","AR1208","1","STIM-SD",6090,-770,2100,2760,2000,14,3.5,19,"Femme",-0.245199744374281,0.0975295503345283
"40","2019-12-05 07:39:47","D04P2","AR1208","1","STIM-SD",6975,-1105,2750,3080,2250,14,3.5,19,"Femme",-0.0568667328108275,0.306286631391445
"41","2019-12-06 07:24:29","D05P1","AR1208","1","STIM-SD",7725,-805,2950,2830,2750,14,3.5,19,"Femme",0.102737514276845,0.444631413997815
"42","2019-12-06 07:34:50","D05P2","AR1208","1","STIM-SD",7115,-1055,2350,2820,3000,14,3.5,19,"Femme",-0.0270739400211285,0.216639058098604
"43","2019-12-18 07:24:10","D14P1","AR1208","1","STIM-SD",8140,-350,2800,2940,2750,14,3.5,19,"Femme",0.191051864332024,0.655832927741553
"44","2019-12-18 07:36:39","D14P2","AR1208","1","STIM-SD",7495,-1355,2350,3000,3500,14,3.5,19,"Femme",0.0537922118366257,0.240905755823023
"45","2018-06-04 17:55:12","D01P1","AS0808","1","STIM-SD",5425,-645,1600,2970,1500,16,6,21,"Homme",-0.386715510125351,-0.0169847064003424
"46","2018-06-05 10:03:20","D02P1","AS0808","1","STIM-SD",6530,-720,1950,3050,2250,16,6,21,"Homme",-0.151565252749513,0.193588078965569
"47","2018-06-05 10:03:20","D02P2","AS0808","1","STIM-SD",6360,-720,1950,2630,2500,16,6,21,"Homme",-0.187742215422719,0.100905338104046
"48","2018-06-06 10:05:54","D03P1","AS0808","1","STIM-SD",7655,-805,2550,2910,3000,16,6,21,"Homme",0.0878411178819959,0.381492444483054
"49","2018-06-06 10:05:54","D03P2","AS0808","1","STIM-SD",8845,-355,2950,3500,2750,16,6,21,"Homme",0.341079856594437,0.863989816559966
"50","2018-06-07 10:05:43","D04P1","AS0808","1","STIM-SD",8525,-135,1700,3710,3250,16,6,21,"Homme",0.272982044503696,0.833080251786072
"51","2018-06-07 10:05:43","D04P2","AS0808","1","STIM-SD",10680,-450,2150,3230,5750,16,6,21,"Homme",0.731578247802276,0.742889615333632
"52","2018-06-08 10:04:00","D05P1","AS0808","1","STIM-SD",10415,-485,2450,3700,4750,16,6,21,"Homme",0.675184747164632,0.884763096074246
"53","2018-06-08 10:04:00","D05P2","AS0808","1","STIM-SD",11830,-570,2550,3600,6250,16,6,21,"Homme",0.976304760003374,0.939696964669295
"54","2018-06-19 10:08:22","D14P1","AS0808","1","STIM-SD",9950,-770,2350,3620,4750,16,6,21,"Homme",0.576230113970275,0.704955174758162
"55","2018-06-19 10:08:22","D14P2","AS0808","1","STIM-SD",10290,-650,1950,3490,5500,16,6,21,"Homme",0.648584039316686,0.649450325872481
"56","2019-12-02 17:12:59","D01P1","BM0103","1","STIM-SD",4690,-680,1600,1770,2000,17,4.5,23,"Homme",-0.543127672271271,-0.296384714861314
"57","2019-12-03 17:55:35","D02P1","BM0103","1","STIM-SD",5460,-590,2150,1650,2250,17,4.5,23,"Homme",-0.379267311927927,-0.0948248296390269
"58","2019-12-03 18:06:43","D02P2","BM0103","1","STIM-SD",6955,-255,2250,2210,2750,17,4.5,23,"Homme",-0.0611228460664987,0.359582819269296
"59","2019-12-04 17:24:06","D03P1","BM0103","1","STIM-SD",9140,-470,3700,2910,3000,17,4.5,23,"Homme",0.403857527115588,0.854447026737264
"60","2019-12-04 17:37:40","D03P2","BM0103","1","STIM-SD",9115,-335,2350,3100,4000,17,4.5,23,"Homme",0.398537385545999,0.70674710927609
"61","2019-12-05 17:23:10","D04P1","BM0103","1","STIM-SD",10470,-450,2850,3320,4750,17,4.5,23,"Homme",0.686889058617728,0.902349542981574
"62","2019-12-05 17:34:59","D04P2","BM0103","1","STIM-SD",11710,-300,3300,3460,5250,17,4.5,23,"Homme",0.950768080469347,1.20753338013806
"63","2019-12-06 16:44:55","D05P1","BM0103","1","STIM-SD",10860,-600,2700,3760,5000,17,4.5,23,"Homme",0.769883267103318,0.936429755439933
"64","2019-12-06 16:56:25","D05P2","BM0103","1","STIM-SD",10960,-650,1300,3310,7000,17,4.5,23,"Homme",0.791163833381674,0.493069084966681
"65","2019-12-17 16:09:52","D14P1","BM0103","1","STIM-SD",13350,-350,2850,3100,7750,17,4.5,23,"Homme",1.29976936743439,1.08111706304016
"66","2019-12-17 16:23:14","D14P2","BM0103","1","STIM-SD",15410,-450,2600,4010,9250,17,4.5,23,"Homme",1.73814903276853,1.29686750019171
"67","2021-03-01 11:40:22","D01P1","BS1410","2","SHAM",-1820,-3400,200,880,500,20,3,29,"Femme",-1.92849253699227,-1.84192764609843
"68","2021-03-02 11:12:52","D02P1","BS1410","2","SHAM",2640,-1260,250,2650,1000,20,3,29,"Femme",-0.979379280977576,-0.831202350349679
"69","2021-03-02 11:23:41","D02P2","BS1410","2","SHAM",950,-2420,200,2420,750,20,3,29,"Femme",-1.3390208510818,-1.20641475587074
"70","2021-03-03 11:16:54","D03P1","BS1410","2","SHAM",2150,-1480,150,2480,1000,20,3,29,"Femme",-1.08365405574152,-0.966705848067103
"71","2021-03-03 11:27:31","D03P2","BS1410","2","SHAM",4525,-185,600,2860,1250,20,3,29,"Femme",-0.578240606630559,-0.0980873383929548
"72","2021-03-04 11:25:12","D04P1","BS1410","2","SHAM",4650,-900,600,3450,1500,20,3,29,"Femme",-0.551639898782613,-0.271094628662205
"73","2021-03-04 11:36:04","D04P2","BS1410","2","SHAM",4335,-935,800,3220,1250,20,3,29,"Femme",-0.618673682559436,-0.338107724246726
"74","2021-03-05 11:14:29","D05P1","BS1410","2","SHAM",4470,-750,850,2620,1750,20,3,29,"Femme",-0.589944918083655,-0.345981750356277
"75","2021-03-05 11:25:27","D05P2","BS1410","2","SHAM",7070,-150,1750,2970,2500,20,3,29,"Femme",-0.0366501948463889,0.520118158646631
"76","2021-03-16 11:01:56","D14P1","BS1410","2","SHAM",5680,-600,1050,3230,2000,20,3,29,"Femme",-0.332450066115542,-0.0034021493835748
"77","2021-03-16 11:12:41","D14P2","BS1410","2","SHAM",5735,-685,1150,3020,2250,20,3,29,"Femme",-0.320745754662446,-0.038355837393491
"78","2019-10-07 08:06:58","D01P1","CA2209","2","SHAM",-1525,-4065,450,1090,1000,16,2,22,"Femme",-1.86571486647112,-1.62127134305062
"79","2019-10-08 07:58:49","D02P1","CA2209","2","SHAM",1005,-2635,450,1940,1250,16,2,22,"Femme",-1.3273165396287,-1.16758398450349
"80","2019-10-08 08:10:17","D02P2","CA2209","2","SHAM",3385,-1005,850,2540,1000,16,2,22,"Femme",-0.820839062203821,-0.602392494834135
"81","2019-10-09 07:59:10","D03P1","CA2209","2","SHAM",4005,-755,700,2560,1500,16,2,22,"Femme",-0.688899551278012,-0.45418209944882
"82","2019-10-09 08:11:32","D03P2","CA2209","2","SHAM",2560,-1230,300,1740,1750,16,2,22,"Femme",-0.996403734000261,-0.918842009249499
"83","2019-10-10 07:58:07","D04P1","CA2209","2","SHAM",4515,-805,600,2470,2250,16,2,22,"Femme",-0.580368663258394,-0.415356592733892
"84","2019-10-10 08:11:48","D04P2","CA2209","2","SHAM",4100,-1210,900,2160,2250,16,2,22,"Femme",-0.668683013313573,-0.53458121403843
"85","2019-10-11 07:52:51","D05P1","CA2209","2","SHAM",5780,-470,500,2750,3000,16,2,22,"Femme",-0.311169499837186,-0.129649784170223
"86","2019-10-11 08:06:42","D05P2","CA2209","2","SHAM",6555,-1095,750,2650,4250,16,2,22,"Femme",-0.146245111179924,-0.205218466533527
"87","2019-10-21 08:04:00","D14P1","CA2209","2","SHAM",7035,-1145,2000,2930,3250,16,2,22,"Femme",-0.0440983930438136,0.148103401982473
"88","2019-10-21 08:15:30","D14P2","CA2209","2","SHAM",4260,-2190,1100,2350,3000,16,2,22,"Femme",-0.634634107268203,-0.531044512566249
"89","2020-01-13 07:35:18","D01P1","CB1706","1","STIM-SD",6440,-740,1250,2680,3250,15,4,19,"Homme",-0.170717762400034,-0.0170046620139227
"90","2020-01-14 07:18:40","D02P1","CB1706","1","STIM-SD",7945,-635,2100,2730,3750,15,4,19,"Homme",0.149554760089229,0.338047876092946
"91","2020-01-14 07:31:04","D02P2","CB1706","1","STIM-SD",9605,-385,2300,3440,4250,15,4,19,"Homme",0.502812160309945,0.781845394712408
"92","2020-01-15 07:14:13","D03P1","CB1706","1","STIM-SD",9070,-50,1550,3320,4250,15,4,19,"Homme",0.388961130720739,0.93529636385877
"93","2020-01-15 07:28:50","D03P2","CB1706","1","STIM-SD",9260,-450,2300,3160,4250,15,4,19,"Homme",0.429394206649616,0.657755483336058
"94","2020-01-16 07:18:52","D04P1","CB1706","1","STIM-SD",10020,-300,1450,3620,5250,15,4,19,"Homme",0.591126510365124,0.722692536197964
"95","2020-01-16 07:33:11","D04P2","CB1706","1","STIM-SD",10295,-485,1050,3730,6000,15,4,19,"Homme",0.649648067630604,0.566500791021422
"96","2020-01-17 12:04:18","D05P1","CB1706","1","STIM-SD",11195,-485,1950,3730,6000,15,4,19,"Homme",0.841173164135811,0.833768891326094
"97","2020-01-17 12:15:40","D05P2","CB1706","1","STIM-SD",10225,-835,1550,2760,6750,15,4,19,"Homme",0.634751671235755,0.317874644366285
"98","2020-01-28 07:18:05","D14P1","CB1706","1","STIM-SD",12170,-350,1600,3920,7000,15,4,19,"Homme",1.04865868534979,0.930202997397632
"99","2020-01-28 07:31:45","D14P2","CB1706","1","STIM-SD",13280,-100,1650,3730,8000,15,4,19,"Homme",1.28487297103954,1.20489516983411
"100","2019-11-18 19:03:23","D01P1","CB2708","1","STIM-SD",760,-2250,1100,660,1250,14,5.5,19,"Homme",-1.37945392701068,-1.2424267185532
"101","2019-11-19 19:08:39","D02P1","CB2708","1","STIM-SD",1570,-3270,1450,1140,2250,14,5.5,19,"Homme",-1.20708134015599,-0.995778208550138
"102","2019-11-19 19:21:40","D02P2","CB2708","1","STIM-SD",3315,-2245,1550,1260,2750,14,5.5,19,"Homme",-0.835735458598671,-0.733059460204276
"103","2019-11-20 13:33:08","D03P1","CB2708","1","STIM-SD",4855,-1705,2100,1960,2500,14,5.5,19,"Homme",-0.508014737911982,-0.31508887358535
"104","2019-11-20 13:49:53","D03P2","CB2708","1","STIM-SD",3780,-2780,1750,1560,3250,14,5.5,19,"Homme",-0.736780825404314,-0.620233941355045
"105","2019-11-21 18:36:08","D04P1","CB2708","1","STIM-SD",6180,-980,2350,1810,3000,14,5.5,19,"Homme",-0.226047234723761,-0.0503405078305581
"106","2019-11-21 18:52:31","D04P2","CB2708","1","STIM-SD",5935,-1435,2000,1870,3500,14,5.5,19,"Homme",-0.278184622105734,-0.205461277142025
"107","2019-11-22 19:01:21","D05P1","CB2708","1","STIM-SD",7280,-1300,2350,2480,3750,14,5.5,19,"Homme",0.00803899433815947,0.124047049733213
"108","2019-11-22 19:11:47","D05P2","CB2708","1","STIM-SD",7920,-1120,1200,2840,5000,14,5.5,19,"Homme",0.14423461851964,0.0378689701039487
"109","2019-12-03 18:34:45","D14P1","CB2708","1","STIM-SD",7855,-1175,1950,2330,4750,14,5.5,19,"Homme",0.130402250438709,0.0779000999267317
"110","2019-12-03 18:47:01","D14P2","CB2708","1","STIM-SD",8375,-1585,1950,2510,5500,14,5.5,19,"Homme",0.241061195086162,0.0853213799202967
"111","2021-03-22 17:20:04","D01P1","CD1003","3","STIM-HD",2110,-2180,700,1590,2000,17,6,24,"Homme",-1.09216628225286,-0.987234883678914
"112","2021-03-23 14:01:31","D02P1","CD1003","3","STIM-HD",4525,-1135,850,2060,2750,17,6,24,"Homme",-0.578240606630559,-0.497257203355226
"113","2021-03-23 14:12:13","D02P2","CD1003","3","STIM-HD",6270,-1320,1150,2190,4250,17,6,24,"Homme",-0.20689472507324,-0.274784531332966
"114","2021-03-24 12:45:57","D03P1","CD1003","3","STIM-HD",5090,-1310,900,2250,3250,17,6,24,"Homme",-0.458005407157845,-0.420518746832928
"115","2021-03-24 12:57:09","D03P2","CD1003","3","STIM-HD",6950,-1400,950,1900,5500,17,6,24,"Homme",-0.0621868743804166,-0.345024731564604
"116","2021-03-25 13:01:00","D04P1","CD1003","3","STIM-HD",8720,-1230,1000,2700,6250,17,6,24,"Homme",0.314479148746491,-0.0117865408743372
"117","2021-03-25 13:11:27","D04P2","CD1003","3","STIM-HD",9940,-1360,1200,2350,7750,17,6,24,"Homme",0.574102057342439,-0.00249774748087719
"118","2021-03-26 12:35:21","D05P1","CD1003","3","STIM-HD",11180,-1050,1300,2430,8500,17,6,24,"Homme",0.837981079194058,0.168923974491271
"119","2021-03-26 12:45:48","D05P2","CD1003","3","STIM-HD",10930,-1290,1300,1670,9250,17,6,24,"Homme",0.784779663498167,-0.0750893440416457
"120","2021-04-07 11:29:00","D14P1","CD1003","3","STIM-HD",12680,-490,1300,2370,9500,17,6,24,"Homme",1.1571895733694,0.412759981678013
"121","2021-04-07 11:39:42","D14P2","CD1003","3","STIM-HD",13770,-850,1450,2670,10500,17,6,24,"Homme",1.38914774580349,0.434076133844976
"122","2020-02-10 14:47:35","D01P1","CH0205","2","SHAM",-2465,-4715,550,700,1000,17,1.5,23,"Femme",-2.06575218948767,-1.74766617086359
"123","2020-02-11 11:37:28","D02P1","CH0205","2","SHAM",1155,-2125,150,1880,1250,17,1.5,23,"Femme",-1.29539569021117,-1.20489751312623
"124","2020-02-11 11:47:59","D02P2","CH0205","2","SHAM",1655,-1975,500,1380,1750,17,1.5,23,"Femme",-1.18899285881939,-1.10940579224838
"125","2020-02-12 14:07:12","D03P1","CH0205","2","SHAM",4245,-1305,950,2600,2000,17,1.5,23,"Femme",-0.637826192209956,-0.451066930798734
"126","2020-02-12 14:17:38","D03P2","CH0205","2","SHAM",2770,-1490,700,2310,1250,17,1.5,23,"Femme",-0.951714544815713,-0.78376288269202
"127","2020-02-13 13:49:59","D04P1","CH0205","2","SHAM",4525,-1225,900,3100,1750,17,1.5,23,"Femme",-0.578240606630559,-0.336076824017797
"128","2020-02-13 14:00:27","D04P2","CH0205","2","SHAM",4530,-1320,750,2850,2250,17,1.5,23,"Femme",-0.577176578316641,-0.408318851444615
"129","2020-02-14 15:45:51","D05P1","CH0205","2","SHAM",6115,-995,1500,3360,2250,17,1.5,23,"Femme",-0.239879602804692,0.0599291196822192
"130","2020-02-14 15:56:09","D05P2","CH0205","2","SHAM",6305,-775,1900,3180,2000,17,1.5,23,"Femme",-0.199446526875815,0.162571703596246
"131","2020-02-25 11:31:34","D14P1","CH0205","2","SHAM",5385,-1055,1600,3340,1500,17,1.5,23,"Femme",-0.395227736636694,-0.0491394873852302
"132","2020-02-25 11:42:12","D14P2","CH0205","2","SHAM",5840,-670,2000,2760,1750,17,1.5,23,"Femme",-0.298401160070172,0.069880106502253
"133","2019-11-18 20:35:17","D01P1","CJ1906","1","STIM-SD",3060,-1240,500,2050,1750,16,2.5,21,"Homme",-0.890000902608479,-0.770544533586423
"134","2019-11-19 18:38:37","D02P1","CJ1906","1","STIM-SD",4280,-820,300,2300,2500,16,2.5,21,"Homme",-0.630377994012532,-0.534365276352587
"135","2019-11-19 18:50:14","D02P2","CJ1906","1","STIM-SD",5765,-735,550,1950,4000,16,2.5,21,"Homme",-0.31436158477894,-0.370734109105595
"136","2019-11-20 18:45:54","D03P1","CJ1906","1","STIM-SD",8330,-600,1150,2780,5000,16,2.5,21,"Homme",0.231484940260901,0.186819661547948
"137","2019-11-20 18:56:44","D03P2","CJ1906","1","STIM-SD",10225,-435,650,3010,7000,16,2.5,21,"Homme",0.634751671235755,0.310951334153137
"138","2019-11-21 17:09:16","D04P1","CJ1906","1","STIM-SD",11910,-1050,900,2810,9250,16,2.5,21,"Homme",0.993329213026059,0.193281353101936
"139","2019-11-21 17:24:40","D04P2","CJ1906","1","STIM-SD",10920,-750,850,2820,8000,16,2.5,21,"Homme",0.782651606870331,0.221869525211499
"140","2019-11-22 17:38:32","D05P1","CJ1906","1","STIM-SD",12590,-2250,700,3140,11000,16,2.5,21,"Homme",1.13803706371888,0.0487287468928925
"141","2019-11-22 17:49:57","D05P2","CJ1906","1","STIM-SD",11650,-2100,900,2850,10000,16,2.5,21,"Homme",0.937999740702333,0.00840658180523296
"142","2019-12-03 17:12:09","D14P1","CJ1906","1","STIM-SD",12860,-1600,1050,2910,10500,16,2.5,21,"Homme",1.19549459267044,0.186322875215802
"143","2019-12-03 17:23:19","D14P2","CJ1906","1","STIM-SD",11410,-1850,1150,2860,9250,16,2.5,21,"Homme",0.886926381634278,0.0995192950795067
"144","2019-11-18 12:30:51","D01P1","CO1106","2","SHAM",1860,-750,100,1510,1000,16,2,22,"Homme",-1.14536769794876,-1.04698166289392
"145","2019-11-19 12:13:30","D02P1","CO1106","2","SHAM",1325,-785,0,1110,1000,16,2,22,"Homme",-1.25921872753796,-1.20278055222738
"146","2019-11-19 12:24:01","D02P2","CO1106","2","SHAM",2915,-1035,0,2450,1500,16,2,22,"Homme",-0.920857723712096,-0.812269201752403
"147","2019-11-20 12:04:39","D03P1","CO1106","2","SHAM",4840,-370,100,2860,2250,16,2,22,"Homme",-0.511206822853736,-0.257368498902179
"148","2019-11-20 12:19:50","D03P2","CO1106","2","SHAM",5950,-150,0,3350,2750,16,2,22,"Homme",-0.27499253716398,0.114568612602827
"149","2019-11-21 14:08:47","D04P1","CO1106","2","SHAM",6280,-350,400,3480,2750,16,2,22,"Homme",-0.204766668445404,0.103942868299032
"150","2019-11-21 14:22:19","D04P2","CO1106","2","SHAM",5350,-750,300,2550,3250,16,2,22,"Homme",-0.402675934834119,-0.354285639447518
"151","2019-11-22 11:36:19","D05P1","CO1106","2","SHAM",7540,-450,700,3290,4000,16,2,22,"Homme",0.063368466661886,0.199986393791489
"152","2019-11-22 11:47:57","D05P2","CO1106","2","SHAM",8370,-400,750,3520,4500,16,2,22,"Homme",0.239997166772244,0.355707562728758
"153","2019-12-02 12:34:03","D14P1","CO1106","2","SHAM",9110,-150,500,3760,5000,16,2,22,"Homme",0.397473357232081,0.609030337833983
"154","2019-12-02 12:46:54","D14P2","CO1106","2","SHAM",9470,-700,900,3520,5750,16,2,22,"Homme",0.474083395834164,0.341184196237328
"155","2019-09-23 10:31:27","D01P1","CP1809","2","SHAM",235,-2845,1200,630,1250,17,1,23,"Femme",-1.49117689997205,-1.30604332901316
"156","2019-09-24 10:34:33","D02P1","CP1809","2","SHAM",2510,-1750,1800,1210,1250,17,1,23,"Femme",-1.00704401713944,-0.808840049115392
"157","2019-09-24 10:45:31","D02P2","CP1809","2","SHAM",1805,-2905,1500,1710,1500,17,1,23,"Femme",-1.15707200940185,-0.898357544710491
"158","2019-09-25 10:17:04","D03P1","CP1809","2","SHAM",2795,-2465,1350,2410,1500,17,1,23,"Femme",-0.946394403246124,-0.684443533577596
"159","2019-09-25 10:27:33","D03P2","CP1809","2","SHAM",4235,-1145,1600,1780,2000,17,1,23,"Femme",-0.639954248837792,-0.447717060849017
"160","2019-09-26 10:02:18","D04P1","CP1809","2","SHAM",5830,-1510,1400,2940,3000,17,1,23,"Femme",-0.300529216698008,-0.140158466577738
"161","2019-09-26 10:13:57","D04P2","CP1809","2","SHAM",5520,-1440,1950,2760,2250,17,1,23,"Femme",-0.366498972160913,-0.103918854661328
"162","2019-09-27 09:51:48","D05P1","CP1809","2","SHAM",6595,-695,1500,3290,2500,17,1,23,"Femme",-0.137732884668582,0.175073118504763
"163","2019-09-27 10:21:38","D05P2","CP1809","2","SHAM",8095,-575,3000,2920,2750,17,1,23,"Femme",0.181475609506764,0.579637194410549
"164","2019-10-09 17:07:23","D14P1","CP1809","2","SHAM",7360,-1390,2500,2750,3500,17,1,23,"Femme",0.0250634473608446,0.201645400309155
"165","2019-10-09 17:17:49","D14P2","CP1809","2","SHAM",7155,-985,1750,2390,4000,17,1,23,"Femme",-0.018561713509786,0.031679598480688
"166","2021-05-03 17:30:57","D01P1","CP2301","3","STIM-HD",2740,-3060,1650,1150,3000,14,8,22,"Homme",-0.95809871469922,-0.820119113729023
"167","2021-05-04 15:19:23","D02P1","CP2301","3","STIM-HD",5885,-995,1900,1730,3250,14,8,22,"Homme",-0.288824905244912,-0.181938653283986
"168","2021-05-04 15:30:42","D02P2","CP2301","3","STIM-HD",5935,-1295,1200,1280,4750,14,8,22,"Homme",-0.278184622105734,-0.464340735023073
"169","2021-05-05 17:14:18","D03P1","CP2301","3","STIM-HD",5865,-1585,1650,1050,4750,14,8,22,"Homme",-0.293081018500583,-0.455968043083654
"170","2021-05-05 17:24:56","D03P2","CP2301","3","STIM-HD",9290,-1340,2250,880,7500,14,8,22,"Homme",0.435778376533123,-0.0987898438681399
"171","2021-05-06 17:17:37","D04P1","CP2301","3","STIM-HD",10645,-1385,2050,1980,8000,14,8,22,"Homme",0.724130049604851,0.150160870423077
"172","2021-05-06 17:28:18","D04P2","CP2301","3","STIM-HD",12575,-805,2000,2380,9000,14,8,22,"Homme",1.13484497877713,0.463383960303112
"173","2021-05-07 17:14:10","D05P1","CP2301","3","STIM-HD",14445,-1285,2100,2880,10750,14,8,22,"Homme",1.53279156818239,0.570144647255952
"174","2021-05-07 17:25:03","D05P2","CP2301","3","STIM-HD",15340,-1050,1900,2740,11750,14,8,22,"Homme",1.72325263637368,0.571998031536907
"175","2021-05-18 17:16:59","D14P1","CP2301","3","STIM-HD",16020,-1250,1650,3370,12250,14,8,22,"Homme",1.86796048706651,0.650824840755076
"176","2021-05-18 17:27:38","D14P2","CP2301","3","STIM-HD",17450,-1600,2250,3050,13750,14,8,22,"Homme",2.172272584847,0.699997350624825
"177","2020-02-03 18:38:26","D01P1","CR2709","2","SHAM",4530,-600,700,1930,2500,17,3,24,"Femme",-0.577176578316641,-0.423516296612244
"178","2020-02-04 17:53:15","D02P1","CR2709","2","SHAM",4205,-1405,1250,2360,2000,17,3,24,"Femme",-0.646338418721299,-0.453735865050426
"179","2020-02-04 18:08:24","D02P2","CR2709","2","SHAM",6590,-700,1750,3040,2500,17,3,24,"Femme",-0.138796912982499,0.171619625580249
"180","2020-02-05 17:50:01","D03P1","CR2709","2","SHAM",5570,-450,1150,2620,2250,17,3,24,"Femme",-0.355858689021734,-0.0440284843171896
"181","2020-02-05 18:05:34","D03P2","CR2709","2","SHAM",6565,-485,2000,3050,2000,17,3,24,"Femme",-0.144117054552089,0.280989137414534
"182","2020-02-06 17:44:49","D04P1","CR2709","2","SHAM",7075,-685,1850,3160,2750,17,3,24,"Femme",-0.0355861665324711,0.272280296413981
"183","2020-02-06 18:05:59","D04P2","CR2709","2","SHAM",7465,-335,2400,2900,2500,17,3,24,"Femme",0.0474080419531188,0.51071170042322
"184","2020-02-07 17:49:04","D05P1","CR2709","2","SHAM",8920,-100,3050,2970,3000,17,3,24,"Femme",0.357040281303204,1.02968868717145
"185","2020-02-07 18:01:29","D05P2","CR2709","2","SHAM",10240,-150,4050,3090,3250,17,3,24,"Femme",0.637943756177508,1.2933743283023
"186","2020-02-18 17:47:56","D14P1","CR2709","2","SHAM",9855,-35,3100,3790,3000,17,3,24,"Femme",0.556013576005836,1.46638806663402
"187","2020-02-18 18:00:40","D14P2","CR2709","2","SHAM",10440,-350,3900,3640,3250,17,3,24,"Femme",0.680504888734221,1.23054252961776
"188","2021-03-22 18:27:11","D01P1","EA0703","3","STIM-HD",1365,-1665,400,880,1750,16,2,23,"Homme",-1.25070650102662,-1.21107651508199
"189","2021-03-23 17:46:50","D02P1","EA0703","3","STIM-HD",3480,-300,350,1930,1500,16,2,23,"Homme",-0.800622524239383,-0.505607459594597
"190","2021-03-23 17:57:23","D02P2","EA0703","3","STIM-HD",2760,-1040,600,1700,1500,16,2,23,"Homme",-0.953842601443548,-0.823621904515064
"191","2021-03-24 17:17:45","D03P1","EA0703","3","STIM-HD",5150,-720,1550,2070,2250,16,2,23,"Homme",-0.445237067390831,-0.20918438759036
"192","2021-03-24 17:28:19","D03P2","EA0703","3","STIM-HD",6395,-235,1350,3030,2250,16,2,23,"Homme",-0.180294017225294,0.292600993177456
"193","2021-03-25 17:25:15","D04P1","EA0703","3","STIM-HD",5740,-400,700,2690,2750,16,2,23,"Homme",-0.319681726348529,-0.070651063405422
"194","2021-03-25 17:35:54","D04P2","EA0703","3","STIM-HD",5820,-800,1200,2670,2750,16,2,23,"Homme",-0.302657273325844,-0.110215123355176
"195","2021-03-26 17:14:03","D05P1","EA0703","3","STIM-HD",9220,-100,2750,3320,3250,16,2,23,"Homme",0.420881980138273,1.07517539552865
"196","2021-03-26 17:24:26","D05P2","EA0703","3","STIM-HD",8030,-350,2200,2930,3250,16,2,23,"Homme",0.167643241425832,0.533451007360122
"197","2021-04-06 16:24:45","D14P1","EA0703","3","STIM-HD",8850,-150,2550,2700,3750,16,2,23,"Homme",0.342143884908355,0.801289098852663
"198","2021-04-06 16:35:21","D14P2","EA0703","3","STIM-HD",10860,-400,3050,3460,4750,16,2,23,"Homme",0.769883267103318,1.03152160414348
"199","2019-10-07 20:16:30","D01P1","EB2307","1","STIM-SD",-425,-1795,400,-280,1250,17,1.5,22,"Homme",-1.6316286374092,-1.5285154269408
"200","2019-10-08 19:33:49","D02P1","EB2307","1","STIM-SD",555,-1195,650,-650,1750,17,1.5,22,"Homme",-1.42307908788131,-1.23739260543473
"201","2019-10-08 19:49:56","D02P2","EB2307","1","STIM-SD",1450,-1340,550,-260,2500,17,1.5,22,"Homme",-1.23261801969002,-1.18790248362605
"202","2019-10-09 19:35:37","D03P1","EB2307","1","STIM-SD",1450,-1410,650,210,2000,17,1.5,22,"Homme",-1.23261801969002,-1.19124071583004
"203","2019-10-09 19:47:45","D03P2","EB2307","1","STIM-SD",3955,-875,1750,1080,2000,17,1.5,22,"Homme",-0.69953983441719,-0.508198892252697
"204","2019-10-10 18:44:51","D04P1","EB2307","1","STIM-SD",5700,-700,2000,2400,2000,17,1.5,22,"Homme",-0.328193952859871,-0.00944292026022865
"205","2019-10-10 18:55:18","D04P2","EB2307","1","STIM-SD",5155,-485,1550,1590,2500,17,1.5,22,"Homme",-0.444173039076913,-0.203096266916439
"206","2019-10-11 15:41:13","D05P1","EB2307","1","STIM-SD",4770,-1320,1450,1890,2750,17,1.5,22,"Homme",-0.526103219248585,-0.411500814304862
"207","2019-10-11 15:53:04","D05P2","EB2307","1","STIM-SD",3660,-1020,600,1330,2750,17,1.5,22,"Homme",-0.762317504938341,-0.741533648836064
"208","2019-10-21 19:19:29","D14P1","EB2307","1","STIM-SD",6010,-470,1650,2330,2500,17,1.5,22,"Homme",-0.262224197396966,0.0413915314079745
"209","2019-10-21 19:32:24","D14P2","EB2307","1","STIM-SD",3520,-970,750,1490,2250,17,1.5,22,"Homme",-0.79211029772804,-0.697777521911855
"221","2019-09-30 16:23:07","D01P1","EC2802","1","STIM-SD",-610,-3190,550,1030,1000,17,2.5,22,"Homme",-1.67099768502416,-1.50818059603861
"222","2019-10-01 16:12:57","D02P1","EC2802","1","STIM-SD",-380,-2490,300,810,1000,17,2.5,22,"Homme",-1.62205238258394,-1.54980147362393
"223","2019-10-01 16:23:41","D02P2","EC2802","1","STIM-SD",3085,-825,1150,1760,1000,17,2.5,22,"Homme",-0.88468076103889,-0.67338946232469
"224","2019-10-02 16:19:54","D03P1","EC2802","1","STIM-SD",3760,-1160,1650,2270,1000,17,2.5,22,"Homme",-0.741036938659985,-0.484142530465704
"225","2019-10-02 16:30:36","D03P2","EC2802","1","STIM-SD",4360,-1570,2000,2680,1250,17,2.5,22,"Homme",-0.613353540989847,-0.304408885030472
"226","2019-10-03 16:21:10","D04P1","EC2802","1","STIM-SD",4425,-1845,2450,2570,1250,17,2.5,22,"Homme",-0.599521172908915,-0.261246068654017
"227","2019-10-03 16:32:40","D04P2","EC2802","1","STIM-SD",4645,-1875,2550,2470,1500,17,2.5,22,"Homme",-0.552703927096531,-0.218984899321118
"228","2019-10-04 15:10:18","D05P1","EC2802","1","STIM-SD",5480,-930,3000,2160,1250,17,2.5,22,"Homme",-0.375011198672255,-0.00181343777706256
"229","2019-10-04 15:20:41","D05P2","EC2802","1","STIM-SD",4695,-1655,2600,2500,1250,17,2.5,22,"Homme",-0.542063643957353,-0.201440715748299
"230","2019-10-15 17:11:54","D14P1","EC2802","1","STIM-SD",7160,-520,3300,2880,1500,17,2.5,22,"Homme",-0.0174976851958682,0.503847549024942
"231","2019-10-15 17:26:03","D14P2","EC2802","1","STIM-SD",6375,-1155,2450,3080,2000,17,2.5,22,"Homme",-0.184550130480966,0.17214975353535
"232","2021-03-15 10:08:22","D01P1","EJ0511","3","STIM-HD",3720,-1470,750,2190,2250,20,7,28,"Femme",-0.749549165171327,-0.635103590913825
"233","2021-03-16 09:11:28","D02P1","EJ0511","3","STIM-HD",5830,-540,850,3020,2500,20,7,28,"Femme",-0.300529216698008,-0.0331493213297038
"234","2021-03-16 09:23:03","D02P2","EJ0511","3","STIM-HD",5960,-300,700,2560,3000,20,7,28,"Femme",-0.272864480536145,-0.0116947063605397
"235","2021-03-17 09:39:51","D03P1","EJ0511","3","STIM-HD",6960,-400,1000,3110,3250,20,7,28,"Femme",-0.0600588177525809,0.199242745445085
"236","2021-03-17 09:51:51","D03P2","EJ0511","3","STIM-HD",6435,-935,1250,3120,3000,20,7,28,"Femme",-0.171781790713952,0.0197607770708363
"237","2021-03-18 09:48:28","D04P1","EJ0511","3","STIM-HD",7280,-400,1150,3280,3250,20,7,28,"Femme",0.00803899433815947,0.295933089728246
"238","2021-03-18 10:00:05","D04P2","EJ0511","3","STIM-HD",8320,-900,1750,2970,4500,20,7,28,"Femme",0.229356883633066,0.269234998096387
"239","2021-03-19 10:08:20","D05P1","EJ0511","3","STIM-HD",9080,-100,1300,3130,4750,20,7,28,"Femme",0.391089187348574,0.723193742836003
"240","2021-03-19 10:19:13","D05P2","EJ0511","3","STIM-HD",10800,-150,1800,3900,5250,20,7,28,"Femme",0.757114927336304,1.06376130597468
"241","2021-03-30 09:15:26","D14P1","EJ0511","3","STIM-HD",9980,-450,1350,3330,5750,20,7,28,"Femme",0.582614283853781,0.538019026496046
"242","2021-03-30 09:26:29","D14P2","EJ0511","3","STIM-HD",12260,-150,2250,3910,6250,20,7,28,"Femme",1.06781119500031,1.26192441113474
"243","2021-04-26 17:10:24","D01P1","EV1810","3","STIM-HD",4915,-1135,1800,2500,1750,17,7,23,"Femme",-0.495246398144969,-0.220095537828964
"244","2021-04-27 16:49:49","D02P1","EV1810","3","STIM-HD",7845,-835,3200,3480,2000,17,7,23,"Femme",0.128274193810873,0.604944261884922
"245","2021-04-27 17:00:30","D02P2","EV1810","3","STIM-HD",6920,-860,2700,3080,2000,17,7,23,"Femme",-0.0685710442639235,0.333252077180841
"246","2021-04-28 16:40:42","D03P1","EV1810","3","STIM-HD",6070,-1260,2050,3030,2250,17,7,23,"Femme",-0.249455857629953,0.0485223158887432
"247","2021-04-28 16:51:29","D03P2","EV1810","3","STIM-HD",7740,-890,2550,3330,2750,17,7,23,"Femme",0.105929599218599,0.45089587708016
"248","2021-04-29 16:46:42","D04P1","EV1810","3","STIM-HD",9310,-470,2600,3680,3500,17,7,23,"Femme",0.440034489788794,0.825964683029598
"249","2021-04-29 16:57:17","D04P2","EV1810","3","STIM-HD",9505,-555,2600,3460,4000,17,7,23,"Femme",0.481531594031589,0.759293424138538
"250","2021-04-30 16:31:48","D05P1","EV1810","3","STIM-HD",10160,-400,2400,3660,4500,17,7,23,"Femme",0.620919303154823,0.888275288624304
"251","2021-04-30 16:42:18","D05P2","EV1810","3","STIM-HD",9175,-1375,2100,3450,5000,17,7,23,"Femme",0.411305725313013,0.421615308064252
"252","2021-05-10 17:24:00","D14P1","EV1810","3","STIM-HD",12735,-985,1900,3320,8500,17,7,23,"Femme",1.1688938848225,0.629488859968219
"253","2021-05-10 17:34:54","D14P2","EV1810","3","STIM-HD",16540,-1600,2900,3240,12000,17,7,23,"Femme",1.97861943171396,0.883134211108927
"254","2021-04-26 16:17:09","D01P1","GC0511","3","STIM-HD",2160,-1460,400,1220,2000,17,9,26,"Homme",-1.08152599911369,-1.04292956175664
"255","2021-04-27 15:34:10","D02P1","GC0511","3","STIM-HD",1250,-1810,650,410,2000,17,9,26,"Homme",-1.27517915224673,-1.232852038518
"256","2021-04-27 15:47:21","D02P2","GC0511","3","STIM-HD",4725,-1055,1700,1330,2750,17,9,26,"Homme",-0.535679474073846,-0.41898945186793
"257","2021-04-28 15:39:46","D03P1","GC0511","3","STIM-HD",3140,-1640,300,1480,3000,17,9,26,"Homme",-0.872976449585794,-0.92294056903776
"258","2021-04-28 15:51:52","D03P2","GC0511","3","STIM-HD",5750,-670,1250,1920,3250,17,9,26,"Homme",-0.317553669720693,-0.206686933472319
"259","2021-04-29 15:46:52","D04P1","GC0511","3","STIM-HD",6435,-735,1400,1770,4000,17,9,26,"Homme",-0.171781790713952,-0.160850464592479
"260","2021-04-29 15:58:16","D04P2","GC0511","3","STIM-HD",7315,-835,1500,1900,4750,17,9,26,"Homme",0.0154871925355842,-0.0725703803182172
"261","2021-04-30 15:41:14","D05P1","GC0511","3","STIM-HD",8370,-520,1600,2290,5000,17,9,26,"Homme",0.239997166772244,0.216978547655226
"262","2021-04-30 15:52:52","D05P2","GC0511","3","STIM-HD",9210,-420,1600,2530,5500,17,9,26,"Homme",0.418753923510437,0.37572538388572
"263","2021-05-11 15:37:47","D14P1","GC0511","3","STIM-HD",9645,-555,1850,2850,5500,17,9,26,"Homme",0.511324386821288,0.470679815170315
"264","2021-05-11 15:49:25","D14P2","GC0511","3","STIM-HD",11075,-605,1700,2480,7500,17,9,26,"Homme",0.815636484601784,0.411975477586874
"265","2018-06-04 16:55:42","D01P1","GF0912","1","STIM-SD",1965,-995,650,810,1500,16,3,22,"Homme",-1.12302310335648,-1.02632969934156
"266","2018-06-05 11:33:46","D02P1","GF0912","1","STIM-SD",2965,-1155,1050,1320,1750,16,3,22,"Homme",-0.910217440572918,-0.776973065529245
"267","2018-06-05 11:33:46","D02P2","GF0912","1","STIM-SD",3980,-1580,1600,1710,2250,16,3,22,"Homme",-0.694219692847601,-0.536612063375692
"268","2018-06-06 11:35:40","D03P1","GF0912","1","STIM-SD",8325,-185,2750,2760,3000,16,3,22,"Homme",0.230420911946984,0.760216067063395
"269","2018-06-06 11:35:40","D03P2","GF0912","1","STIM-SD",6335,-935,1750,2020,3500,16,3,22,"Homme",-0.193062356992308,-0.102486788128027
"270","2018-06-07 11:29:16","D04P1","GF0912","1","STIM-SD",5915,-705,1450,2670,2500,16,3,22,"Homme",-0.282440735361405,-0.0286092729081725
"271","2018-06-07 11:29:16","D04P2","GF0912","1","STIM-SD",6360,-750,1150,2210,3750,16,3,22,"Homme",-0.187742215422719,-0.139925480631281
"272","2018-06-08 11:34:04","D05P1","GF0912","1","STIM-SD",8575,-255,1800,3030,4000,16,3,22,"Homme",0.283622327642874,0.589699460755637
"273","2018-06-08 11:34:04","D05P2","GF0912","1","STIM-SD",8550,-270,1200,2870,4750,16,3,22,"Homme",0.278302186073285,0.410271441272481
"274","2018-06-19 11:28:07","D14P1","GF0912","1","STIM-SD",8200,-840,1850,3190,4000,16,3,22,"Homme",0.203820204099038,0.344404306358199
"275","2018-06-19 11:28:07","D14P2","GF0912","1","STIM-SD",8605,-805,1650,3010,4750,16,3,22,"Homme",0.290006497526381,0.30337715233557
"276","2020-02-10 11:16:05","D01P1","GF1410","1","STIM-SD",2380,-1070,1900,300,1250,15,2.5,32,"Homme",-1.0347087533013,-0.837991921098588
"277","2020-02-11 14:13:49","D02P1","GF1410","1","STIM-SD",1325,-1665,700,790,1500,15,2.5,32,"Homme",-1.25921872753796,-1.18053738971241
"278","2020-02-11 14:24:35","D02P2","GF1410","1","STIM-SD",3125,-805,550,1130,2250,15,2.5,32,"Homme",-0.876168534527548,-0.799900164622053
"279","2020-02-12 10:56:51","D03P1","GF1410","1","STIM-SD",3510,-820,900,1430,2000,15,2.5,32,"Homme",-0.794238354355876,-0.652250591667587
"280","2020-02-12 11:07:30","D03P2","GF1410","1","STIM-SD",2815,-735,1400,150,2000,15,2.5,32,"Homme",-0.942138289990452,-0.775892045825709
"281","2020-02-13 14:17:53","D04P1","GF1410","1","STIM-SD",3090,-820,950,1210,1750,15,2.5,32,"Homme",-0.883616732724972,-0.73279725279859
"282","2020-02-13 14:34:03","D04P2","GF1410","1","STIM-SD",3965,-855,1150,670,3000,15,2.5,32,"Homme",-0.697411777789354,-0.658517177349839
"283","2020-02-14 10:34:36","D05P1","GF1410","1","STIM-SD",3925,-735,900,1510,2250,15,2.5,32,"Homme",-0.705924004300697,-0.564919431909522
"284","2020-02-14 10:44:56","D05P2","GF1410","1","STIM-SD",5010,-450,850,2360,2250,15,2.5,32,"Homme",-0.47502986018053,-0.210812058223095
"285","2020-02-25 10:26:37","D14P1","GF1410","1","STIM-SD",4400,-770,700,1470,3000,15,2.5,32,"Homme",-0.604841314478504,-0.562564381939932
"286","2020-02-25 10:39:29","D14P2","GF1410","1","STIM-SD",6060,-150,1150,2060,3000,15,2.5,32,"Homme",-0.251583914257788,0.134005919651476
"287","2018-06-04 14:20:55","D01P1","GM2504","1","STIM-SD",820,-590,850,560,0,15,6,21,"Homme",-1.36668558724366,-1.82973564999496
"288","2018-06-05 14:03:50","D02P1","GM2504","1","STIM-SD",1525,-735,1550,710,0,15,6,21,"Homme",-1.21665759498125,-1.64460548250119
"289","2018-06-05 14:03:50","D02P2","GM2504","1","STIM-SD",1865,-985,1400,700,750,15,6,21,"Homme",-1.14430366963484,-0.99442891536095
"290","2018-06-06 14:03:40","D03P1","GM2504","1","STIM-SD",2645,-505,450,450,2250,15,6,21,"Homme",-0.978315252663658,-0.867905207645239
"291","2018-06-06 14:03:40","D03P2","GM2504","1","STIM-SD",3965,-735,350,1100,3250,15,6,21,"Homme",-0.697411777789354,-0.731868959003912
"292","2018-06-07 13:59:39","D04P1","GM2504","1","STIM-SD",4880,-900,450,1580,3750,15,6,21,"Homme",-0.502694596342393,-0.58489600434086
"293","2018-06-07 13:59:39","D04P2","GM2504","1","STIM-SD",5550,-1120,200,2220,4250,15,6,21,"Homme",-0.360114802277406,-0.512916054133334
"294","2018-06-08 14:03:08","D05P1","GM2504","1","STIM-SD",9385,-685,900,2920,6250,15,6,21,"Homme",0.455994914497561,0.197247314768625
"295","2018-06-08 14:03:08","D05P2","GM2504","1","STIM-SD",9515,-635,650,2500,7000,15,6,21,"Homme",0.483659650659424,0.0605630045230789
"296","2018-06-19 14:10:49","D14P1","GM2504","1","STIM-SD",8140,-1120,300,2460,6500,15,6,21,"Homme",0.191051864332024,-0.257491914818034
"297","2018-06-19 14:10:49","D14P2","GM2504","1","STIM-SD",8925,-1205,600,2780,6750,15,6,21,"Homme",0.358104309617122,-0.0762560155213361
"298","2019-12-02 16:18:50","D01P1","HA2212","1","STIM-SD",-2170,-3750,900,430,250,20,1.5,27,"Homme",-2.00297451896652,-1.89851367000074
"299","2019-12-03 16:28:35","D02P1","HA2212","1","STIM-SD",-320,-2630,950,860,500,20,1.5,27,"Homme",-1.60928404281692,-1.51059887961364
"300","2019-12-03 16:39:08","D02P2","HA2212","1","STIM-SD",4145,-805,1300,2150,1500,20,1.5,27,"Homme",-0.659106758488313,-0.407673663231992
"301","2019-12-04 16:45:30","D03P1","HA2212","1","STIM-SD",3050,-1670,1300,1420,2000,20,1.5,27,"Homme",-0.892128959236315,-0.757240892033763
"302","2019-12-04 17:04:56","D03P2","HA2212","1","STIM-SD",3430,-1340,2050,220,2500,20,1.5,27,"Homme",-0.811262807378561,-0.687120947250657
"303","2019-12-05 16:55:22","D04P1","HA2212","1","STIM-SD",4640,-770,1550,2110,1750,20,1.5,27,"Homme",-0.553767955410449,-0.289402867742004
"304","2019-12-05 17:05:55","D04P2","HA2212","1","STIM-SD",3475,-1035,1000,1260,2250,20,1.5,27,"Homme",-0.8016865525533,-0.701606359190356
"305","2019-12-06 16:11:59","D05P1","HA2212","1","STIM-SD",6025,-1035,1700,2360,3000,20,1.5,27,"Homme",-0.259032112455213,-0.100918510863488
"306","2019-12-06 16:23:57","D05P2","HA2212","1","STIM-SD",5130,-1390,1650,2370,2500,20,1.5,27,"Homme",-0.449493180646503,-0.262362013099574
"307","2019-12-18 15:22:53","D14P1","HA2212","1","STIM-SD",3160,-1390,1250,1050,2250,20,1.5,27,"Homme",-0.868720336330123,-0.773260948935485
"308","2019-12-18 15:33:42","D14P2","HA2212","1","STIM-SD",9880,-400,3450,3330,3500,20,1.5,27,"Homme",0.561333717575425,1.00107906580477
"309","2018-06-04 17:24:17","D01P1","HI0310","2","SHAM",4915,-1285,1300,2900,2000,13,6,30,"Homme",-0.495246398144969,-0.251971800253929
"310","2018-06-05 17:06:39","D02P1","HI0310","2","SHAM",4410,-1140,1900,1900,1750,13,6,30,"Homme",-0.602713257850668,-0.362919317610053
"311","2018-06-05 17:06:39","D02P2","HI0310","2","SHAM",6230,-1020,2700,2550,2000,13,6,30,"Homme",-0.215406951584582,0.125551695917923
"312","2018-06-06 17:01:54","D03P1","HI0310","2","SHAM",6850,-670,2400,2120,3000,13,6,30,"Homme",-0.0834674406587729,0.16119111924951
"313","2018-06-06 17:01:54","D03P2","HI0310","2","SHAM",7655,-1335,2050,2440,4500,13,6,30,"Homme",0.0878411178819959,0.0791597410537043
"314","2018-06-07 17:06:15","D04P1","HI0310","2","SHAM",8110,-1080,2350,2590,4250,13,6,30,"Homme",0.184667694448517,0.256722449372695
"315","2018-06-07 17:06:15","D04P2","HI0310","2","SHAM",10475,-725,2600,2850,5750,13,6,30,"Homme",0.687953086931646,0.630311364016661
"316","2018-06-08 17:06:13","D05P1","HI0310","2","SHAM",13250,-1100,3400,3200,7750,13,6,30,"Homme",1.27848880115603,0.952034739621807
"317","2018-06-08 17:06:13","D05P2","HI0310","2","SHAM",13015,-905,3600,3320,7000,13,6,30,"Homme",1.2284794704019,1.06405692563888
"318","2018-06-19 17:07:15","D14P1","HI0310","2","SHAM",6745,-1965,2300,2160,4250,13,6,30,"Homme",-0.105812035251047,-0.0784067857955311
"319","2018-06-19 17:07:15","D14P2","HI0310","2","SHAM",10105,-1555,3550,3110,5000,13,6,30,"Homme",0.609214991701727,0.691603365598787
"320","2021-03-01 15:13:10","D01P1","JA2904","1","STIM-SD",4360,-1280,1800,2340,1500,17,3.5,23,"Homme",-0.613353540989847,-0.346636733411227
"321","2021-03-02 14:41:23","D02P1","JA2904","1","STIM-SD",4130,-1440,1250,2820,1500,17,3.5,23,"Homme",-0.662298843430066,-0.407857387432269
"322","2021-03-02 14:52:44","D02P2","JA2904","1","STIM-SD",4185,-2425,1950,2660,2000,17,3.5,23,"Homme",-0.65059453197697,-0.348457756964346
"323","2021-03-03 14:44:50","D03P1","JA2904","1","STIM-SD",6090,-960,2200,3100,1750,17,3.5,23,"Homme",-0.245199744374281,0.124856268736404
"324","2021-03-03 14:55:54","D03P2","JA2904","1","STIM-SD",7140,-1000,3000,3140,2000,17,3.5,23,"Homme",-0.0217537984515394,0.391610225744692
"325","2021-03-04 14:43:51","D04P1","JA2904","1","STIM-SD",6745,-805,2400,2650,2500,17,3.5,23,"Homme",-0.105812035251047,0.205155890901535
"326","2021-03-04 14:54:32","D04P2","JA2904","1","STIM-SD",7015,-855,1950,3170,2750,17,3.5,23,"Homme",-0.0483545062994849,0.240932119333748
"327","2021-03-05 14:39:05","D05P1","JA2904","1","STIM-SD",6440,-1370,2200,2610,3000,17,3.5,23,"Homme",-0.170717762400034,0.029116242452112
"328","2021-03-05 14:49:51","D05P2","JA2904","1","STIM-SD",9650,-350,3250,3250,3500,17,3.5,23,"Homme",0.512388415135205,0.953396207172938
"329","2021-03-16 14:44:02","D14P1","JA2904","1","STIM-SD",8890,-700,3300,2790,3500,17,3.5,23,"Homme",0.350656111419697,0.648760677928513
"330","2021-03-16 14:54:51","D14P2","JA2904","1","STIM-SD",9050,-650,2450,3500,3750,17,3.5,23,"Homme",0.384705017465067,0.663755789932395
"331","2021-04-19 12:32:07","D01P1","JK1002","3","STIM-HD",3980,-740,1000,1720,2000,16,2,23,"Homme",-0.694219692847601,-0.513726859578548
"332","2021-04-20 11:49:47","D02P1","JK1002","3","STIM-HD",6645,-435,1500,2080,3500,16,2,23,"Homme",-0.127092601529403,0.0519360728467188
"333","2021-04-20 12:01:56","D02P2","JK1002","3","STIM-HD",9965,-985,3050,2150,5750,16,2,23,"Homme",0.579422198912028,0.465628207650626
"334","2021-04-21 11:55:53","D03P1","JK1002","3","STIM-HD",9570,-1200,2300,2470,6000,16,2,23,"Homme",0.49536396211252,0.297694808933347
"335","2021-04-21 12:08:00","D03P2","JK1002","3","STIM-HD",10940,-700,2200,2440,7000,16,2,23,"Homme",0.786907720126003,0.479089864826151
"336","2021-04-22 12:13:52","D04P1","JK1002","3","STIM-HD",11650,-1000,1800,2850,8000,16,2,23,"Homme",0.937999740702333,0.430547259959241
"337","2021-04-22 12:25:44","D04P2","JK1002","3","STIM-HD",15240,-800,1500,3040,11500,16,2,23,"Homme",1.70197207009533,0.615024633323683
"338","2021-04-23 13:00:39","D05P1","JK1002","3","STIM-HD",17080,-1050,2650,3230,12250,16,2,23,"Homme",2.09353448961708,0.952955174386009
"339","2021-04-23 13:12:12","D05P2","JK1002","3","STIM-HD",16260,-1050,1500,3310,12500,16,2,23,"Homme",1.91903384613456,0.651600098095731
"340","2021-05-04 12:33:34","D14P1","JK1002","3","STIM-HD",18790,-400,2350,3340,13500,16,2,23,"Homme",2.45743217297698,1.21073343097011
"341","2021-05-04 12:45:11","D14P2","JK1002","3","STIM-HD",19800,-1300,1450,3150,16500,16,2,23,"Homme",2.67236589238838,0.647562390694991
"342","2019-11-04 09:04:30","D01P1","JM1704","2","SHAM",1965,-1475,950,1490,1000,17,6,23,"Homme",-1.12302310335648,-0.98764942795429
"343","2019-11-05 08:26:54","D02P1","JM1704","2","SHAM",4045,-1055,1150,2700,1250,17,6,23,"Homme",-0.680387324766669,-0.42278355939624
"344","2019-11-05 08:46:28","D02P2","JM1704","2","SHAM",4605,-985,700,3390,1500,17,6,23,"Homme",-0.561216153607873,-0.285106007198525
"345","2019-11-06 08:38:12","D03P1","JM1704","2","SHAM",5400,-970,1100,3270,2000,17,6,23,"Homme",-0.39203565169494,-0.113880592116346
"346","2019-11-06 08:50:20","D03P2","JM1704","2","SHAM",5880,-900,600,3430,2750,17,6,23,"Homme",-0.28988893355883,-0.10157742398977
"347","2019-11-07 14:07:22","D04P1","JM1704","2","SHAM",7865,-535,1400,3250,3750,17,6,23,"Homme",0.132530307066544,0.333814375624547
"348","2019-11-07 14:18:58","D04P2","JM1704","2","SHAM",6635,-735,1150,3220,3000,17,6,23,"Homme",-0.129220658157239,0.0899718841687838
"349","2019-11-08 13:06:03","D05P1","JM1704","2","SHAM",8305,-685,1600,2890,4500,17,6,23,"Homme",0.226164798691312,0.279977106319499
"350","2019-11-08 13:19:02","D05P2","JM1704","2","SHAM",11510,-150,2600,3560,5500,17,6,23,"Homme",0.908206947912634,1.20734999998884
"351","2019-11-18 12:56:11","D14P1","JM1704","2","SHAM",10980,0,2300,3680,5000,17,6,23,"Homme",0.795419946637345,1.75340858415941
"352","2019-11-18 13:08:44","D14P2","JM1704","2","SHAM",12730,-150,1700,4180,7000,17,6,23,"Homme",1.16782985650858,1.22899455697174
"353","2018-06-04 14:48:49","D01P1","JP1711","2","SHAM",1370,-1080,800,900,750,12,10,18,"Femme",-1.2496424727127,-1.15552304726406
"354","2018-06-05 14:32:14","D02P1","JP1711","2","SHAM",3545,-895,1450,1990,1000,12,10,18,"Femme",-0.786790156158451,-0.543609937820561
"355","2018-06-05 14:32:14","D02P2","JP1711","2","SHAM",4350,-610,1150,2810,1000,12,10,18,"Femme",-0.615481597617682,-0.287907677584054
"356","2018-06-06 14:30:14","D03P1","JP1711","2","SHAM",4265,-705,1500,2470,1000,12,10,18,"Femme",-0.633570078954285,-0.322900753261081
"357","2018-06-06 14:30:14","D03P2","JP1711","2","SHAM",4335,-255,1250,2340,1000,12,10,18,"Femme",-0.618673682559436,-0.177342181531276
"358","2018-06-07 14:31:53","D04P1","JP1711","2","SHAM",4690,-730,1050,2870,1500,12,10,18,"Femme",-0.543127672271271,-0.245939024820226
"359","2018-06-07 14:31:53","D04P2","JP1711","2","SHAM",5920,-670,2050,2790,1750,12,10,18,"Femme",-0.281376707047487,0.0932774860106493
"360","2018-06-08 14:31:08","D05P1","JP1711","2","SHAM",5475,-435,1500,2910,1500,12,10,18,"Femme",-0.376075226986173,0.0400422480103694
"361","2018-06-08 14:31:08","D05P2","JP1711","2","SHAM",5695,-475,1850,2570,1750,12,10,18,"Femme",-0.329257981173789,0.0628604311825709
"362","2018-06-19 14:32:38","D14P1","JP1711","2","SHAM",4700,-1260,1350,3360,1250,12,10,18,"Femme",-0.540999615643435,-0.22106932653768
"363","2018-06-19 14:32:38","D14P2","JP1711","2","SHAM",6725,-625,2150,3700,1500,12,10,18,"Femme",-0.110068148506718,0.373945587433613
"364","2021-03-01 16:52:13","D01P1","JT0601","2","SHAM",3545,-1715,1450,1560,2250,17,7,28,"Homme",-0.786790156158451,-0.649527293942368
"365","2021-03-02 16:24:05","D02P1","JT0601","2","SHAM",6365,-915,1800,2480,3000,17,7,28,"Homme",-0.186678187108801,0.000302901720241604
"366","2021-03-02 16:34:25","D02P2","JT0601","2","SHAM",10170,-870,2500,3040,5500,17,7,28,"Homme",0.623047359782659,0.589216514951068
"367","2021-03-03 16:50:08","D03P1","JT0601","2","SHAM",11045,-625,1150,2520,8000,17,7,28,"Homme",0.809252314718277,0.276345796722844
"368","2021-03-03 17:01:19","D03P2","JT0601","2","SHAM",13215,-1545,1100,2410,11250,17,7,28,"Homme",1.27104060295861,0.0960653471496007
"369","2021-03-04 16:47:06","D04P1","JT0601","2","SHAM",15600,-1050,1700,2700,12250,17,7,28,"Homme",1.77858210869741,0.519754038595663
"370","2021-03-04 16:59:53","D04P2","JT0601","2","SHAM",15535,-2505,1850,2940,13250,17,7,28,"Homme",1.76474974061648,0.376574737254533
"371","2021-03-05 16:37:57","D05P1","JT0601","2","SHAM",15730,-770,1450,2800,12250,17,7,28,"Homme",1.80624684485927,0.567324835654758
"372","2021-03-05 16:48:23","D05P2","JT0601","2","SHAM",20185,-785,2050,3170,15750,17,7,28,"Homme",2.75429607256005,0.961689818331899
"373","2021-03-16 16:50:28","D14P1","JT0601","2","SHAM",19390,-300,2250,3690,13750,17,7,28,"Homme",2.58511557064712,1.36680869498788
"374","2021-03-16 17:00:54","D14P2","JT0601","2","SHAM",22500,-900,2000,3400,18000,17,7,28,"Homme",3.246941181904,1.03965807005205
"375","2021-04-19 17:48:04","D01P1","KM0102","3","STIM-HD",4240,-510,750,1750,2250,17,6,24,"Homme",-0.638890220523874,-0.445943496133487
"376","2021-04-20 17:30:27","D02P1","KM0102","3","STIM-HD",6015,-455,800,2420,3250,17,6,24,"Homme",-0.261160169083049,-0.0980175263712009
"377","2021-04-20 17:41:54","D02P2","KM0102","3","STIM-HD",6750,-400,1200,2700,3250,17,6,24,"Homme",-0.104748006937129,0.138015755566251
"378","2021-04-21 17:05:08","D03P1","KM0102","3","STIM-HD",9115,-155,1800,2720,4750,17,6,24,"Homme",0.398537385545999,0.664190262824077
"379","2021-04-21 17:16:20","D03P2","KM0102","3","STIM-HD",11110,-150,1500,3260,6500,17,6,24,"Homme",0.823084682799208,0.857957272253189
"380","2021-04-22 16:57:38","D04P1","KM0102","3","STIM-HD",10710,-350,1050,2760,7250,17,6,24,"Homme",0.737962417685783,0.42751051279463
"381","2021-04-22 17:08:34","D04P2","KM0102","3","STIM-HD",13700,-420,1600,2770,9750,17,6,24,"Homme",1.37425134940864,0.668850989654803
"382","2021-04-23 16:58:48","D05P1","KM0102","3","STIM-HD",11635,-575,1700,2760,7750,17,6,24,"Homme",0.934807655760579,0.520499387068372
"383","2021-04-23 17:09:50","D05P2","KM0102","3","STIM-HD",15845,-755,1700,3150,11750,17,6,24,"Homme",1.83071949607938,0.733059406303521
"384","2021-05-04 17:13:52","D14P1","KM0102","3","STIM-HD",13740,-650,1050,2590,10750,17,6,24,"Homme",1.38276357591998,0.37701519383243
"385","2021-05-04 17:25:05","D14P2","KM0102","3","STIM-HD",16820,-150,1300,3170,12500,17,6,24,"Homme",2.03820501729336,1.03826750891881
"386","2019-10-07 19:24:57","D01P1","LB0609","2","SHAM",5680,-420,650,2200,3250,16,2,26,"Homme",-0.332450066115542,-0.187360524250441
"387","2019-10-08 18:49:30","D02P1","LB0609","2","SHAM",9520,-450,1650,3070,5250,16,2,26,"Homme",0.484723678973342,0.515538645244137
"388","2019-10-08 19:08:41","D02P2","LB0609","2","SHAM",11570,-150,1950,3520,6250,16,2,26,"Homme",0.920975287679648,1.05456865408343
"389","2019-10-09 18:50:24","D03P1","LB0609","2","SHAM",11350,-600,2000,2950,7000,16,2,26,"Homme",0.874158041867264,0.613411047103252
"390","2019-10-09 19:07:22","D03P2","LB0609","2","SHAM",14460,-400,1750,3860,9250,16,2,26,"Homme",1.53598365312415,1.0336768554247
"391","2019-10-10 18:07:45","D04P1","LB0609","2","SHAM",14360,-200,2350,3210,9000,16,2,26,"Homme",1.51470308684579,1.15897423824735
"392","2019-10-10 18:22:31","D04P2","LB0609","2","SHAM",15650,-150,1400,3900,10500,16,2,26,"Homme",1.78922239183659,1.21631401105096
"393","2019-10-11 13:13:55","D05P1","LB0609","2","SHAM",15620,-450,2300,3270,10500,16,2,26,"Homme",1.78283822195308,1.03598486630316
"394","2019-10-11 13:25:31","D05P2","LB0609","2","SHAM",18160,-300,1850,3610,13000,16,2,26,"Homme",2.32336460542333,1.2008303730876
"395","2019-10-21 17:35:18","D14P1","LB0609","2","SHAM",15670,-900,1250,3820,11500,16,2,26,"Homme",1.79347850509226,0.743460527803245
"396","2019-10-21 17:46:16","D14P2","LB0609","2","SHAM",22340,-100,3050,3890,15500,16,2,26,"Homme",3.21289227585863,1.94193217772627
"397","2018-06-04 13:03:28","D01P1","LB2705","1","STIM-SD",-3665,-5325,450,-40,1250,17,4.5,24,"Femme",-2.32111898482795,-1.92271099749869
"398","2018-06-05 08:35:29","D02P1","LB2705","1","STIM-SD",-2445,-4515,950,120,1000,17,4.5,24,"Femme",-2.061496076232,-1.73145833204699
"399","2018-06-05 08:35:29","D02P2","LB2705","1","STIM-SD",-1805,-3175,650,-530,1250,17,4.5,24,"Femme",-1.92530045205052,-1.66621452660941
"400","2018-06-06 08:28:02","D03P1","LB2705","1","STIM-SD",-1230,-5100,1300,570,2000,17,4.5,24,"Femme",-1.80293719594997,-1.39689070099047
"401","2018-06-06 08:28:02","D03P2","LB2705","1","STIM-SD",-1680,-5200,1150,620,1750,17,4.5,24,"Femme",-1.89869974420257,-1.47658964750935
"402","2018-06-07 08:31:32","D04P1","LB2705","1","STIM-SD",-380,-4290,850,560,2500,17,4.5,24,"Femme",-1.62205238258394,-1.39680376379174
"403","2018-06-07 08:31:32","D04P2","LB2705","1","STIM-SD",1175,-3405,1700,880,2000,17,4.5,24,"Femme",-1.2911395769555,-1.03782442568085
"404","2018-06-08 08:30:10","D05P1","LB2705","1","STIM-SD",3050,-2800,1500,1850,2500,17,4.5,24,"Femme",-0.892128959236315,-0.699475287875963
"405","2018-06-08 08:30:10","D05P2","LB2705","1","STIM-SD",1735,-3345,1350,1480,2250,17,4.5,24,"Femme",-1.1719684057967,-0.945063518744835
"406","2018-06-20 10:25:14","D14P1","LB2705","1","STIM-SD",-740,-4240,900,1350,1250,17,4.5,24,"Femme",-1.69866242118602,-1.37395573268238
"407","2018-06-20 10:25:14","D14P2","LB2705","1","STIM-SD",260,-4430,1150,1790,1750,17,4.5,24,"Femme",-1.48585675840246,-1.10663287389128
"408","2018-06-04 13:34:41","D01P1","LD2304","2","SHAM",-5805,-5905,-200,50,250,20,3,38,"Homme",-2.77652310318477,-2.58600343753455
"409","2018-06-05 09:09:08","D02P1","LD2304","2","SHAM",-3585,-3695,-550,160,500,20,3,38,"Homme",-2.30409453180526,-2.47754189808768
"410","2018-06-05 09:09:08","D02P2","LD2304","2","SHAM",-1775,-4385,-200,810,2000,20,3,38,"Homme",-1.91891628216701,-1.81728462497511
"411","2018-06-06 09:05:45","D03P1","LD2304","2","SHAM",100,-3150,250,1000,2000,20,3,38,"Homme",-1.51990566444783,-1.42311968698098
"412","2018-06-06 09:05:45","D03P2","LD2304","2","SHAM",1225,-2325,400,1150,2000,20,3,38,"Homme",-1.28049929381632,-1.22188571463384
"413","2018-06-07 09:03:19","D04P1","LD2304","2","SHAM",2470,-2170,550,1840,2250,20,3,38,"Homme",-1.01555624365078,-0.929726314847343
"414","2018-06-07 09:03:19","D04P2","LD2304","2","SHAM",55,-3455,150,1360,2000,20,3,38,"Homme",-1.52948191927309,-1.39989854309697
"415","2018-06-08 09:05:44","D05P1","LD2304","2","SHAM",1710,-2250,650,1810,1500,20,3,38,"Homme",-1.17728854736629,-1.03429784673899
"416","2018-06-08 09:05:44","D05P2","LD2304","2","SHAM",1450,-2680,1350,1530,1250,20,3,38,"Homme",-1.23261801969002,-1.00968168291345
"417","2018-06-19 09:03:38","D14P1","LD2304","2","SHAM",540,-4090,750,1880,2000,20,3,38,"Homme",-1.42627117282306,-1.13309128200702
"418","2018-06-19 09:03:38","D14P2","LD2304","2","SHAM",1645,-3045,800,1890,2000,20,3,38,"Homme",-1.19112091544722,-0.997831385914172
"419","2021-03-08 10:05:21","D01P1","LD2501","3","STIM-HD",3110,-440,1000,1050,1500,20,1,28,"Homme",-0.879360619469301,-0.631367747739743
"420","2021-03-09 09:59:46","D02P1","LD2501","3","STIM-HD",4265,-625,1200,1690,2000,20,1,28,"Homme",-0.633570078954285,-0.414175280294455
"421","2021-03-09 10:10:09","D02P2","LD2501","3","STIM-HD",5465,-505,2200,1770,2000,20,1,28,"Homme",-0.378203283614009,-0.0403981118692608
"422","2021-03-10 09:50:10","D03P1","LD2501","3","STIM-HD",6015,-805,2700,1120,3000,20,1,28,"Homme",-0.261160169083049,-0.0760530631360515
"423","2021-03-10 10:00:56","D03P2","LD2501","3","STIM-HD",6375,-735,1800,2560,2750,20,1,28,"Homme",-0.184550130480966,0.0600202788241424
"424","2021-03-11 10:02:11","D04P1","LD2501","3","STIM-HD",6280,-450,1450,2030,3250,20,1,28,"Homme",-0.204766668445404,-0.00976180881287068
"425","2021-03-11 10:13:02","D04P2","LD2501","3","STIM-HD",7560,-350,2300,2110,3500,20,1,28,"Homme",0.0676245799175573,0.348297828932244
"426","2021-03-12 10:00:05","D05P1","LD2501","3","STIM-HD",8210,-400,2300,2310,4000,20,1,28,"Homme",0.205948260726874,0.416884371882528
"427","2021-03-12 10:11:03","D05P2","LD2501","3","STIM-HD",9030,-50,2400,2430,4250,20,1,28,"Homme",0.380448904209396,0.919395889536818
"428","2021-03-23 09:42:30","D14P1","LD2501","3","STIM-HD",7875,-335,1450,2510,4250,20,1,28,"Homme",0.13465836369438,0.290018714683805
"429","2021-03-23 09:53:21","D14P2","LD2501","3","STIM-HD",8975,-235,2300,1910,5000,20,1,28,"Homme",0.3687445927563,0.506825171206577
"430","2021-03-29 18:14:20","D01P1","LG0806","3","STIM-HD",-3900,-5700,-400,1200,1000,16,3.5,22,"Homme",-2.37112831558208,-2.15242076791698
"431","2021-03-30 17:52:05","D02P1","LG0806","3","STIM-HD",1070,-2370,400,2040,1000,16,3.5,22,"Homme",-1.31348417154777,-1.17286670000104
"432","2021-03-30 18:04:17","D02P2","LG0806","3","STIM-HD",2570,-1760,1500,1830,1000,16,3.5,22,"Homme",-0.994275677372426,-0.788905521464811
"433","2021-03-31 17:59:20","D03P1","LG0806","3","STIM-HD",4305,-1335,1300,2840,1500,16,3.5,22,"Homme",-0.625057852442943,-0.362322737406495
"434","2021-03-31 18:09:59","D03P2","LG0806","3","STIM-HD",5115,-805,1750,2420,1750,16,3.5,22,"Homme",-0.452685265588256,-0.154630208490048
"435","2021-04-01 17:57:48","D04P1","LG0806","3","STIM-HD",5555,-745,1750,2800,1750,16,3.5,22,"Homme",-0.359050773963488,-0.0213466139474591
"436","2021-04-01 18:10:44","D04P2","LG0806","3","STIM-HD",5885,-455,1300,2790,2250,16,3.5,22,"Homme",-0.288824905244912,0.0481614793152783
"437","2021-04-02 18:01:06","D05P1","LG0806","3","STIM-HD",6330,-1320,2100,3050,2500,16,3.5,22,"Homme",-0.194126385306226,0.085738764409866
"438","2021-04-02 18:13:22","D05P2","LG0806","3","STIM-HD",4635,-685,1250,2070,2000,16,3.5,22,"Homme",-0.554831983724367,-0.318996924535431
"439","2021-04-13 17:52:56","D14P1","LG0806","3","STIM-HD",6775,-735,2650,2610,2250,16,3.5,22,"Homme",-0.0994278653675402,0.259685735301071
"440","2021-04-13 18:04:17","D14P2","LG0806","3","STIM-HD",8010,-370,2350,3280,2750,16,3.5,22,"Homme",0.163387128170161,0.615341644739849
"441","2019-10-07 12:22:19","D01P1","LL0206","1","STIM-SD",6005,-985,2250,1990,2750,17,4.5,22,"Homme",-0.263288225710884,-0.0579248269469139
"442","2019-10-08 10:00:06","D02P1","LL0206","1","STIM-SD",9950,-370,3500,3070,3750,17,4.5,22,"Homme",0.576230113970275,0.978898646646171
"443","2019-10-08 10:13:19","D02P2","LL0206","1","STIM-SD",7470,-910,1750,2630,4000,17,4.5,22,"Homme",0.0484720702670366,0.125142742466576
"444","2019-10-09 13:35:46","D03P1","LL0206","1","STIM-SD",9830,-520,2700,3150,4500,17,4.5,22,"Homme",0.550693434436247,0.751725717798469
"445","2019-10-09 13:48:18","D03P2","LL0206","1","STIM-SD",10035,-935,1900,3070,6000,17,4.5,22,"Homme",0.594318595306877,0.435099288687808
"446","2019-10-10 13:22:28","D04P1","LL0206","1","STIM-SD",11170,-700,2750,3120,6000,17,4.5,22,"Homme",0.835853022566222,0.779351562825639
"447","2019-10-10 13:36:48","D04P2","LL0206","1","STIM-SD",10230,-820,2750,1800,6500,17,4.5,22,"Homme",0.635815699549672,0.38248657687599
"448","2019-10-11 12:16:13","D05P1","LL0206","1","STIM-SD",14310,0,2400,3160,8750,17,4.5,22,"Homme",1.50406280370661,1.83668309283138
"449","2019-10-11 12:28:39","D05P2","LL0206","1","STIM-SD",15990,-750,2350,3390,11000,17,4.5,22,"Homme",1.861576317183,0.968347840823188
"450","2019-10-21 13:13:19","D14P1","LL0206","1","STIM-SD",18135,-505,2250,3640,12750,17,4.5,22,"Homme",2.31804446385374,1.18838489449139
"451","2019-10-21 13:25:00","D14P2","LL0206","1","STIM-SD",17290,-900,2450,3240,12500,17,4.5,22,"Homme",2.13822367880163,0.954007070115315
"463","2020-01-13 09:42:44","D01P1","LV0603","1","STIM-SD",6390,-590,1150,2580,3250,15,3,24,"Homme",-0.181358045539212,-0.0133815568480153
"464","2020-01-14 09:10:36","D02P1","LV0603","1","STIM-SD",7045,-735,1100,2180,4500,15,3,24,"Homme",-0.041970336415978,-0.0957326373771165
"465","2020-01-14 09:21:51","D02P2","LV0603","1","STIM-SD",7940,-400,1100,2240,5000,15,3,24,"Homme",0.148490731775312,0.120688336015907
"466","2020-01-15 09:02:47","D03P1","LV0603","1","STIM-SD",9170,-470,1450,2690,5500,15,3,24,"Homme",0.410241696999095,0.349291133022052
"467","2020-01-15 09:17:34","D03P2","LV0603","1","STIM-SD",12140,-150,2250,2790,7250,15,3,24,"Homme",1.04227451546628,0.978792999617107
"468","2020-01-16 09:03:32","D04P1","LV0603","1","STIM-SD",9960,-350,1000,2810,6500,15,3,24,"Homme",0.57835817059811,0.385217981039248
"469","2020-01-16 09:19:16","D04P2","LV0603","1","STIM-SD",11770,-100,1050,2570,8250,15,3,24,"Homme",0.963536420236361,0.689303381828197
"470","2020-01-17 10:04:14","D05P1","LV0603","1","STIM-SD",12875,-405,1750,3030,8500,15,3,24,"Homme",1.1986866776122,0.743266031045333
"471","2020-01-17 10:15:18","D05P2","LV0603","1","STIM-SD",13350,-150,1500,2750,9250,15,3,24,"Homme",1.29976936743439,0.844813871644332
"472","2020-01-28 14:11:57","D14P1","LV0603","1","STIM-SD",12475,-485,1150,2810,9000,15,3,24,"Homme",1.11356441249877,0.476548389148875
"473","2020-01-28 14:22:40","D14P2","LV0603","1","STIM-SD",13450,-370,1850,2720,9250,15,3,24,"Homme",1.32104993371275,0.737456080021187
"474","2019-11-11 16:46:31","D01P1","ME1301","2","SHAM",-2725,-3475,50,200,500,18,5.5,23,"Homme",-2.1210816618114,-2.05764617007736
"475","2019-11-12 12:58:43","D02P1","ME1301","2","SHAM",-80,-3040,850,1110,1000,18,5.5,23,"Homme",-1.55821068374887,-1.37567871493771
"476","2019-11-12 13:11:34","D02P2","ME1301","2","SHAM",585,-2475,650,910,1500,18,5.5,23,"Homme",-1.4166949179978,-1.30646385751077
"477","2019-11-13 16:36:11","D03P1","ME1301","2","SHAM",-160,-3050,550,1090,1250,18,5.5,23,"Homme",-1.57523513677155,-1.41927110631974
"478","2019-11-13 16:50:00","D03P2","ME1301","2","SHAM",2395,-1885,1800,980,1500,18,5.5,23,"Homme",-1.03151666835955,-0.845078058388723
"479","2019-11-14 17:01:01","D04P1","ME1301","2","SHAM",2015,-2035,1400,1150,1500,18,5.5,23,"Homme",-1.1123828202173,-0.946760543975416
"480","2019-11-14 17:18:43","D04P2","ME1301","2","SHAM",3425,-2355,1800,2230,1750,18,5.5,23,"Homme",-0.812326835692479,-0.543931250865423
"481","2019-11-15 17:37:47","D05P1","ME1301","2","SHAM",740,-4300,600,2440,2000,18,5.5,23,"Homme",-1.38371004026635,-1.04162691589759
"482","2019-11-15 17:48:16","D05P2","ME1301","2","SHAM",2115,-4345,1800,2160,2500,18,5.5,23,"Homme",-1.09110225393895,-0.697883656652421
"483","2019-11-26 15:26:07","D14P1","ME1301","2","SHAM",2025,-2665,150,2290,2250,18,5.5,23,"Homme",-1.11025476358947,-1.00883515207348
"484","2019-11-26 15:37:44","D14P2","ME1301","2","SHAM",3350,-2630,1300,2180,2500,18,5.5,23,"Homme",-0.828287260401246,-0.642911599056659
"485","2021-03-08 14:37:09","D01P1","MH0507","3","STIM-HD",1645,-1895,50,1740,1750,16,1,23,"Homme",-1.19112091544722,-1.14810057503275
"486","2021-03-09 14:13:22","D02P1","MH0507","3","STIM-HD",1930,-2650,1150,1430,2000,16,1,23,"Homme",-1.13047130155391,-0.963807244375593
"487","2021-03-09 14:24:02","D02P2","MH0507","3","STIM-HD",4715,-785,950,2050,2500,16,1,23,"Homme",-0.537807530701681,-0.388108300588936
"488","2021-03-10 14:28:52","D03P1","MH0507","3","STIM-HD",5795,-735,1450,2580,2500,16,1,23,"Homme",-0.307977414895433,-0.0667239370584736
"489","2021-03-10 14:40:22","D03P2","MH0507","3","STIM-HD",6820,-450,1450,3320,2500,16,1,23,"Homme",-0.0898516105422798,0.285953282856522
"490","2021-03-11 14:09:13","D04P1","MH0507","3","STIM-HD",5255,-735,1000,2740,2250,16,1,23,"Homme",-0.422892472798557,-0.186744402479939
"491","2021-03-11 14:19:39","D04P2","MH0507","3","STIM-HD",7735,-1335,1300,3020,4750,16,1,23,"Homme",0.104865570904681,0.0476205473364391
"492","2021-03-12 14:34:45","D05P1","MH0507","3","STIM-HD",7850,-1250,1750,3100,4250,16,1,23,"Homme",0.129338222124791,0.187376420840658
"493","2021-03-12 14:45:18","D05P2","MH0507","3","STIM-HD",8485,-1905,1300,2590,6500,16,1,23,"Homme",0.264469817992354,-0.0840540417773784
"494","2021-03-22 14:27:13","D14P1","MH0507","3","STIM-HD",9800,-450,1100,2900,6250,16,1,23,"Homme",0.54430926455274,0.364783530328886
"495","2021-03-22 14:38:02","D14P2","MH0507","3","STIM-HD",9365,-1635,1000,2500,7500,16,1,23,"Homme",0.45173880124189,-0.0934069168266511
"496","2018-06-04 15:21:39","D01P1","MM0301","2","SHAM",-3550,-4180,600,-220,250,17,1,23,"Femme",-2.29664633360784,-2.12850975491647
"497","2018-06-05 10:33:16","D02P1","MM0301","2","SHAM",-3360,-5040,350,830,500,17,1,23,"Femme",-2.25621325767896,-1.9660763087192
"498","2018-06-05 10:33:16","D02P2","MM0301","2","SHAM",-2455,-4915,400,1310,750,17,1,23,"Femme",-2.06362413285983,-1.72786211892085
"499","2018-06-06 10:38:35","D03P1","MM0301","2","SHAM",-1175,-3735,650,910,1000,17,1,23,"Femme",-1.79123288449687,-1.56910596152511
"500","2018-06-06 10:38:35","D03P2","MM0301","2","SHAM",2560,-2200,1300,1960,1500,17,1,23,"Femme",-0.996403734000261,-0.786026822503946
"501","2018-06-07 10:33:20","D04P1","MM0301","2","SHAM",1230,-3420,1000,1650,2000,17,1,23,"Femme",-1.2794352655024,-1.04777922781696
"502","2018-06-07 10:33:20","D04P2","MM0301","2","SHAM",3000,-2640,1600,2040,2000,17,1,23,"Femme",-0.902769242375493,-0.660775436034326
"503","2018-06-08 10:36:08","D05P1","MM0301","2","SHAM",2940,-2420,1700,1660,2000,17,1,23,"Femme",-0.915537582142507,-0.704461700152477
"504","2018-06-08 10:36:08","D05P2","MM0301","2","SHAM",5305,-1565,1700,2920,2250,17,1,23,"Femme",-0.412252189659379,-0.157343152111897
"505","2018-06-20 09:14:50","D14P1","MM0301","2","SHAM",830,-3560,900,1990,1500,17,1,23,"Femme",-1.36455753061583,-1.08049241966748
"506","2018-06-20 09:14:50","D14P2","MM0301","2","SHAM",1450,-2960,700,2210,1500,17,1,23,"Femme",-1.23261801969002,-1.00819589487386
"507","2021-04-26 18:16:20","D01P1","MN0802","3","STIM-HD",3805,-1565,1100,2270,2000,15,7,21,"Homme",-0.731460683834724,-0.560345585217163
"508","2021-04-27 18:00:39","D02P1","MN0802","3","STIM-HD",6530,-540,1350,2720,3000,15,7,21,"Homme",-0.151565252749513,0.0858679142088868
"509","2021-04-27 18:11:47","D02P2","MN0802","3","STIM-HD",8055,-735,2150,2890,3750,15,7,21,"Homme",0.172963382995421,0.358891054823544
"510","2021-04-28 18:06:04","D03P1","MN0802","3","STIM-HD",7395,-775,2650,3020,2500,15,7,21,"Homme",0.0325116455582693,0.397316787488898
"511","2021-04-28 18:17:12","D03P2","MN0802","3","STIM-HD",9725,-755,3200,3030,4250,15,7,21,"Homme",0.528348839843973,0.735532709762676
"512","2021-04-29 18:03:29","D04P1","MN0802","3","STIM-HD",11100,-300,3100,3550,4750,15,7,21,"Homme",0.820956626171373,1.14288280193055
"513","2021-04-29 18:15:31","D04P2","MN0802","3","STIM-HD",12365,-255,3450,3920,5250,15,7,21,"Homme",1.09015578959258,1.42897943849689
"514","2021-04-30 18:03:11","D05P1","MN0802","3","STIM-HD",11070,-150,2600,3120,5500,15,7,21,"Homme",0.814572456287866,1.07386763095309
"515","2021-04-30 18:13:50","D05P2","MN0802","3","STIM-HD",11580,-350,2800,3380,5750,15,7,21,"Homme",0.923103344307483,1.03775555713547
"516","2021-05-11 17:54:55","D14P1","MN0802","3","STIM-HD",11540,-170,2000,3210,6500,15,7,21,"Homme",0.914591117796141,0.964091899185803
"517","2021-05-11 18:05:46","D14P2","MN0802","3","STIM-HD",13470,-450,2300,3120,8500,15,7,21,"Homme",1.32530604696842,0.903623598852418
"518","2021-03-15 18:05:54","D01P1","MP1112","3","STIM-HD",815,-785,150,-50,1500,15,3.5,21,"Homme",-1.36774961555758,-1.29313850866897
"519","2021-03-16 17:49:09","D02P1","MP1112","3","STIM-HD",3070,-400,750,1220,1500,15,3.5,21,"Homme",-0.887872845980644,-0.640377421620983
"520","2021-03-16 17:59:40","D02P2","MP1112","3","STIM-HD",5500,-220,450,2520,2750,15,3.5,21,"Homme",-0.370755085416584,-0.0590523272297745
"521","2021-03-17 17:58:19","D03P1","MP1112","3","STIM-HD",4445,-735,100,2580,2500,15,3.5,21,"Homme",-0.595265059653244,-0.489638688448064
"522","2021-03-17 18:09:19","D03P2","MP1112","3","STIM-HD",5200,-820,300,2720,3000,15,3.5,21,"Homme",-0.434596784251653,-0.355851114698487
"523","2021-03-18 17:52:10","D04P1","MP1112","3","STIM-HD",6395,-485,500,2880,3500,15,3.5,21,"Homme",-0.180294017225294,-0.0496758576892641
"524","2021-03-18 18:02:45","D04P2","MP1112","3","STIM-HD",7905,-185,500,3090,4500,15,3.5,21,"Homme",0.141042533577887,0.324524434005307
"525","2021-03-19 17:56:12","D05P1","MP1112","3","STIM-HD",6820,-820,350,2540,4750,15,3.5,21,"Homme",-0.0898516105422798,-0.238621937129375
"526","2021-03-19 18:06:39","D05P2","MP1112","3","STIM-HD",8550,-820,900,2970,5500,15,3.5,21,"Homme",0.278302186073285,0.113527568267389
"527","2021-03-30 15:52:31","D14P1","MP1112","3","STIM-HD",8345,-985,1000,3330,5000,15,3.5,21,"Homme",0.234677025202655,0.163586565241743
"528","2021-03-30 16:03:09","D14P2","MP1112","3","STIM-HD",8805,-1125,450,3230,6250,15,3.5,21,"Homme",0.332567630083094,0.0028759833781824
"529","2019-09-30 12:55:07","D01P1","NB1309","2","SHAM",2305,-1615,300,2620,1000,17,2,23,"Homme",-1.05066917801007,-0.904688988082956
"530","2019-10-01 11:47:38","D02P1","NB1309","2","SHAM",3830,-590,800,2370,1250,17,2,23,"Homme",-0.726140542265135,-0.457699676276092
"531","2019-10-01 12:03:25","D02P2","NB1309","2","SHAM",4680,-900,1150,2680,1750,17,2,23,"Homme",-0.545255728899106,-0.290125007420597
"532","2019-10-02 12:41:12","D03P1","NB1309","2","SHAM",5995,-435,1450,2480,2500,17,2,23,"Homme",-0.26541628233872,0.0453054965316133
"533","2019-10-02 12:53:22","D03P2","NB1309","2","SHAM",7520,-750,2600,2920,2750,17,2,23,"Homme",0.0591123534062148,0.391867260741677
"534","2019-10-03 12:20:59","D04P1","NB1309","2","SHAM",8350,-450,1550,3250,4000,17,2,23,"Homme",0.235741053516573,0.445180703410169
"535","2019-10-03 12:34:19","D04P2","NB1309","2","SHAM",9270,-750,2050,3220,4750,17,2,23,"Homme",0.431522263277451,0.50386276215976
"536","2019-10-04 12:45:19","D05P1","NB1309","2","SHAM",10090,-600,2900,3290,4500,17,2,23,"Homme",0.606022906759974,0.812585248715457
"537","2019-10-04 12:57:19","D05P2","NB1309","2","SHAM",9940,-950,2400,3490,5000,17,2,23,"Homme",0.574102057342439,0.636017851468883
"538","2019-10-15 11:56:48","D14P1","NB1309","2","SHAM",10460,-1000,1550,2910,7000,17,2,23,"Homme",0.684761001989892,0.322500680397195
"539","2019-10-15 12:12:26","D14P2","NB1309","2","SHAM",13270,-1050,2800,3020,8500,17,2,23,"Homme",1.28274491441171,0.779241323740847
"540","2021-04-12 08:21:17","D01P1","NF0306","3","STIM-HD",3780,-1260,1350,1690,2000,17,10,23,"Homme",-0.736780825404314,-0.576873436849874
"541","2021-04-13 07:55:42","D02P1","NF0306","3","STIM-HD",6455,-1385,950,2640,4250,17,10,23,"Homme",-0.167525677458281,-0.221143669292493
"542","2021-04-13 08:06:15","D02P2","NF0306","3","STIM-HD",9370,-1370,1350,2390,7000,17,10,23,"Homme",0.452802829555808,0.0119671003435592
"543","2021-04-14 07:53:31","D03P1","NF0306","3","STIM-HD",10450,-1550,1450,3050,7500,17,10,23,"Homme",0.682632945362056,0.221945677732564
"544","2021-04-14 08:03:59","D03P2","NF0306","3","STIM-HD",9755,-1085,900,2940,7000,17,10,23,"Homme",0.53473300972748,0.110935993123475
"545","2021-04-15 07:57:16","D04P1","NF0306","3","STIM-HD",10960,-1250,1700,3010,7500,17,10,23,"Homme",0.791163833381674,0.353967560295961
"546","2021-04-15 08:07:43","D04P2","NF0306","3","STIM-HD",13950,-650,1550,3300,9750,17,10,23,"Homme",1.42745276510453,0.696994773069108
"547","2021-04-16 08:18:02","D05P1","NF0306","3","STIM-HD",14230,-1000,1850,3130,10250,17,10,23,"Homme",1.48703835068393,0.629955187813552
"548","2021-04-16 08:28:50","D05P2","NF0306","3","STIM-HD",15730,-700,1500,3430,11500,17,10,23,"Homme",1.80624684485927,0.770875383903664
"549","2021-04-27 08:41:26","D14P1","NF0306","3","STIM-HD",12940,-1000,1350,2590,10000,17,10,23,"Homme",1.21251904569313,0.31188758801809
"550","2021-04-27 08:52:23","D14P2","NF0306","3","STIM-HD",14690,-1800,1750,2990,11750,17,10,23,"Homme",1.58492895556437,0.427025588382299
"551","2019-11-11 17:41:43","D01P1","PC2104","1","STIM-SD",2215,-1795,1200,1810,1000,16,3.5,21,"Homme",-1.06982168766059,-0.89080018908455
"552","2019-11-12 17:22:38","D02P1","PC2104","1","STIM-SD",3495,-1075,800,2520,1250,16,3.5,21,"Homme",-0.797430439297629,-0.58792990384308
"553","2019-11-12 17:35:00","D02P2","PC2104","1","STIM-SD",4890,-820,1400,2560,1750,16,3.5,21,"Homme",-0.500566539714558,-0.222898801379518
"554","2019-11-13 17:07:07","D03P1","PC2104","1","STIM-SD",5500,-520,1400,2870,1750,16,3.5,21,"Homme",-0.370755085416584,-0.00545396261856924
"555","2019-11-13 17:19:29","D03P2","PC2104","1","STIM-SD",5140,-1090,1050,2930,2250,16,3.5,21,"Homme",-0.447365124018667,-0.232185024631318
"556","2019-11-14 17:40:25","D04P1","PC2104","1","STIM-SD",6630,-450,1300,3280,2500,16,3.5,21,"Homme",-0.130284686471157,0.229091184300127
"557","2019-11-14 17:52:30","D04P2","PC2104","1","STIM-SD",6500,-770,1450,3070,2750,16,3.5,21,"Homme",-0.15794942263302,0.0941347383492182
"558","2019-11-15 17:09:30","D05P1","PC2104","1","STIM-SD",5445,-1285,1700,2530,2500,16,3.5,21,"Homme",-0.38245939686968,-0.175982640683596
"559","2019-11-15 17:19:55","D05P2","PC2104","1","STIM-SD",6835,-685,1000,3020,3500,16,3.5,21,"Homme",-0.0866595256005264,0.0540392200138244
"560","2019-11-25 17:06:35","D14P1","PC2104","1","STIM-SD",7460,-650,1350,3260,3500,16,3.5,21,"Homme",0.0463440136392009,0.246271840389495
"561","2019-11-25 17:18:22","D14P2","PC2104","1","STIM-SD",8200,-450,1500,3150,4000,16,3.5,21,"Homme",0.203820204099038,0.400222053785852
"562","2019-09-30 19:23:03","D01P1","RC1907","2","SHAM",2105,-1525,1250,380,2000,14,4,23,"Homme",-1.09323031056678,-0.998002671773626
"563","2019-10-01 19:26:02","D02P1","RC1907","2","SHAM",4050,-1970,1350,1920,2750,14,4,23,"Homme",-0.679323296452751,-0.567477799121511
"564","2019-10-01 19:39:54","D02P2","RC1907","2","SHAM",6580,-1390,1650,2570,3750,14,4,23,"Homme",-0.140924969610335,-0.0753511463424355
"565","2019-10-02 17:42:41","D03P1","RC1907","2","SHAM",8725,-1455,2500,2680,5000,14,4,23,"Homme",0.315543177060409,0.288107835076449
"566","2019-10-02 17:53:01","D03P2","RC1907","2","SHAM",8950,-1050,1450,3050,5500,14,4,23,"Homme",0.363424451186711,0.229388777114946
"567","2019-10-03 19:07:36","D04P1","RC1907","2","SHAM",9030,-1240,1000,3020,6250,14,4,23,"Homme",0.380448904209396,0.0804497821665708
"568","2019-10-03 19:25:29","D04P2","RC1907","2","SHAM",10015,-1235,2250,2750,6250,14,4,23,"Homme",0.590062482051206,0.371198103674322
"569","2019-10-04 16:09:41","D05P1","RC1907","2","SHAM",10885,-555,1950,3490,6000,14,4,23,"Homme",0.775203408672907,0.724491196824142
"570","2019-10-04 16:21:07","D05P2","RC1907","2","SHAM",10760,-820,2250,3080,6250,14,4,23,"Homme",0.748602700824961,0.593756786769605
"571","2019-10-15 19:09:03","D14P1","RC1907","2","SHAM",10195,-785,550,3180,7250,14,4,23,"Homme",0.628367501352248,0.184078131036719
"572","2019-10-15 19:19:53","D14P2","RC1907","2","SHAM",12290,-720,1750,3260,8000,14,4,23,"Homme",1.07419536488381,0.634882125534155
"573","2021-03-15 14:05:38","D01P1","SA2706","3","STIM-HD",-610,-1930,-500,70,1750,17,5,23,"Femme",-1.67099768502416,-1.91107034850621
"574","2021-03-16 13:47:05","D02P1","SA2706","3","STIM-HD",2210,-1580,-50,1340,2500,17,5,23,"Femme",-1.07088571597451,-1.13832785740408
"575","2021-03-16 13:58:18","D02P2","SA2706","3","STIM-HD",5745,-785,1700,1580,3250,17,5,23,"Femme",-0.318617698034611,-0.211362028307059
"576","2021-03-17 13:42:55","D03P1","SA2706","3","STIM-HD",4030,-1000,1150,880,3000,17,5,23,"Femme",-0.683579409708423,-0.654330845712016
"577","2021-03-17 13:53:50","D03P2","SA2706","3","STIM-HD",6420,-900,1700,2370,3250,17,5,23,"Femme",-0.174973875655705,-0.0303505566819682
"578","2021-03-18 13:49:07","D04P1","SA2706","3","STIM-HD",6370,-400,900,1870,4000,17,5,23,"Femme",-0.185614158794883,-0.121910710588274
"579","2021-03-18 13:59:52","D04P2","SA2706","3","STIM-HD",8325,-685,1100,2410,5500,17,5,23,"Femme",0.230420911946984,0.0614499649731257
"580","2021-03-19 13:44:37","D05P1","SA2706","3","STIM-HD",10580,-1100,2200,2980,6500,17,5,23,"Femme",0.71029768152392,0.475972122227006
"581","2021-03-19 13:55:23","D05P2","SA2706","3","STIM-HD",11625,-785,2850,2810,6750,17,5,23,"Femme",0.932679599132744,0.727213445570494
"582","2021-03-30 12:36:24","D14P1","SA2706","3","STIM-HD",11450,-1200,3000,2150,7500,17,5,23,"Femme",0.89543860814562,0.49124706184177
"583","2021-03-30 12:47:31","D14P2","SA2706","3","STIM-HD",15990,-700,2250,2940,11500,17,5,23,"Femme",1.861576317183,0.842729946366492
"584","2018-06-04 16:30:28","D01P1","SB2903","1","STIM-SD",-390,-2290,-50,450,1500,16,1,22,"Femme",-1.62418043921177,-1.63337493908318
"585","2018-06-05 09:36:52","D02P1","SB2903","1","STIM-SD",3080,-1050,900,1480,1750,16,1,22,"Femme",-0.885744789352808,-0.750690970970761
"586","2018-06-05 09:36:52","D02P2","SB2903","1","STIM-SD",4895,-485,1050,2080,2250,16,1,22,"Femme",-0.49950251140064,-0.248851805630048
"587","2018-06-06 09:37:25","D03P1","SB2903","1","STIM-SD",4790,-790,800,2530,2250,16,1,22,"Femme",-0.521847105992914,-0.330180579444828
"588","2018-06-06 09:37:25","D03P2","SB2903","1","STIM-SD",5985,-735,800,2920,3000,16,1,22,"Femme",-0.267544338966556,-0.106656769950821
"589","2018-06-07 09:34:41","D04P1","SB2903","1","STIM-SD",7120,-350,1150,3070,3250,16,1,22,"Femme",-0.0260099117072107,0.2655927372549
"590","2018-06-07 09:34:41","D04P2","SB2903","1","STIM-SD",6940,-350,1000,3040,3250,16,1,22,"Femme",-0.0643149310082522,0.211151884849756
"591","2018-06-08 09:35:06","D05P1","SB2903","1","STIM-SD",8210,-300,900,3110,4500,16,1,22,"Femme",0.205948260726874,0.347399528705944
"592","2018-06-08 09:35:06","D05P2","SB2903","1","STIM-SD",8075,-555,400,2980,5250,16,1,22,"Femme",0.177219496251093,0.0518818928456039
"593","2018-06-19 09:30:43","D14P1","SB2903","1","STIM-SD",7190,-1580,650,3370,4750,16,1,22,"Femme",-0.0111135153123613,-0.100762008067039
"594","2018-06-19 09:30:43","D14P2","SB2903","1","STIM-SD",10340,-1090,850,3580,7000,16,1,22,"Femme",0.659224322455864,0.28757674748281
"595","2018-06-04 16:03:26","D01P1","SF2107","2","SHAM",-1955,-3035,100,-20,1000,14,7,19,"Homme",-1.95722130146805,-1.86506015524332
"596","2018-06-05 15:31:29","D02P1","SF2107","2","SHAM",1985,-825,800,510,1500,14,7,19,"Homme",-1.11876699010081,-0.994983046484372
"597","2018-06-05 15:31:29","D02P2","SF2107","2","SHAM",1230,-1560,300,990,1500,14,7,19,"Homme",-1.2794352655024,-1.23666288698042
"598","2018-06-06 15:28:09","D03P1","SF2107","2","SHAM",2920,-430,400,950,2000,14,7,19,"Homme",-0.919793695398178,-0.757790048037446
"599","2018-06-06 15:28:09","D03P2","SF2107","2","SHAM",3155,-1105,750,1260,2250,14,7,19,"Homme",-0.869784364644041,-0.798546779929971
"600","2018-06-07 15:31:11","D04P1","SF2107","2","SHAM",3815,-705,700,1320,2500,14,7,19,"Homme",-0.729332627206889,-0.633849664045712
"601","2018-06-07 15:31:11","D04P2","SF2107","2","SHAM",3585,-1665,850,1650,2750,14,7,19,"Homme",-0.778277929647108,-0.735396840612616
"602","2018-06-08 15:32:00","D05P1","SF2107","2","SHAM",5640,-190,1400,2180,2250,14,7,19,"Homme",-0.340962292626885,0.10569140057996
"603","2018-06-08 15:32:00","D05P2","SF2107","2","SHAM",4920,-740,550,2360,2750,14,7,19,"Homme",-0.494182369831051,-0.377828482823551
"604","2018-06-19 15:25:54","D14P1","SF2107","2","SHAM",2450,-1880,500,2080,1750,14,7,19,"Homme",-1.01981235690645,-0.900308631801772
"605","2018-06-19 15:25:54","D14P2","SF2107","2","SHAM",1005,-2615,450,920,2250,14,7,19,"Homme",-1.3273165396287,-1.27289379718111
"606","2020-02-10 15:32:41","D01P1","SL0804","1","STIM-SD",4580,-770,1700,1900,1750,20,5.5,28,"Homme",-0.566536295177463,-0.304063666736242
"607","2020-02-11 15:15:05","D02P1","SL0804","1","STIM-SD",4000,-1070,2050,1020,2000,20,5.5,28,"Homme",-0.68996357959193,-0.496437085833237
"608","2020-02-11 15:25:38","D02P2","SL0804","1","STIM-SD",6180,-400,2500,2080,2000,20,5.5,28,"Homme",-0.226047234723761,0.19221033621597
"609","2020-02-12 15:07:04","D03P1","SL0804","1","STIM-SD",7985,-185,3050,3120,2000,20,5.5,28,"Homme",0.158066986600572,0.830031304609209
"610","2020-02-12 15:17:35","D03P2","SL0804","1","STIM-SD",6770,-500,2350,2670,2250,20,5.5,28,"Homme",-0.100491893681458,0.296286545210715
"611","2020-02-13 13:11:38","D04P1","SL0804","1","STIM-SD",9340,-150,3400,3340,2750,20,5.5,28,"Homme",0.446418659672301,1.13401255840379
"612","2020-02-13 13:21:59","D04P2","SL0804","1","STIM-SD",10250,-300,4100,3450,3000,20,5.5,28,"Homme",0.640071812805344,1.23930327886461
"613","2020-02-14 15:07:46","D05P1","SL0804","1","STIM-SD",8090,-450,2600,3440,2500,20,5.5,28,"Homme",0.180411581192846,0.657381230505728
"614","2020-02-14 15:18:13","D05P2","SL0804","1","STIM-SD",9370,-450,3450,3370,3000,20,5.5,28,"Homme",0.452802829555808,0.933731526193616
"615","2020-02-25 14:05:46","D14P1","SL0804","1","STIM-SD",8600,-450,3500,3050,2500,20,5.5,28,"Homme",0.288942469212464,0.794742575412141
"616","2020-02-25 14:16:33","D14P2","SL0804","1","STIM-SD",10420,-400,4000,3820,3000,20,5.5,28,"Homme",0.67624877547855,1.25549362945476
"617","2020-02-10 12:09:10","D01P1","SP0801","2","SHAM",-4630,-7530,450,1200,1250,17,1,25,"Femme",-2.52647644941408,-1.80566705729653
"618","2020-02-11 10:57:47","D02P1","SP0801","2","SHAM",-1475,-5275,550,2000,1250,17,1,25,"Femme",-1.85507458333194,-1.39763317721347
"619","2020-02-11 11:13:19","D02P2","SP0801","2","SHAM",-1670,-5290,700,1920,1000,17,1,25,"Femme",-1.89657168757474,-1.4304530024386
"620","2020-02-12 11:32:06","D03P1","SP0801","2","SHAM",795,-3965,1100,2160,1500,17,1,25,"Femme",-1.37200572881325,-1.01492463215501
"621","2020-02-12 11:43:09","D03P2","SP0801","2","SHAM",1465,-3835,1300,2750,1250,17,1,25,"Femme",-1.22942593474826,-0.818704473959452
"622","2020-02-13 10:35:20","D04P1","SP0801","2","SHAM",1220,-4140,1150,2710,1500,17,1,25,"Femme",-1.28156332213024,-0.858488619409044
"623","2020-02-13 10:49:08","D04P2","SP0801","2","SHAM",1130,-4110,1450,2540,1250,17,1,25,"Femme",-1.30071583178076,-0.863589115418043
"624","2020-02-14 11:15:05","D05P1","SP0801","2","SHAM",2840,-2740,1350,2980,1250,17,1,25,"Femme",-0.936818148420863,-0.604630328776635
"625","2020-02-14 11:26:33","D05P2","SP0801","2","SHAM",-480,-4190,900,1810,1000,17,1,25,"Femme",-1.64333294886229,-1.30094327579528
"626","2020-02-25 10:59:52","D14P1","SP0801","2","SHAM",4030,-3010,1650,2890,2500,17,1,25,"Femme",-0.683579409708423,-0.383523519576212
"627","2020-02-25 11:11:14","D14P2","SP0801","2","SHAM",4805,-3195,2200,3050,2750,17,1,25,"Femme",-0.518655021051161,-0.168987662788765
"628","2021-03-29 12:12:24","D01P1","SR1210","3","STIM-HD",3555,-1075,2200,430,2000,16,2,21,"Homme",-0.784662099530615,-0.59558909795527
"629","2021-03-30 11:50:41","D02P1","SR1210","3","STIM-HD",4800,-1160,1850,1360,2750,16,2,21,"Homme",-0.519719049365079,-0.396470271793693
"630","2021-03-30 12:01:17","D02P2","SR1210","3","STIM-HD",6565,-715,1750,780,4750,16,2,21,"Homme",-0.144117054552089,-0.248589459081606
"631","2021-03-31 11:47:55","D03P1","SR1210","3","STIM-HD",9655,-1065,2950,3020,4750,16,2,21,"Homme",0.513452443449123,0.598333244532608
"632","2021-03-31 11:58:50","D03P2","SR1210","3","STIM-HD",9645,-775,2150,3020,5250,16,2,21,"Homme",0.511324386821288,0.499093738207621
"633","2021-04-01 11:48:09","D04P1","SR1210","3","STIM-HD",11810,-770,2800,3280,6500,16,2,21,"Homme",0.972048646747703,0.844757139662278
"634","2021-04-01 11:59:06","D04P2","SR1210","3","STIM-HD",10320,-420,3050,2440,5250,16,2,21,"Homme",0.654968209200193,0.75146358863828
"635","2021-04-02 11:36:54","D05P1","SR1210","3","STIM-HD",10020,-770,1900,2890,6000,16,2,21,"Homme",0.591126510365124,0.438346823860929
"636","2021-04-02 11:47:48","D05P2","SR1210","3","STIM-HD",10825,-705,1850,2930,6750,16,2,21,"Homme",0.762435068905893,0.5050524310799
"637","2021-04-13 11:23:42","D14P1","SR1210","3","STIM-HD",13840,-650,2450,3290,8750,16,2,21,"Homme",1.40404414219834,0.911819892697238
"638","2021-04-13 11:34:45","D14P2","SR1210","3","STIM-HD",16890,-720,2700,3410,11500,16,2,21,"Homme",2.05310141368821,1.10554142641004
"639","2021-03-08 11:29:28","D01P1","SV2801","3","STIM-HD",5410,-1230,2150,2490,2000,16,7,22,"Homme",-0.389907595067105,-0.108322320175636
"640","2021-03-09 12:09:07","D02P1","SV2801","3","STIM-HD",5595,-1405,1700,3050,2250,16,7,22,"Homme",-0.350538547452145,-0.0829848800104034
"641","2021-03-09 12:19:35","D02P2","SV2801","3","STIM-HD",7920,-1020,2250,3440,3250,16,7,22,"Homme",0.14423461851964,0.40989266776122
"642","2021-03-10 11:48:04","D03P1","SV2801","3","STIM-HD",8495,-735,2200,3030,4000,16,7,22,"Homme",0.266597874620189,0.436751157905579
"643","2021-03-10 11:58:30","D03P2","SV2801","3","STIM-HD",9890,-1000,2250,2890,5750,16,7,22,"Homme",0.563461774203261,0.447138646320389
"644","2021-03-11 11:38:51","D04P1","SV2801","3","STIM-HD",12310,-950,1750,3510,8000,16,7,22,"Homme",1.07845147813948,0.630058221941896
"645","2021-03-11 11:49:15","D04P2","SV2801","3","STIM-HD",11265,-1285,950,3350,8250,16,7,22,"Homme",0.856069560530661,0.26074141228158
"646","2021-03-12 12:05:50","D05P1","SV2801","3","STIM-HD",12855,-735,750,3590,9250,16,7,22,"Homme",1.19443056435653,0.487416886091332
"647","2021-03-12 12:16:15","D05P2","SV2801","3","STIM-HD",18625,-1085,2300,3410,14000,16,7,22,"Homme",2.42231923861769,0.956250070223364
"648","2021-03-23 11:47:38","D14P1","SV2801","3","STIM-HD",18220,-650,1900,3470,13500,16,7,22,"Homme",2.33613294519035,0.991974545252203
"649","2021-03-23 11:58:00","D14P2","SV2801","3","STIM-HD",19000,-950,1750,3450,14750,16,7,22,"Homme",2.50212136216153,0.87252261738205
"661","2019-10-07 16:16:45","D01P1","TB3004","2","SHAM",1995,-1215,0,1460,1750,16,4.5,22,"Homme",-1.11663893347297,-1.09615244200196
"662","2019-10-08 16:49:10","D02P1","TB3004","2","SHAM",4955,-755,900,2810,2000,16,4.5,22,"Homme",-0.486734171633626,-0.238744790342515
"663","2019-10-08 17:01:08","D02P2","TB3004","2","SHAM",5040,-150,1550,2140,1500,16,4.5,22,"Homme",-0.468645690297023,0.0732168076143307
"664","2019-10-09 16:16:59","D03P1","TB3004","2","SHAM",7150,-300,2050,3150,2250,16,4.5,22,"Homme",-0.0196257418237038,0.478793830399824
"665","2019-10-09 16:28:24","D03P2","TB3004","2","SHAM",7535,-185,2000,2970,2750,16,4.5,22,"Homme",0.0623044383479682,0.579086969240648
"666","2019-10-10 16:46:01","D04P1","TB3004","2","SHAM",7240,-100,1250,3340,2750,16,4.5,22,"Homme",-0.000473232173183076,0.590805261378705
"667","2019-10-10 17:02:43","D04P2","TB3004","2","SHAM",7435,-185,1050,3070,3500,16,4.5,22,"Homme",0.0410238720696118,0.404103713261226
"668","2019-10-11 14:39:02","D05P1","TB3004","2","SHAM",5960,-350,350,2460,3500,16,4.5,22,"Homme",-0.272864480536145,-0.139057703914057
"669","2019-10-11 14:50:43","D05P2","TB3004","2","SHAM",9560,-400,250,3210,6500,16,4.5,22,"Homme",0.493235905484685,0.235328795744668
"670","2019-10-21 17:05:05","D14P1","TB3004","2","SHAM",10800,-300,1950,3150,6000,16,4.5,22,"Homme",0.757114927336304,0.775848125230008
"671","2019-10-21 17:17:02","D14P2","TB3004","2","SHAM",11870,-450,1650,3420,7250,16,4.5,22,"Homme",0.984816986514717,0.7419682506642
"672","2020-02-10 18:26:13","D01P1","TH0605","2","SHAM",4475,-1155,1150,1730,2750,15,6,20,"Homme",-0.588880889769737,-0.503150219968564
"673","2020-02-11 18:00:47","D02P1","TH0605","2","SHAM",7395,-1235,900,3230,4500,15,6,20,"Homme",0.0325116455582693,-0.00440178391281236
"674","2020-02-11 18:16:53","D02P2","TH0605","2","SHAM",8090,-1070,1050,3110,5000,15,6,20,"Homme",0.180411581192846,0.0871484374693799
"675","2020-02-12 18:09:21","D03P1","TH0605","2","SHAM",6185,-2355,750,3040,4750,15,6,20,"Homme",-0.224983206409843,-0.308384310050467
"676","2020-02-12 18:19:48","D03P2","TH0605","2","SHAM",8670,-1820,1900,3340,5250,15,6,20,"Homme",0.303838865607313,0.253580476047251
"677","2020-02-13 18:11:09","D04P1","TH0605","2","SHAM",11495,-1615,1400,3210,8500,15,6,20,"Homme",0.905014862970881,0.291047407637011
"678","2020-02-13 18:21:45","D04P2","TH0605","2","SHAM",13180,-1800,1750,3480,9750,15,6,20,"Homme",1.26359240476119,0.495744675907662
"679","2020-02-14 18:09:54","D05P1","TH0605","2","SHAM",14140,-1800,1950,2990,11000,15,6,20,"Homme",1.46788584103341,0.45717650876214
"680","2020-02-14 18:20:27","D05P2","TH0605","2","SHAM",17375,-2815,2700,3240,14250,15,6,20,"Homme",2.15631216013824,0.7012642401363
"681","2020-02-25 18:09:47","D14P1","TH0605","2","SHAM",16650,-1620,2000,3520,12750,15,6,20,"Homme",2.00202805462015,0.731862191184814
"682","2020-02-25 18:20:18","D14P2","TH0605","2","SHAM",18625,-1205,2200,3130,14500,15,6,20,"Homme",2.42231923861769,0.825823112318577
"683","2019-10-07 18:36:30","D01P1","TS2305","2","SHAM",-350,-1100,200,-1450,2000,16,3.5,22,"Homme",-1.61566821270043,-1.34319041511061
"684","2019-10-08 18:05:25","D02P1","TS2305","2","SHAM",4490,-510,750,1750,2500,16,3.5,22,"Homme",-0.585688804827983,-0.414332214444274
"685","2019-10-08 18:16:30","D02P2","TS2305","2","SHAM",4565,-925,600,2140,2750,16,3.5,22,"Homme",-0.569728380119216,-0.489953093291227
"686","2019-10-09 17:56:52","D03P1","TS2305","2","SHAM",4390,-1210,600,1500,3500,16,3.5,22,"Homme",-0.60696937110634,-0.672340236526986
"687","2019-10-09 18:12:03","D03P2","TS2305","2","SHAM",6020,-1070,1300,1540,4250,16,3.5,22,"Homme",-0.260096140769131,-0.343880572408504
"688","2019-10-10 16:15:27","D04P1","TS2305","2","SHAM",7075,-1235,1600,2460,4250,16,3.5,22,"Homme",-0.0355861665324711,-0.0417228856743748
"689","2019-10-10 16:26:51","D04P2","TS2305","2","SHAM",7640,-770,1400,2510,4500,16,3.5,22,"Homme",0.0846490329402424,0.075878462918899
"690","2019-10-11 16:13:11","D05P1","TS2305","2","SHAM",10215,-185,2250,3650,4500,16,3.5,22,"Homme",0.632623614607919,1.01947672980528
"691","2019-10-11 16:26:31","D05P2","TS2305","2","SHAM",9970,-1070,1700,3090,6250,16,3.5,22,"Homme",0.580486227225946,0.356749333973207
"692","2019-10-21 18:05:34","D14P1","TS2305","2","SHAM",9865,-335,2150,2550,5500,16,3.5,22,"Homme",0.558141632633672,0.598135104396365
"693","2019-10-21 18:19:12","D14P2","TS2305","2","SHAM",8565,-1705,2550,2970,4750,16,3.5,22,"Homme",0.281494271015039,0.317048298172871
"694","2021-05-03 18:29:24","D01P1","TT2010","3","STIM-HD",4460,-650,750,1860,2500,14,5,20,"Homme",-0.59207297471149,-0.449433712427895
"695","2021-05-04 18:08:44","D02P1","TT2010","3","STIM-HD",6170,-490,1200,2710,2750,14,5,20,"Homme",-0.228175291351596,0.0362844205693819
"696","2021-05-04 18:19:53","D02P2","TT2010","3","STIM-HD",7880,-650,1450,3080,4000,14,5,20,"Homme",0.135722392008298,0.266392594479984
"697","2021-05-05 17:57:28","D03P1","TT2010","3","STIM-HD",11570,-600,2300,3620,6250,14,5,20,"Homme",0.920975287679648,0.860033526180296
"698","2021-05-05 18:08:57","D03P2","TT2010","3","STIM-HD",13600,-1550,2250,3150,9750,14,5,20,"Homme",1.35297078313028,0.591986293769305
"699","2021-05-06 17:59:16","D04P1","TT2010","3","STIM-HD",15660,-400,3450,3610,9000,14,5,20,"Homme",1.79135044846442,1.43273364106763
"700","2021-05-06 18:10:13","D04P2","TT2010","3","STIM-HD",14830,-600,1400,3030,11000,14,5,20,"Homme",1.61472174835407,0.644002548176833
"701","2021-05-07 18:07:09","D05P1","TT2010","3","STIM-HD",15160,-650,1650,3410,10750,14,5,20,"Homme",1.68494761707264,0.80095607109499
"702","2021-05-07 18:18:07","D05P2","TT2010","3","STIM-HD",19470,-650,2050,3570,14500,14,5,20,"Homme",2.6021400236698,1.09853790758692
"703","2021-05-18 18:00:25","D14P1","TT2010","3","STIM-HD",16890,-600,1300,3690,12500,14,5,20,"Homme",2.05310141368821,0.869931974680651
"704","2021-05-18 18:11:06","D14P2","TT2010","3","STIM-HD",20040,-350,1750,3890,14750,14,5,20,"Homme",2.72343925145643,1.27804739363313
"705","2019-09-30 18:26:54","D01P1","VL1401","1","STIM-SD",3910,-220,800,1330,2000,17,5,23,"Homme",-0.70911608924245,-0.375634121366126
"706","2019-10-01 18:51:03","D02P1","VL1401","1","STIM-SD",5710,-100,700,2110,3000,17,5,23,"Homme",-0.326065896232036,0.0888472453385474
"707","2019-10-01 19:01:47","D02P2","VL1401","1","STIM-SD",7200,-300,750,2000,4750,17,5,23,"Homme",-0.00898545868452562,-0.00285832392325829
"708","2019-10-02 18:14:01","D03P1","VL1401","1","STIM-SD",8470,-700,550,2370,6250,17,5,23,"Homme",0.2612777330506,-0.0786830256621437
"709","2019-10-02 18:24:29","D03P2","VL1401","1","STIM-SD",12230,-600,950,2380,9500,17,5,23,"Homme",1.0614270251168,0.2558712933034
"710","2019-10-03 18:40:19","D04P1","VL1401","1","STIM-SD",14040,-1050,700,2390,12000,17,5,23,"Homme",1.44660527475505,0.118965625088123
"711","2019-10-03 18:50:45","D04P2","VL1401","1","STIM-SD",14405,-985,1350,2790,11250,17,5,23,"Homme",1.52427934167105,0.42506261529224
"712","2019-10-04 17:36:40","D05P1","VL1401","1","STIM-SD",16040,-1050,1300,3040,12750,17,5,23,"Homme",1.87221660032218,0.51945119157725
"713","2019-10-04 17:48:34","D05P2","VL1401","1","STIM-SD",18940,-650,1100,3240,15250,17,5,23,"Homme",2.48935302239451,0.739977672886189
"714","2019-10-15 18:39:26","D14P1","VL1401","1","STIM-SD",15510,-1370,900,2230,13750,17,5,23,"Homme",1.75942959904689,0.111197972745678
"715","2019-10-15 18:51:48","D14P2","VL1401","1","STIM-SD",16995,-1635,850,2780,15000,17,5,23,"Homme",2.07544600828048,0.236544639806132
"716","2021-03-29 10:53:41","D01P1","VL1404","3","STIM-HD",3590,-350,1050,1890,1000,17,2.5,34,"Homme",-0.777213901333191,-0.439313736349941
"717","2021-03-30 10:17:17","D02P1","VL1404","3","STIM-HD",2810,-1420,350,1880,2000,17,2.5,34,"Homme",-0.94320231830437,-0.872124984244991
"718","2021-03-30 10:28:46","D02P2","VL1404","3","STIM-HD",4710,-750,350,2860,2250,17,2.5,34,"Homme",-0.538871559015599,-0.360602516680448
"719","2021-03-31 09:41:49","D03P1","VL1404","3","STIM-HD",6015,-685,950,3000,2750,17,2.5,34,"Homme",-0.261160169083049,-0.0441630727210484
"720","2021-03-31 09:53:18","D03P2","VL1404","3","STIM-HD",6020,-450,1050,2920,2500,17,2.5,34,"Homme",-0.260096140769131,0.0457688155104918
"721","2021-04-01 10:15:18","D04P1","VL1404","3","STIM-HD",5690,-400,200,3140,2750,17,2.5,34,"Homme",-0.330322009487707,-0.0978123672619929
"722","2021-04-01 10:26:18","D04P2","VL1404","3","STIM-HD",6120,-150,650,2870,2750,17,2.5,34,"Homme",-0.238815574490774,0.187784990413492
"723","2021-04-02 14:01:57","D05P1","VL1404","3","STIM-HD",7855,-435,1150,3140,4000,17,2.5,34,"Homme",0.130402250438709,0.301188202071052
"724","2021-04-02 14:12:58","D05P2","VL1404","3","STIM-HD",6910,-220,-50,3180,4000,17,2.5,34,"Homme",-0.0706991008917591,0.0750377731358379
"725","2021-04-13 10:21:06","D14P1","VL1404","3","STIM-HD",8350,-400,1450,3300,4000,17,2.5,34,"Homme",0.235741053516573,0.460430236297214
"726","2021-04-13 10:32:41","D14P2","VL1404","3","STIM-HD",9100,-450,900,3150,5500,17,2.5,34,"Homme",0.395345300604245,0.331347227300067
"727","2021-03-22 11:29:50","D01P1","VM3004","3","STIM-HD",5800,-1480,1750,3280,2250,12,10,29,"Homme",-0.306913386581515,-0.016135931331822
"728","2021-03-23 11:00:07","D02P1","VM3004","3","STIM-HD",8745,-755,3750,3250,2500,12,10,29,"Homme",0.31979929031608,0.784846960188801
"729","2021-03-23 11:11:09","D02P2","VM3004","3","STIM-HD",8930,-1050,2900,3580,3500,12,10,29,"Homme",0.35916833793104,0.654223057821968
"730","2021-03-24 10:58:32","D03P1","VM3004","3","STIM-HD",10450,-600,2950,3850,4250,12,10,29,"Homme",0.682632945362056,0.978668287618985
"731","2021-03-24 11:09:14","D03P2","VM3004","3","STIM-HD",14130,-100,4050,3930,6250,12,10,29,"Homme",1.46575778440557,1.85627876310445
"732","2021-03-25 09:37:40","D04P1","VM3004","3","STIM-HD",9125,-1355,2000,2480,6000,12,10,29,"Homme",0.400665442173835,0.174801779701136
"733","2021-03-25 09:50:06","D04P2","VM3004","3","STIM-HD",12880,-1120,1850,3150,9000,12,10,29,"Homme",1.19975070592612,0.547306392220697
"734","2021-03-26 10:51:25","D05P1","VM3004","3","STIM-HD",16820,-600,2050,3620,11750,12,10,29,"Homme",2.03820501729336,1.04242058764353
"735","2021-03-26 11:02:31","D05P2","VM3004","3","STIM-HD",18520,-150,2750,3670,12250,12,10,29,"Homme",2.39997464402542,1.6042103058037
"736","2021-04-06 08:58:43","D14P1","VM3004","3","STIM-HD",16490,-1000,2500,3240,11750,12,10,29,"Homme",1.96797914857478,0.909720583865709
"737","2021-04-06 09:09:13","D14P2","VM3004","3","STIM-HD",20510,-400,2350,3560,15000,12,10,29,"Homme",2.82345791296471,1.32556206456188
"738","2019-10-07 08:40:19","D01P1","YC1703","1","STIM-SD",4110,-1630,1400,2340,2000,17,6,21,"Homme",-0.666554956685737,-0.463860968847269
"739","2019-10-08 08:26:30","D02P1","YC1703","1","STIM-SD",7875,-865,1900,3590,3250,17,6,21,"Homme",0.13465836369438,0.403434042235868
"740","2019-10-08 08:42:23","D02P2","YC1703","1","STIM-SD",7320,-860,1700,3480,3000,17,6,21,"Homme",0.016551220849502,0.287247584294146
"741","2019-10-09 15:03:52","D03P1","YC1703","1","STIM-SD",6480,-840,1300,3020,3000,17,6,21,"Homme",-0.162205535888691,0.0364959199207126
"742","2019-10-09 15:17:27","D03P2","YC1703","1","STIM-SD",9180,-470,2950,2950,3750,17,6,21,"Homme",0.412369753626931,0.727429151279343
"743","2019-10-10 08:26:38","D04P1","YC1703","1","STIM-SD",8445,-755,1750,3700,3750,17,6,21,"Homme",0.255957591481011,0.479706633384906
"744","2019-10-10 08:39:27","D04P2","YC1703","1","STIM-SD",8590,-470,2100,3210,3750,17,6,21,"Homme",0.286814412584628,0.561397839512937
"745","2019-10-11 08:23:54","D05P1","YC1703","1","STIM-SD",8435,-635,1350,3220,4500,17,6,21,"Homme",0.253829534853176,0.325546489108412
"746","2019-10-11 08:35:52","D05P2","YC1703","1","STIM-SD",11710,-100,2400,3660,5750,17,6,21,"Homme",0.950768080469347,1.27542532676339
"747","2019-10-21 08:32:21","D14P1","YC1703","1","STIM-SD",11340,-100,2150,3790,5500,17,6,21,"Homme",0.872029985239428,1.22705123142177
"748","2019-10-21 08:43:24","D14P2","YC1703","1","STIM-SD",12380,-790,2400,3270,7500,17,6,21,"Homme",1.09334787453433,0.774853158800477
