;Date;Session;Pseudo;TotalScore;Flight;Bonus;Mine;Fortress;Treatment;NET;GameLevel;Age;Genre;Group;ZScore
1;04/06/2018 13:51;D01P1;AC2302;2710;-790;600;900;2000;2;17;9;24;Homme;SHAM;-0.931205069416125
2;05/06/2018 12:31;D02P1;AC2302;5060;-610;2600;1070;2000;2;17;9;24;Homme;SHAM;-0.418918296938598
3;05/06/2018 12:31;D02P2;AC2302;8305;-335;1750;3390;3500;2;17;9;24;Homme;SHAM;0.288473437822923
4;06/06/2018 12:38;D03P1;AC2302;9800;-100;1450;2950;5500;2;17;9;24;Homme;SHAM;0.614375022867137
5;06/06/2018 12:38;D03P2;AC2302;12255;-185;2350;3340;6750;2;17;9;24;Homme;SHAM;1.1495512043277
6;07/06/2018 12:40;D04P1;AC2302;12940;-100;1950;3340;7750;2;17;9;24;Homme;SHAM;1.29887734864562
7;07/06/2018 12:40;D04P2;AC2302;15720;-50;2100;3670;10000;2;17;9;24;Homme;SHAM;1.90490170076797
8;08/06/2018 12:39;D05P1;AC2302;15370;-350;1200;3270;11250;2;17;9;24;Homme;SHAM;1.82860367082451
9;08/06/2018 12:39;D05P2;AC2302;18790;-350;1400;3240;14500;2;17;9;24;Homme;SHAM;2.57414442055776
10;19/06/2018 12:42;D14P1;AC2302;18855;-985;1400;3690;14750;2;17;9;24;Homme;SHAM;2.58831405469012
11;19/06/2018 12:42;D14P2;AC2302;21610;-950;1750;3560;17250;2;17;9;24;Homme;SHAM;3.18888854753079
23;18/11/2019 19:46;D01P1;AL2409;3715;-825;700;2590;1250;2;16;6;20;Homme;SHAM;-0.712120726292757
24;19/11/2019 18:00;D02P1;AL2409;6990;-190;2000;2930;2250;2;16;6;20;Homme;SHAM;0.00181083960677497
25;19/11/2019 18:12;D02P2;AL2409;6760;-670;1800;3130;2500;2;16;6;20;Homme;SHAM;-0.0483278657846425
26;20/11/2019 17:03;D03P1;AL2409;8230;-150;2150;3730;2500;2;16;6;20;Homme;SHAM;0.272123859977896
27;20/11/2019 17:15;D03P2;AL2409;8550;-350;2800;3350;2750;2;16;6;20;Homme;SHAM;0.341882058783346
28;21/11/2019 15:08;D04P1;AL2409;10090;-100;3200;3740;3250;2;16;6;20;Homme;SHAM;0.677593390534576
29;21/11/2019 15:19;D04P2;AL2409;9970;-150;2700;3920;3500;2;16;6;20;Homme;SHAM;0.651434065982533
30;22/11/2019 18:32;D05P1;AL2409;8960;-400;2150;3710;3500;2;16;6;20;Homme;SHAM;0.431259751002829
31;22/11/2019 18:45;D05P2;AL2409;10090;-300;2750;4140;3500;2;16;6;20;Homme;SHAM;0.677593390534576
32;02/12/2019 19:41;D14P1;AL2409;10200;-350;2900;4150;3500;2;16;6;20;Homme;SHAM;0.70157277137395
33;02/12/2019 19:52;D14P2;AL2409;10570;-400;2650;3820;4500;2;16;6;20;Homme;SHAM;0.782230688742752
34;02/12/2019 07:37;D01P1;AR1208;2425;-2955;1200;2430;1750;1;14;3.5;19;Femme;STIMSD;-0.993333465227229
35;03/12/2019 07:12;D02P1;AR1208;3100;-1810;1250;1910;1750;1;14;3.5;19;Femme;STIMSD;-0.846187264621982
36;03/12/2019 07:30;D02P2;AR1208;2430;-2850;1250;2030;2000;1;14;3.5;19;Femme;STIMSD;-0.992243493370894
37;04/12/2019 07:21;D03P1;AR1208;5385;-1585;1750;2970;2250;1;14;3.5;19;Femme;STIMSD;-0.348070126276813
38;04/12/2019 07:34;D03P2;AR1208;5380;-1210;1650;2440;2500;1;14;3.5;19;Femme;STIMSD;-0.349160098133148
39;05/12/2019 07:22;D04P1;AR1208;6090;-770;2100;2760;2000;1;14;3.5;19;Femme;STIMSD;-0.194384094533554
40;05/12/2019 07:39;D04P2;AR1208;6975;-1105;2750;3080;2250;1;14;3.5;19;Femme;STIMSD;-0.00145907596223052
41;06/12/2019 07:24;D05P1;AR1208;7725;-805;2950;2830;2750;1;14;3.5;19;Femme;STIMSD;0.162036702488044
42;06/12/2019 07:34;D05P2;AR1208;7115;-1055;2350;2820;3000;1;14;3.5;19;Femme;STIMSD;0.0290601360151541
43;18/12/2019 07:24;D14P1;AR1208;8140;-350;2800;2940;2750;1;14;3.5;19;Femme;STIMSD;0.252504366563863
44;18/12/2019 07:36;D14P2;AR1208;7495;-1355;2350;3000;3500;1;14;3.5;19;Femme;STIMSD;0.111897997096626
45;04/06/2018 17:55;D01P1;AS0808;5425;-645;1600;2970;1500;1;16;6;21;Homme;STIMSD;-0.339350351426131
46;05/06/2018 10:03;D02P1;AS0808;6530;-720;1950;3050;2250;1;16;6;21;Homme;STIMSD;-0.0984665711760601
47;05/06/2018 10:03;D02P2;AS0808;6360;-720;1950;2630;2500;1;16;6;21;Homme;STIMSD;-0.135525614291456
48;06/06/2018 10:05;D03P1;AS0808;7655;-805;2550;2910;3000;1;16;6;21;Homme;STIMSD;0.146777096499352
49;06/06/2018 10:05;D03P2;AS0808;8845;-355;2950;3500;2750;1;16;6;21;Homme;STIMSD;0.406190398307121
50;07/06/2018 10:05;D04P1;AS0808;8525;-135;1700;3710;3250;1;16;6;21;Homme;STIMSD;0.33643219950167
51;07/06/2018 10:05;D04P2;AS0808;10680;-450;2150;3230;5750;1;16;6;21;Homme;STIMSD;0.806210069582126
52;08/06/2018 10:04;D05P1;AS0808;10415;-485;2450;3700;4750;1;16;6;21;Homme;STIMSD;0.748441561196362
53;08/06/2018 10:04;D05P2;AS0808;11830;-570;2550;3600;6250;1;16;6;21;Homme;STIMSD;1.05690359653921
54;19/06/2018 10:08;D14P1;AS0808;9950;-770;2350;3620;4750;1;16;6;21;Homme;STIMSD;0.647074178557192
55;19/06/2018 10:08;D14P2;AS0808;10290;-650;1950;3490;5500;1;16;6;21;Homme;STIMSD;0.721192264787983
56;02/12/2019 17:12;D01P1;BM0103;4690;-680;1600;1770;2000;1;17;4.5;23;Homme;STIMSD;-0.4995762143074
57;03/12/2019 17:55;D02P1;BM0103;5460;-590;2150;1650;2250;1;17;4.5;23;Homme;STIMSD;-0.331720548431785
58;03/12/2019 18:06;D02P2;BM0103;6955;-255;2250;2210;2750;1;17;4.5;23;Homme;STIMSD;-0.00581896338757117
59;04/12/2019 17:24;D03P1;BM0103;9140;-470;3700;2910;3000;1;17;4.5;23;Homme;STIMSD;0.470498737830895
60;04/12/2019 17:37;D03P2;BM0103;9115;-335;2350;3100;4000;1;17;4.5;23;Homme;STIMSD;0.46504887854922
61;05/12/2019 17:23;D04P1;BM0103;10470;-450;2850;3320;4750;1;17;4.5;23;Homme;STIMSD;0.760431251616049
62;05/12/2019 17:34;D04P2;BM0103;11710;-300;3300;3460;5250;1;17;4.5;23;Homme;STIMSD;1.03074427198717
63;06/12/2019 16:44;D05P1;BM0103;10860;-600;2700;3760;5000;1;17;4.5;23;Homme;STIMSD;0.845449056410192
64;06/12/2019 16:56;D05P2;BM0103;10960;-650;1300;3310;7000;1;17;4.5;23;Homme;STIMSD;0.867248493536895
65;17/12/2019 16:09;D14P1;BM0103;13350;-350;2850;3100;7750;1;17;4.5;23;Homme;STIMSD;1.3882550408651
66;17/12/2019 16:23;D14P2;BM0103;15410;-450;2600;4010;9250;1;17;4.5;23;Homme;STIMSD;1.83732344567519
67;01/03/2021 11:40;D01P1;BS1410;-1820;-3400;200;880;500;2;20;3;29;Femme;SHAM;-1.91871957125578
68;02/03/2021 11:12;D02P1;BS1410;2640;-1260;250;2650;1000;2;20;3;29;Femme;SHAM;-0.946464675404817
69;02/03/2021 11:23;D02P2;BS1410;950;-2420;200;2420;750;2;20;3;29;Femme;SHAM;-1.3148751628461
70;03/03/2021 11:16;D03P1;BS1410;2150;-1480;150;2480;1000;2;20;3;29;Femme;SHAM;-1.05328191732566
71;03/03/2021 11:27;D03P2;BS1410;4525;-185;600;2860;1250;2;20;3;29;Femme;SHAM;-0.535545285566461
72;04/03/2021 11:25;D04P1;BS1410;4650;-900;600;3450;1500;2;20;3;29;Femme;SHAM;-0.508295989158082
73;04/03/2021 11:36;D04P2;BS1410;4335;-935;800;3220;1250;2;20;3;29;Femme;SHAM;-0.576964216107197
74;05/03/2021 11:14;D05P1;BS1410;4470;-750;850;2620;1750;2;20;3;29;Femme;SHAM;-0.547534975986148
75;05/03/2021 11:25;D05P2;BS1410;7070;-150;1750;2970;2500;2;20;3;29;Femme;SHAM;0.0192503893081376
76;16/03/2021 11:01;D14P1;BS1410;5680;-600;1050;3230;2000;2;20;3;29;Femme;SHAM;-0.283761786753038
77;16/03/2021 11:12;D14P2;BS1410;5735;-685;1150;3020;2250;2;20;3;29;Femme;SHAM;-0.271772096333351
78;07/10/2019 08:06;D01P1;CA2209;-1525;-4065;450;1090;1000;2;16;2;22;Femme;SHAM;-1.85441123173201
79;08/10/2019 07:58;D02P1;CA2209;1005;-2635;450;1940;1250;2;16;2;22;Femme;SHAM;-1.30288547242642
80;08/10/2019 08:10;D02P2;CA2209;3385;-1005;850;2540;1000;2;16;2;22;Femme;SHAM;-0.784058868810878
81;09/10/2019 07:59;D03P1;CA2209;4005;-755;700;2560;1500;2;16;2;22;Femme;SHAM;-0.648902358625318
82;09/10/2019 08:11;D03P2;CA2209;2560;-1230;300;1740;1750;2;16;2;22;Femme;SHAM;-0.96390422510618
83;10/10/2019 07:58;D04P1;CA2209;4515;-805;600;2470;2250;2;16;2;22;Femme;SHAM;-0.537725229279131
84;10/10/2019 08:11;D04P2;CA2209;4100;-1210;900;2160;2250;2;16;2;22;Femme;SHAM;-0.62819289335495
85;11/10/2019 07:52;D05P1;CA2209;5780;-470;500;2750;3000;2;16;2;22;Femme;SHAM;-0.261962349626335
86;11/10/2019 08:06;D05P2;CA2209;6555;-1095;750;2650;4250;2;16;2;22;Femme;SHAM;-0.0930167118943843
87;21/10/2019 08:04;D14P1;CA2209;7035;-1145;2000;2930;3250;2;16;2;22;Femme;SHAM;0.0116205863137914
88;21/10/2019 08:15;D14P2;CA2209;4260;-2190;1100;2350;3000;2;16;2;22;Femme;SHAM;-0.593313793952224
89;13/01/2020 07:35;D01P1;CB1706;6440;-740;1250;2680;3250;1;15;4;19;Homme;STIMSD;-0.118086064590093
90;14/01/2020 07:18;D02P1;CB1706;7945;-635;2100;2730;3750;1;15;4;19;Homme;STIMSD;0.209995464166791
91;14/01/2020 07:31;D02P2;CB1706;9605;-385;2300;3440;4250;1;15;4;19;Homme;STIMSD;0.571866120470066
92;15/01/2020 07:14;D03P1;CB1706;9070;-50;1550;3320;4250;1;15;4;19;Homme;STIMSD;0.455239131842203
93;15/01/2020 07:28;D03P2;CB1706;9260;-450;2300;3160;4250;1;15;4;19;Homme;STIMSD;0.496658062382939
94;16/01/2020 07:18;D04P1;CB1706;10020;-300;1450;3620;5250;1;15;4;19;Homme;STIMSD;0.662333784545884
95;16/01/2020 07:33;D04P2;CB1706;10295;-485;1050;3730;6000;1;15;4;19;Homme;STIMSD;0.722282236644318
96;17/01/2020 12:04;D05P1;CB1706;11195;-485;1950;3730;6000;1;15;4;19;Homme;STIMSD;0.918477170784648
97;17/01/2020 12:15;D05P2;CB1706;10225;-835;1550;2760;6750;1;15;4;19;Homme;STIMSD;0.707022630655626
98;28/01/2020 07:18;D14P1;CB1706;12170;-350;1600;3920;7000;1;15;4;19;Homme;STIMSD;1.13102168277
99;28/01/2020 07:31;D14P2;CB1706;13280;-100;1650;3730;8000;1;15;4;19;Homme;STIMSD;1.37299543487641
100;18/11/2019 19:03;D01P1;CB2708;760;-2250;1100;660;1250;1;14;5.5;19;Homme;STIMSD;-1.35629409338684
101;19/11/2019 19:08;D02P1;CB2708;1570;-3270;1450;1140;2250;1;14;5.5;19;Homme;STIMSD;-1.17971865266054
102;19/11/2019 19:21;D02P2;CB2708;3315;-2245;1550;1260;2750;1;14;5.5;19;Homme;STIMSD;-0.79931847479957
103;20/11/2019 13:33;D03P1;CB2708;4855;-1705;2100;1960;2500;1;14;5.5;19;Homme;STIMSD;-0.46360714304834
104;20/11/2019 13:49;D03P2;CB2708;3780;-2780;1750;1560;3250;1;14;5.5;19;Homme;STIMSD;-0.6979510921604
105;21/11/2019 18:36;D04P1;CB2708;6180;-980;2350;1810;3000;1;14;5.5;19;Homme;STIMSD;-0.174764601119522
106;21/11/2019 18:52;D04P2;CB2708;5935;-1435;2000;1870;3500;1;14;5.5;19;Homme;STIMSD;-0.228173222079945
107;22/11/2019 19:01;D05P1;CB2708;7280;-1300;2350;2480;3750;1;14;5.5;19;Homme;STIMSD;0.0650292072742145
108;22/11/2019 19:11;D05P2;CB2708;7920;-1120;1200;2840;5000;1;14;5.5;19;Homme;STIMSD;0.204545604885115
109;03/12/2019 18:34;D14P1;CB2708;7855;-1175;1950;2330;4750;1;14;5.5;19;Homme;STIMSD;0.190375970752758
110;03/12/2019 18:47;D14P2;CB2708;8375;-1585;1950;2510;5500;1;14;5.5;19;Homme;STIMSD;0.303733043811615
133;18/11/2019 20:35;D01P1;CJ1906;3060;-1240;500;2050;1750;1;16;2.5;21;Homme;STIMSD;-0.854907039472664
134;19/11/2019 18:38;D02P1;CJ1906;4280;-820;300;2300;2500;1;16;2.5;21;Homme;STIMSD;-0.588953906526884
135;19/11/2019 18:50;D02P2;CJ1906;5765;-735;550;1950;4000;1;16;2.5;21;Homme;STIMSD;-0.26523226519534
136;20/11/2019 18:45;D03P1;CJ1906;8330;-600;1150;2780;5000;1;16;2.5;21;Homme;STIMSD;0.293923297104599
137;20/11/2019 18:56;D03P2;CJ1906;10225;-435;650;3010;7000;1;16;2.5;21;Homme;STIMSD;0.707022630655626
138;21/11/2019 17:09;D04P1;CJ1906;11910;-1050;900;2810;9250;1;16;2.5;21;Homme;STIMSD;1.07434314624058
139;21/11/2019 17:24;D04P2;CJ1906;10920;-750;850;2820;8000;1;16;2.5;21;Homme;STIMSD;0.858528718686214
140;22/11/2019 17:38;D05P1;CJ1906;12590;-2250;700;3140;11000;1;16;2.5;21;Homme;STIMSD;1.22257931870216
141;22/11/2019 17:49;D05P2;CJ1906;11650;-2100;900;2850;10000;1;16;2.5;21;Homme;STIMSD;1.01766460971115
142;03/12/2019 17:12;D14P1;CJ1906;12860;-1600;1050;2910;10500;1;16;2.5;21;Homme;STIMSD;1.28143779894426
143;03/12/2019 17:23;D14P2;CJ1906;11410;-1850;1150;2860;9250;1;16;2.5;21;Homme;STIMSD;0.96534596060706
144;18/11/2019 12:30;D01P1;CO1106;1860;-750;100;1510;1000;2;16;2;22;Homme;SHAM;-1.1165002849931
145;19/11/2019 12:13;D02P1;CO1106;1325;-785;0;1110;1000;2;16;2;22;Homme;SHAM;-1.23312727362097
146;19/11/2019 12:24;D02P2;CO1106;2915;-1035;0;2450;1500;2;16;2;22;Homme;SHAM;-0.886516223306383
147;20/11/2019 12:04;D03P1;CO1106;4840;-370;100;2860;2250;2;16;2;22;Homme;SHAM;-0.466877058617345
148;20/11/2019 12:19;D03P2;CO1106;5950;-150;0;3350;2750;2;16;2;22;Homme;SHAM;-0.224903306510939
149;21/11/2019 14:08;D04P1;CO1106;6280;-350;400;3480;2750;2;16;2;22;Homme;SHAM;-0.152965163992818
150;21/11/2019 14:22;D04P2;CO1106;5350;-750;300;2550;3250;2;16;2;22;Homme;SHAM;-0.355699929271159
151;22/11/2019 11:36;D05P1;CO1106;7540;-450;700;3290;4000;2;16;2;22;Homme;SHAM;0.121707743803643
152;22/11/2019 11:47;D05P2;CO1106;8370;-400;750;3520;4500;2;16;2;22;Homme;SHAM;0.30264307195528
153;02/12/2019 12:34;D14P1;CO1106;9110;-150;500;3760;5000;2;16;2;22;Homme;SHAM;0.463958906692884
154;02/12/2019 12:46;D14P2;CO1106;9470;-700;900;3520;5750;2;16;2;22;Homme;SHAM;0.542436880349016
177;03/02/2020 18:38;D01P1;CR2709;4530;-600;700;1930;2500;2;17;3;24;Femme;SHAM;-0.534455313710126
178;04/02/2020 17:53;D02P1;CR2709;4205;-1405;1250;2360;2000;2;17;3;24;Femme;SHAM;-0.605303484371911
179;04/02/2020 18:08;D02P2;CR2709;6590;-700;1750;3040;2500;2;17;3;24;Femme;SHAM;-0.0853869089000381
180;05/02/2020 17:50;D03P1;CR2709;5570;-450;1150;2620;2250;2;17;3;24;Femme;SHAM;-0.307741167592411
181;05/02/2020 18:05;D03P2;CR2709;6565;-485;2000;3050;2000;2;17;3;24;Femme;SHAM;-0.0908367681817139
182;06/02/2020 17:44;D04P1;CR2709;7075;-685;1850;3160;2750;2;17;3;24;Femme;SHAM;0.0203403611644728
183;06/02/2020 18:05;D04P2;CR2709;7465;-335;2400;2900;2500;2;17;3;24;Femme;SHAM;0.105358165958616
184;07/02/2020 17:49;D05P1;CR2709;8920;-100;3050;2970;3000;2;17;3;24;Femme;SHAM;0.422539976152148
185;07/02/2020 18:01;D05P2;CR2709;10240;-150;4050;3090;3250;2;17;3;24;Femme;SHAM;0.710292546224631
186;18/02/2020 17:47;D14P1;CR2709;9855;-35;3100;3790;3000;2;17;3;24;Femme;SHAM;0.626364713286824
187;18/02/2020 18:00;D14P2;CR2709;10440;-350;3900;3640;3250;2;17;3;24;Femme;SHAM;0.753891420478038
199;07/10/2019 20:16;D01P1;EB2307;-425;-1795;400;-280;1250;1;17;1.5;22;Homme;STIMSD;-1.61461742333827
200;08/10/2019 19:33;D02P1;EB2307;555;-1195;650;-650;1750;1;17;1.5;22;Homme;STIMSD;-1.40098293949658
201;08/10/2019 19:49;D02P2;EB2307;1450;-1340;550;-260;2500;1;17;1.5;22;Homme;STIMSD;-1.20587797721259
202;09/10/2019 19:35;D03P1;EB2307;1450;-1410;650;210;2000;1;17;1.5;22;Homme;STIMSD;-1.20587797721259
203;09/10/2019 19:47;D03P2;EB2307;3955;-875;1750;1080;2000;1;17;1.5;22;Homme;STIMSD;-0.659802077188669
204;10/10/2019 18:44;D04P1;EB2307;5700;-700;2000;2400;2000;1;17;1.5;22;Homme;STIMSD;-0.279401899327697
205;10/10/2019 18:55;D04P2;EB2307;5155;-485;1550;1590;2500;1;17;1.5;22;Homme;STIMSD;-0.39820883166823
206;11/10/2019 15:41;D05P1;EB2307;4770;-1320;1450;1890;2750;1;17;1.5;22;Homme;STIMSD;-0.482136664606038
207;11/10/2019 15:53;D05P2;EB2307;3660;-1020;600;1330;2750;1;17;1.5;22;Homme;STIMSD;-0.724110416712444
208;21/10/2019 19:19;D14P1;EB2307;6010;-470;1650;2330;2500;1;17;1.5;22;Homme;STIMSD;-0.211823644234917
209;21/10/2019 19:32;D14P2;EB2307;3520;-970;750;1490;2250;1;17;1.5;22;Homme;STIMSD;-0.754629628689829
221;30/09/2019 16:23;D01P1;EC2802;-610;-3190;550;1030;1000;1;17;2.5;22;Homme;STIMSD;-1.65494638202267
222;01/10/2019 16:12;D02P1;EC2802;-380;-2490;300;810;1000;1;17;2.5;22;Homme;STIMSD;-1.60480767663126
223;01/10/2019 16:23;D02P2;EC2802;3085;-825;1150;1760;1000;1;17;2.5;22;Homme;STIMSD;-0.849457180190988
224;02/10/2019 16:19;D03P1;EC2802;3760;-1160;1650;2270;1000;1;17;2.5;22;Homme;STIMSD;-0.702310979585741
225;02/10/2019 16:30;D03P2;EC2802;4360;-1570;2000;2680;1250;1;17;2.5;22;Homme;STIMSD;-0.571514356825521
226;03/10/2019 16:21;D04P1;EC2802;4425;-1845;2450;2570;1250;1;17;2.5;22;Homme;STIMSD;-0.557344722693164
227;03/10/2019 16:32;D04P2;EC2802;4645;-1875;2550;2470;1500;1;17;2.5;22;Homme;STIMSD;-0.509385961014417
228;04/10/2019 15:10;D05P1;EC2802;5480;-930;3000;2160;1250;1;17;2.5;22;Homme;STIMSD;-0.327360661006444
229;04/10/2019 15:20;D05P2;EC2802;4695;-1655;2600;2500;1250;1;17;2.5;22;Homme;STIMSD;-0.498486242451065
230;15/10/2019 17:11;D14P1;EC2802;7160;-520;3300;2880;1500;1;17;2.5;22;Homme;STIMSD;0.0388698827221705
231;15/10/2019 17:26;D14P2;EC2802;6375;-1155;2450;3080;2000;1;17;2.5;22;Homme;STIMSD;-0.13225569872245
265;04/06/2018 16:55;D01P1;GF0912;1965;-995;650;810;1500;1;16;3;22;Homme;STIMSD;-1.09361087601006
266;05/06/2018 11:33;D02P1;GF0912;2965;-1155;1050;1320;1750;1;16;3;22;Homme;STIMSD;-0.875616504743032
267;05/06/2018 11:33;D02P2;GF0912;3980;-1580;1600;1710;2250;1;16;3;22;Homme;STIMSD;-0.654352217906993
268;06/06/2018 11:35;D03P1;GF0912;8325;-185;2750;2760;3000;1;16;3;22;Homme;STIMSD;0.292833325248264
269;06/06/2018 11:35;D03P2;GF0912;6335;-935;1750;2020;3500;1;16;3;22;Homme;STIMSD;-0.140975473573131
270;07/06/2018 11:29;D04P1;GF0912;5915;-705;1450;2670;2500;1;16;3;22;Homme;STIMSD;-0.232533109505285
271;07/06/2018 11:29;D04P2;GF0912;6360;-750;1150;2210;3750;1;16;3;22;Homme;STIMSD;-0.135525614291456
272;08/06/2018 11:34;D05P1;GF0912;8575;-255;1800;3030;4000;1;16;3;22;Homme;STIMSD;0.347331918065022
273;08/06/2018 11:34;D05P2;GF0912;8550;-270;1200;2870;4750;1;16;3;22;Homme;STIMSD;0.341882058783346
274;19/06/2018 11:28;D14P1;GF0912;8200;-840;1850;3190;4000;1;16;3;22;Homme;STIMSD;0.265584028839885
275;19/06/2018 11:28;D14P2;GF0912;8605;-805;1650;3010;4750;1;16;3;22;Homme;STIMSD;0.353871749203033
276;10/02/2020 11:16;D01P1;GF1410;2380;-1070;1900;300;1250;1;15;2.5;32;Homme;STIMSD;-1.00314321193425
277;11/02/2020 14:13;D02P1;GF1410;1325;-1665;700;790;1500;1;15;2.5;32;Homme;STIMSD;-1.23312727362097
278;11/02/2020 14:24;D02P2;GF1410;3125;-805;550;1130;2250;1;15;2.5;32;Homme;STIMSD;-0.840737405340306
279;12/02/2020 10:56;D03P1;GF1410;3510;-820;900;1430;2000;1;15;2.5;32;Homme;STIMSD;-0.756809572402499
280;12/02/2020 11:07;D03P2;GF1410;2815;-735;1400;150;2000;1;15;2.5;32;Homme;STIMSD;-0.908315660433087
281;13/02/2020 14:17;D04P1;GF1410;3090;-820;950;1210;1750;1;15;2.5;32;Homme;STIMSD;-0.848367208334653
282;13/02/2020 14:34;D04P2;GF1410;3965;-855;1150;670;3000;1;15;2.5;32;Homme;STIMSD;-0.657622133475999
283;14/02/2020 10:34;D05P1;GF1410;3925;-735;900;1510;2250;1;15;2.5;32;Homme;STIMSD;-0.66634190832668
284;14/02/2020 10:44;D05P2;GF1410;5010;-450;850;2360;2250;1;15;2.5;32;Homme;STIMSD;-0.42981801550195
285;25/02/2020 10:26;D14P1;GF1410;4400;-770;700;1470;3000;1;15;2.5;32;Homme;STIMSD;-0.56279458197484
286;25/02/2020 10:39;D14P2;GF1410;6060;-150;1150;2060;3000;1;15;2.5;32;Homme;STIMSD;-0.200923925671565
287;04/06/2018 14:20;D01P1;GM2504;820;-590;850;560;0;1;15;6;21;Homme;STIMSD;-1.34321443111082
288;05/06/2018 14:03;D02P1;GM2504;1525;-735;1550;710;0;1;15;6;21;Homme;STIMSD;-1.18952839936756
289;05/06/2018 14:03;D02P2;GM2504;1865;-985;1400;700;750;1;15;6;21;Homme;STIMSD;-1.11541031313677
290;06/06/2018 14:03;D03P1;GM2504;2645;-505;450;450;2250;1;15;6;21;Homme;STIMSD;-0.945374703548482
291;06/06/2018 14:03;D03P2;GM2504;3965;-735;350;1100;3250;1;15;6;21;Homme;STIMSD;-0.657622133475999
292;07/06/2018 13:59;D04P1;GM2504;4880;-900;450;1580;3750;1;15;6;21;Homme;STIMSD;-0.458157283766664
293;07/06/2018 13:59;D04P2;GM2504;5550;-1120;200;2220;4250;1;15;6;21;Homme;STIMSD;-0.312101055017752
294;08/06/2018 14:03;D05P1;GM2504;9385;-685;900;2920;6250;1;15;6;21;Homme;STIMSD;0.523907358791318
295;08/06/2018 14:03;D05P2;GM2504;9515;-635;650;2500;7000;1;15;6;21;Homme;STIMSD;0.552246627056033
296;19/06/2018 14:10;D14P1;GM2504;8140;-1120;300;2460;6500;1;15;6;21;Homme;STIMSD;0.252504366563863
297;19/06/2018 14:10;D14P2;GM2504;8925;-1205;600;2780;6750;1;15;6;21;Homme;STIMSD;0.423629948008483
298;02/12/2019 16:18;D01P1;HA2212;-2170;-3750;900;430;250;1;20;1.5;27;Homme;STIMSD;-1.99501760119924
299;03/12/2019 16:28;D02P1;HA2212;-320;-2630;950;860;500;1;20;1.5;27;Homme;STIMSD;-1.59172801435523
300;03/12/2019 16:39;D02P2;HA2212;4145;-805;1300;2150;1500;1;20;1.5;27;Homme;STIMSD;-0.618383146647933
301;04/12/2019 16:45;D03P1;HA2212;3050;-1670;1300;1420;2000;1;20;1.5;27;Homme;STIMSD;-0.857086983185334
302;04/12/2019 17:04;D03P2;HA2212;3430;-1340;2050;220;2500;1;20;1.5;27;Homme;STIMSD;-0.774249122103862
303;05/12/2019 16:55;D04P1;HA2212;4640;-770;1550;2110;1750;1;20;1.5;27;Homme;STIMSD;-0.510475932870752
304;05/12/2019 17:05;D04P2;HA2212;3475;-1035;1000;1260;2250;1;20;1.5;27;Homme;STIMSD;-0.764439375396845
305;06/12/2019 16:11;D05P1;HA2212;6025;-1035;1700;2360;3000;1;20;1.5;27;Homme;STIMSD;-0.208553728665912
306;06/12/2019 16:23;D05P2;HA2212;5130;-1390;1650;2370;2500;1;20;1.5;27;Homme;STIMSD;-0.403658690949906
307;18/12/2019 15:22;D14P1;HA2212;3160;-1390;1250;1050;2250;1;20;1.5;27;Homme;STIMSD;-0.83310760234596
308;18/12/2019 15:33;D14P2;HA2212;9880;-400;3450;3330;3500;1;20;1.5;27;Homme;STIMSD;0.6318145725685
309;04/06/2018 17:24;D01P1;HI0310;4915;-1285;1300;2900;2000;2;13;6;30;Homme;SHAM;-0.450527480772318
310;05/06/2018 17:06;D02P1;HI0310;4410;-1140;1900;1900;1750;2;13;6;30;Homme;SHAM;-0.56061463826217
311;05/06/2018 17:06;D02P2;HI0310;6230;-1020;2700;2550;2000;2;13;6;30;Homme;SHAM;-0.16386488255617
312;06/06/2018 17:01;D03P1;HI0310;6850;-670;2400;2120;3000;2;13;6;30;Homme;SHAM;-0.0287083723706096
313;06/06/2018 17:01;D03P2;HI0310;7655;-1335;2050;2440;4500;2;13;6;30;Homme;SHAM;0.146777096499352
314;07/06/2018 17:06;D04P1;HI0310;8110;-1080;2350;2590;4250;2;13;6;30;Homme;SHAM;0.245964535425852
315;07/06/2018 17:06;D04P2;HI0310;10475;-725;2600;2850;5750;2;13;6;30;Homme;SHAM;0.761521223472384
316;08/06/2018 17:06;D05P1;HI0310;13250;-1100;3400;3200;7750;2;13;6;30;Homme;SHAM;1.3664556037384
317;08/06/2018 17:06;D05P2;HI0310;13015;-905;3600;3320;7000;2;13;6;30;Homme;SHAM;1.31522692649065
318;19/06/2018 17:07;D14P1;HI0310;6745;-1965;2300;2160;4250;2;13;6;30;Homme;SHAM;-0.051597781353648
319;19/06/2018 17:07;D14P2;HI0310;10105;-1555;3550;3110;5000;2;13;6;30;Homme;SHAM;0.680863306103582
320;01/03/2021 15:13;D01P1;JA2904;4360;-1280;1800;2340;1500;1;17;3.5;23;Homme;STIMSD;-0.571514356825521
321;02/03/2021 14:41;D02P1;JA2904;4130;-1440;1250;2820;1500;1;17;3.5;23;Homme;STIMSD;-0.621653062216939
322;02/03/2021 14:52;D02P2;JA2904;4185;-2425;1950;2660;2000;1;17;3.5;23;Homme;STIMSD;-0.609663371797252
323;03/03/2021 14:44;D03P1;JA2904;6090;-960;2200;3100;1750;1;17;3.5;23;Homme;STIMSD;-0.194384094533554
324;03/03/2021 14:55;D03P2;JA2904;7140;-1000;3000;3140;2000;1;17;3.5;23;Homme;STIMSD;0.0345099952968299
325;04/03/2021 14:43;D04P1;JA2904;6745;-805;2400;2650;2500;1;17;3.5;23;Homme;STIMSD;-0.051597781353648
326;04/03/2021 14:54;D04P2;JA2904;7015;-855;1950;3170;2750;1;17;3.5;23;Homme;STIMSD;0.00726069888845079
327;05/03/2021 14:39;D05P1;JA2904;6440;-1370;2200;2610;3000;1;17;3.5;23;Homme;STIMSD;-0.118086064590093
328;05/03/2021 14:49;D05P2;JA2904;9650;-350;3250;3250;3500;1;17;3.5;23;Homme;STIMSD;0.581675867177082
329;16/03/2021 14:44;D14P1;JA2904;8890;-700;3300;2790;3500;1;17;3.5;23;Homme;STIMSD;0.416000145014137
330;16/03/2021 14:54;D14P2;JA2904;9050;-650;2450;3500;3750;1;17;3.5;23;Homme;STIMSD;0.450879244416862
342;04/11/2019 09:04;D01P1;JM1704;1965;-1475;950;1490;1000;2;17;6;23;Homme;SHAM;-1.09361087601006
343;05/11/2019 08:26;D02P1;JM1704;4045;-1055;1150;2700;1250;2;17;6;23;Homme;SHAM;-0.640182583774636
344;05/11/2019 08:46;D02P2;JM1704;4605;-985;700;3390;1500;2;17;6;23;Homme;SHAM;-0.518105735865098
345;06/11/2019 08:38;D03P1;JM1704;5400;-970;1100;3270;2000;2;17;6;23;Homme;SHAM;-0.344800210707807
346;06/11/2019 08:50;D03P2;JM1704;5880;-900;600;3430;2750;2;17;6;23;Homme;SHAM;-0.240162912499631
347;07/11/2019 14:07;D04P1;JM1704;7865;-535;1400;3250;3750;2;17;6;23;Homme;SHAM;0.192555914465429
348;07/11/2019 14:18;D04P2;JM1704;6635;-735;1150;3220;3000;2;17;6;23;Homme;SHAM;-0.0755771621930216
349;08/11/2019 13:06;D05P1;JM1704;8305;-685;1600;2890;4500;2;17;6;23;Homme;SHAM;0.288473437822923
350;08/11/2019 13:19;D05P2;JM1704;11510;-150;2600;3560;5500;2;17;6;23;Homme;SHAM;0.987145397733763
351;18/11/2019 12:56;D14P1;JM1704;10980;0;2300;3680;5000;2;17;6;23;Homme;SHAM;0.871608380962236
352;18/11/2019 13:08;D14P2;JM1704;12730;-150;1700;4180;7000;2;17;6;23;Homme;SHAM;1.25309853067954
353;04/06/2018 14:48;D01P1;JP1711;1370;-1080;800;900;750;2;12;10;18;Femme;SHAM;-1.22331752691395
354;05/06/2018 14:32;D02P1;JP1711;3545;-895;1450;1990;1000;2;12;10;18;Femme;SHAM;-0.749179769408153
355;05/06/2018 14:32;D02P2;JP1711;4350;-610;1150;2810;1000;2;12;10;18;Femme;SHAM;-0.573694300538191
356;06/06/2018 14:30;D03P1;JP1711;4265;-705;1500;2470;1000;2;12;10;18;Femme;SHAM;-0.592223822095889
357;06/06/2018 14:30;D03P2;JP1711;4335;-255;1250;2340;1000;2;12;10;18;Femme;SHAM;-0.576964216107197
358;07/06/2018 14:31;D04P1;JP1711;4690;-730;1050;2870;1500;2;12;10;18;Femme;SHAM;-0.4995762143074
359;07/06/2018 14:31;D04P2;JP1711;5920;-670;2050;2790;1750;2;12;10;18;Femme;SHAM;-0.23144313764895
360;08/06/2018 14:31;D05P1;JP1711;5475;-435;1500;2910;1500;2;12;10;18;Femme;SHAM;-0.32845063286278
361;08/06/2018 14:31;D05P2;JP1711;5695;-475;1850;2570;1750;2;12;10;18;Femme;SHAM;-0.280491871184032
362;19/06/2018 14:32;D14P1;JP1711;4700;-1260;1350;3360;1250;2;12;10;18;Femme;SHAM;-0.49739627059473
363;19/06/2018 14:32;D14P2;JP1711;6725;-625;2150;3700;1500;2;12;10;18;Femme;SHAM;-0.0559576687789887
364;01/03/2021 16:52;D01P1;JT0601;3545;-1715;1450;1560;2250;2;17;7;28;Homme;SHAM;-0.749179769408153
365;02/03/2021 16:24;D02P1;JT0601;6365;-915;1800;2480;3000;2;17;7;28;Homme;SHAM;-0.13443564243512
366;02/03/2021 16:34;D02P2;JT0601;10170;-870;2500;3040;5500;2;17;7;28;Homme;SHAM;0.695032940235939
367;03/03/2021 16:50;D03P1;JT0601;11045;-625;1150;2520;8000;2;17;7;28;Homme;SHAM;0.885778015094593
368;03/03/2021 17:01;D03P2;JT0601;13215;-1545;1100;2410;11250;2;17;7;28;Homme;SHAM;1.35882580074405
369;04/03/2021 16:47;D04P1;JT0601;15600;-1050;1700;2700;12250;2;17;7;28;Homme;SHAM;1.87874237621593
370;04/03/2021 16:59;D04P2;JT0601;15535;-2505;1850;2940;13250;2;17;7;28;Homme;SHAM;1.86457274208357
371;05/03/2021 16:37;D05P1;JT0601;15730;-770;1450;2800;12250;2;17;7;28;Homme;SHAM;1.90708164448064
372;05/03/2021 16:48;D05P2;JT0601;20185;-785;2050;3170;15750;2;17;7;28;Homme;SHAM;2.87824656847527
373;16/03/2021 16:50;D14P1;JT0601;19390;-300;2250;3690;13750;2;17;7;28;Homme;SHAM;2.70494104331798
374;16/03/2021 17:00;D14P2;JT0601;22500;-900;2000;3400;18000;2;17;7;28;Homme;SHAM;3.38290353795845
386;07/10/2019 19:24;D01P1;LB0609;5680;-420;650;2200;3250;2;16;2;26;Homme;SHAM;-0.283761786753038
387;08/10/2019 18:49;D02P1;LB0609;9520;-450;1650;3070;5250;2;16;2;26;Homme;SHAM;0.553336598912368
388;08/10/2019 19:08;D02P2;LB0609;11570;-150;1950;3520;6250;2;16;2;26;Homme;SHAM;1.00022506000978
389;09/10/2019 18:50;D03P1;LB0609;11350;-600;2000;2950;7000;2;16;2;26;Homme;SHAM;0.952266298331038
390;09/10/2019 19:07;D03P2;LB0609;14460;-400;1750;3860;9250;2;16;2;26;Homme;SHAM;1.63022879297151
391;10/10/2019 18:07;D04P1;LB0609;14360;-200;2350;3210;9000;2;16;2;26;Homme;SHAM;1.60842935584481
392;10/10/2019 18:22;D04P2;LB0609;15650;-150;1400;3900;10500;2;16;2;26;Homme;SHAM;1.88964209477928
393;11/10/2019 13:13;D05P1;LB0609;15620;-450;2300;3270;10500;2;16;2;26;Homme;SHAM;1.88310226364127
394;11/10/2019 13:25;D05P2;LB0609;18160;-300;1850;3610;13000;2;16;2;26;Homme;SHAM;2.43680796665953
395;21/10/2019 17:35;D14P1;LB0609;15670;-900;1250;3820;11500;2;16;2;26;Homme;SHAM;1.89400198220462
396;21/10/2019 17:46;D14P2;LB0609;22340;-100;3050;3890;15500;2;16;2;26;Homme;SHAM;3.34802443855573
397;04/06/2018 13:03;D01P1;LB2705;-3665;-5325;450;-40;1250;1;17;4.5;24;Femme;STIMSD;-2.32091918624346
398;05/06/2018 08:35;D02P1;LB2705;-2445;-4515;950;120;1000;1;17;4.5;24;Femme;STIMSD;-2.05496605329768
399;05/06/2018 08:35;D02P2;LB2705;-1805;-3175;650;-530;1250;1;17;4.5;24;Femme;STIMSD;-1.91544965568678
400;06/06/2018 08:28;D03P1;LB2705;-1230;-5100;1300;570;2000;1;17;4.5;24;Femme;STIMSD;-1.79010289220823
401;06/06/2018 08:28;D03P2;LB2705;-1680;-5200;1150;620;1750;1;17;4.5;24;Femme;STIMSD;-1.8882003592784
402;07/06/2018 08:31;D04P1;LB2705;-380;-4290;850;560;2500;1;17;4.5;24;Femme;STIMSD;-1.60480767663126
403;07/06/2018 08:31;D04P2;LB2705;1175;-3405;1700;880;2000;1;17;4.5;24;Femme;STIMSD;-1.26582642931102
404;08/06/2018 08:30;D05P1;LB2705;3050;-2800;1500;1850;2500;1;17;4.5;24;Femme;STIMSD;-0.857086983185334
405;08/06/2018 08:30;D05P2;LB2705;1735;-3345;1350;1480;2250;1;17;4.5;24;Femme;STIMSD;-1.14374958140148
406;20/06/2018 10:25;D14P1;LB2705;-740;-4240;900;1350;1250;1;17;4.5;24;Femme;STIMSD;-1.68328565028739
407;20/06/2018 10:25;D14P2;LB2705;260;-4430;1150;1790;1750;1;17;4.5;24;Femme;STIMSD;-1.46529127902036
408;04/06/2018 13:34;D01P1;LD2304;-5805;-5905;-200;50;250;2;20;3;38;Homme;SHAM;-2.78742714075491
409;05/06/2018 09:09;D02P1;LD2304;-3585;-3695;-550;160;500;2;20;3;38;Homme;SHAM;-2.3034796365421
410;05/06/2018 09:09;D02P2;LD2304;-1775;-4385;-200;810;2000;2;20;3;38;Homme;SHAM;-1.90890982454877
411;06/06/2018 09:05;D03P1;LD2304;100;-3150;250;1000;2000;2;20;3;38;Homme;SHAM;-1.50017037842308
412;06/06/2018 09:05;D03P2;LD2304;1225;-2325;400;1150;2000;2;20;3;38;Homme;SHAM;-1.25492671074767
413;07/06/2018 09:03;D04P1;LD2304;2470;-2170;550;1840;2250;2;20;3;38;Homme;SHAM;-0.983523718520213
414;07/06/2018 09:03;D04P2;LD2304;55;-3455;150;1360;2000;2;20;3;38;Homme;SHAM;-1.5099801251301
415;08/06/2018 09:05;D05P1;LD2304;1710;-2250;650;1810;1500;2;20;3;38;Homme;SHAM;-1.14919944068316
416;08/06/2018 09:05;D05P2;LD2304;1450;-2680;1350;1530;1250;2;20;3;38;Homme;SHAM;-1.20587797721259
417;19/06/2018 09:03;D14P1;LD2304;540;-4090;750;1880;2000;2;20;3;38;Homme;SHAM;-1.40425285506559
418;19/06/2018 09:03;D14P2;LD2304;1645;-3045;800;1890;2000;2;20;3;38;Homme;SHAM;-1.16336907481551
441;07/10/2019 12:22;D01P1;LL0206;6005;-985;2250;1990;2750;1;17;4.5;22;Homme;STIMSD;-0.212913616091252
442;08/10/2019 10:00;D02P1;LL0206;9950;-370;3500;3070;3750;1;17;4.5;22;Homme;STIMSD;0.647074178557192
443;08/10/2019 10:13;D02P2;LL0206;7470;-910;1750;2630;4000;1;17;4.5;22;Homme;STIMSD;0.106448137814951
444;09/10/2019 13:35;D03P1;LL0206;9830;-520;2700;3150;4500;1;17;4.5;22;Homme;STIMSD;0.620914854005148
445;09/10/2019 13:48;D03P2;LL0206;10035;-935;1900;3070;6000;1;17;4.5;22;Homme;STIMSD;0.66560370011489
446;10/10/2019 13:22;D04P1;LL0206;11170;-700;2750;3120;6000;1;17;4.5;22;Homme;STIMSD;0.913027311502972
447;10/10/2019 13:36;D04P2;LL0206;10230;-820;2750;1800;6500;1;17;4.5;22;Homme;STIMSD;0.708112602511961
448;11/10/2019 12:16;D05P1;LL0206;14310;0;2400;3160;8750;1;17;4.5;22;Homme;STIMSD;1.59752963728145
449;11/10/2019 12:28;D05P2;LL0206;15990;-750;2350;3390;11000;1;17;4.5;22;Homme;STIMSD;1.96376018101007
450;21/10/2019 13:13;D14P1;LL0206;18135;-505;2250;3640;12750;1;17;4.5;22;Homme;STIMSD;2.43135810737785
451;21/10/2019 13:25;D14P2;LL0206;17290;-900;2450;3240;12500;1;17;4.5;22;Homme;STIMSD;2.24715286365721
463;13/01/2020 09:42;D01P1;LV0603;6390;-590;1150;2580;3250;1;15;3;24;Homme;STIMSD;-0.128985783153445
464;14/01/2020 09:10;D02P1;LV0603;7045;-735;1100;2180;4500;1;15;3;24;Homme;STIMSD;0.0138005300264618
465;14/01/2020 09:21;D02P2;LV0603;7940;-400;1100;2240;5000;1;15;3;24;Homme;STIMSD;0.208905492310456
466;15/01/2020 09:02;D03P1;LV0603;9170;-470;1450;2690;5500;1;15;3;24;Homme;STIMSD;0.477038568968906
467;15/01/2020 09:17;D03P2;LV0603;12140;-150;2250;2790;7250;1;15;3;24;Homme;STIMSD;1.12448185163199
468;16/01/2020 09:03;D04P1;LV0603;9960;-350;1000;2810;6500;1;15;3;24;Homme;STIMSD;0.649254122269862
469;16/01/2020 09:19;D04P2;LV0603;11770;-100;1050;2570;8250;1;15;3;24;Homme;STIMSD;1.04382393426319
470;17/01/2020 10:04;D05P1;LV0603;12875;-405;1750;3030;8500;1;15;3;24;Homme;STIMSD;1.28470771451326
471;17/01/2020 10:15;D05P2;LV0603;13350;-150;1500;2750;9250;1;15;3;24;Homme;STIMSD;1.3882550408651
472;28/01/2020 14:11;D14P1;LV0603;12475;-485;1150;2810;9000;1;15;3;24;Homme;STIMSD;1.19750996600645
473;28/01/2020 14:22;D14P2;LV0603;13450;-370;1850;2720;9250;1;15;3;24;Homme;STIMSD;1.41005447799181
474;11/11/2019 16:46;D01P1;ME1301;-2725;-3475;50;200;500;2;18;5.5;23;Homme;SHAM;-2.11600447725245
475;12/11/2019 12:58;D02P1;ME1301;-80;-3040;850;1110;1000;2;18;5.5;23;Homme;SHAM;-1.53940936525115
476;12/11/2019 13:11;D02P2;ME1301;585;-2475;650;910;1500;2;18;5.5;23;Homme;SHAM;-1.39444310835857
477;13/11/2019 16:36;D03P1;ME1301;-160;-3050;550;1090;1250;2;18;5.5;23;Homme;SHAM;-1.55684891495251
478;13/11/2019 16:50;D03P2;ME1301;2395;-1885;1800;980;1500;2;18;5.5;23;Homme;SHAM;-0.99987329636524
479;14/11/2019 17:01;D04P1;ME1301;2015;-2035;1400;1150;1500;2;18;5.5;23;Homme;SHAM;-1.08271115744671
480;14/11/2019 17:18;D04P2;ME1301;3425;-2355;1800;2230;1750;2;18;5.5;23;Homme;SHAM;-0.775339093960197
481;15/11/2019 17:37;D05P1;ME1301;740;-4300;600;2440;2000;2;18;5.5;23;Homme;SHAM;-1.36065398081218
482;15/11/2019 17:48;D05P2;ME1301;2115;-4345;1800;2160;2500;2;18;5.5;23;Homme;SHAM;-1.06091172032001
483;26/11/2019 15:26;D14P1;ME1301;2025;-2665;150;2290;2250;2;18;5.5;23;Homme;SHAM;-1.08053121373404
484;26/11/2019 15:37;D14P2;ME1301;3350;-2630;1300;2180;2500;2;18;5.5;23;Homme;SHAM;-0.791688671805224
529;30/09/2019 12:55;D01P1;NB1309;2305;-1615;300;2620;1000;2;17;2;23;Homme;SHAM;-1.01949278977927
530;01/10/2019 11:47;D02P1;NB1309;3830;-590;800;2370;1250;2;17;2;23;Homme;SHAM;-0.687051373597048
531;01/10/2019 12:03;D02P2;NB1309;4680;-900;1150;2680;1750;2;17;2;23;Homme;SHAM;-0.501756158020071
532;02/10/2019 12:41;D03P1;NB1309;5995;-435;1450;2480;2500;2;17;2;23;Homme;SHAM;-0.215093559803923
533;02/10/2019 12:53;D03P2;NB1309;7520;-750;2600;2920;2750;2;17;2;23;Homme;SHAM;0.117347856378302
534;03/10/2019 12:20;D04P1;NB1309;8350;-450;1550;3250;4000;2;17;2;23;Homme;SHAM;0.298283184529939
535;03/10/2019 12:34;D04P2;NB1309;9270;-750;2050;3220;4750;2;17;2;23;Homme;SHAM;0.49883800609561
536;04/10/2019 12:45;D05P1;NB1309;10090;-600;2900;3290;4500;2;17;2;23;Homme;SHAM;0.677593390534576
537;04/10/2019 12:57;D05P2;NB1309;9940;-950;2400;3490;5000;2;17;2;23;Homme;SHAM;0.644894234844522
538;15/10/2019 11:56;D14P1;NB1309;10460;-1000;1550;2910;7000;2;17;2;23;Homme;SHAM;0.758251307903379
539;15/10/2019 12:12;D14P2;NB1309;13270;-1050;2800;3020;8500;2;17;2;23;Homme;SHAM;1.37081549116374
551;11/11/2019 17:41;D01P1;PC2104;2215;-1795;1200;1810;1000;1;16;3.5;21;Homme;STIMSD;-1.03911228319331
552;12/11/2019 17:22;D02P1;PC2104;3495;-1075;800;2520;1250;1;16;3.5;21;Homme;STIMSD;-0.760079487971504
553;12/11/2019 17:35;D02P2;PC2104;4890;-820;1400;2560;1750;1;16;3.5;21;Homme;STIMSD;-0.455977340053994
554;13/11/2019 17:07;D03P1;PC2104;5500;-520;1400;2870;1750;1;16;3.5;21;Homme;STIMSD;-0.323000773581104
555;13/11/2019 17:19;D03P2;PC2104;5140;-1090;1050;2930;2250;1;16;3.5;21;Homme;STIMSD;-0.401478747237236
556;14/11/2019 17:40;D04P1;PC2104;6630;-450;1300;3280;2500;1;16;3.5;21;Homme;STIMSD;-0.0766671340493568
557;14/11/2019 17:52;D04P2;PC2104;6500;-770;1450;3070;2750;1;16;3.5;21;Homme;STIMSD;-0.105006402314071
558;15/11/2019 17:09;D05P1;PC2104;5445;-1285;1700;2530;2500;1;16;3.5;21;Homme;STIMSD;-0.334990464000791
559;15/11/2019 17:19;D05P2;PC2104;6835;-685;1000;3020;3500;1;16;3.5;21;Homme;STIMSD;-0.0319782879396151
560;25/11/2019 17:06;D14P1;PC2104;7460;-650;1350;3260;3500;1;16;3.5;21;Homme;STIMSD;0.10426819410228
561;25/11/2019 17:18;D14P2;PC2104;8200;-450;1500;3150;4000;1;16;3.5;21;Homme;STIMSD;0.265584028839885
562;30/09/2019 19:23;D01P1;RC1907;2105;-1525;1250;380;2000;2;14;4;23;Homme;SHAM;-1.06309166403268
563;01/10/2019 19:26;D02P1;RC1907;4050;-1970;1350;1920;2750;2;14;4;23;Homme;SHAM;-0.639092611918301
564;01/10/2019 19:39;D02P2;RC1907;6580;-1390;1650;2570;3750;2;14;4;23;Homme;SHAM;-0.0875668526127084
565;02/10/2019 17:42;D03P1;RC1907;8725;-1455;2500;2680;5000;2;14;4;23;Homme;SHAM;0.380031073755077
566;02/10/2019 17:53;D03P2;RC1907;8950;-1050;1450;3050;5500;2;14;4;23;Homme;SHAM;0.429079807290159
567;03/10/2019 19:07;D04P1;RC1907;9030;-1240;1000;3020;6250;2;14;4;23;Homme;SHAM;0.446519356991522
568;03/10/2019 19:25;D04P2;RC1907;10015;-1235;2250;2750;6250;2;14;4;23;Homme;SHAM;0.661243812689549
569;04/10/2019 16:09;D05P1;RC1907;10885;-555;1950;3490;6000;2;14;4;23;Homme;SHAM;0.850898915691867
570;04/10/2019 16:21;D05P2;RC1907;10760;-820;2250;3080;6250;2;14;4;23;Homme;SHAM;0.823649619283488
571;15/10/2019 19:09;D14P1;RC1907;10195;-785;550;3180;7250;2;14;4;23;Homme;SHAM;0.700482799517615
572;15/10/2019 19:19;D14P2;RC1907;12290;-720;1750;3260;8000;2;14;4;23;Homme;SHAM;1.15718100732205
584;04/06/2018 16:30;D01P1;SB2903;-390;-2290;-50;450;1500;1;16;1;22;Femme;STIMSD;-1.60698762034393
585;05/06/2018 09:36;D02P1;SB2903;3080;-1050;900;1480;1750;1;16;1;22;Femme;STIMSD;-0.850547152047323
586;05/06/2018 09:36;D02P2;SB2903;4895;-485;1050;2080;2250;1;16;1;22;Femme;STIMSD;-0.454887368197659
587;06/06/2018 09:37;D03P1;SB2903;4790;-790;800;2530;2250;1;16;1;22;Femme;STIMSD;-0.477776777180697
588;06/06/2018 09:37;D03P2;SB2903;5985;-735;800;2920;3000;1;16;1;22;Femme;STIMSD;-0.217273503516593
589;07/06/2018 09:34;D04P1;SB2903;7120;-350;1150;3070;3250;1;16;1;22;Femme;STIMSD;0.0301501078714892
590;07/06/2018 09:34;D04P2;SB2903;6940;-350;1000;3040;3250;1;16;1;22;Femme;STIMSD;-0.00908887895657666
591;08/06/2018 09:35;D05P1;SB2903;8210;-300;900;3110;4500;1;16;1;22;Femme;STIMSD;0.267763972552555
592;08/06/2018 09:35;D05P2;SB2903;8075;-555;400;2980;5250;1;16;1;22;Femme;STIMSD;0.238334732431505
593;19/06/2018 09:30;D14P1;SB2903;7190;-1580;650;3370;4750;1;16;1;22;Femme;STIMSD;0.0454097138601815
594;19/06/2018 09:30;D14P2;SB2903;10340;-1090;850;3580;7000;1;16;1;22;Femme;STIMSD;0.732091983351335
595;04/06/2018 16:03;D01P1;SF2107;-1955;-3035;100;-20;1000;2;14;7;19;Homme;SHAM;-1.94814881137683
596;05/06/2018 15:31;D02P1;SF2107;1985;-825;800;510;1500;2;14;7;19;Homme;SHAM;-1.08925098858472
597;05/06/2018 15:31;D02P2;SF2107;1230;-1560;300;990;1500;2;14;7;19;Homme;SHAM;-1.25383673889133
598;06/06/2018 15:28;D03P1;SF2107;2920;-430;400;950;2000;2;14;7;19;Homme;SHAM;-0.885426251450048
599;06/06/2018 15:28;D03P2;SF2107;3155;-1105;750;1260;2250;2;14;7;19;Homme;SHAM;-0.834197574202296
600;07/06/2018 15:31;D04P1;SF2107;3815;-705;700;1320;2500;2;14;7;19;Homme;SHAM;-0.690321289166054
601;07/06/2018 15:31;D04P2;SF2107;3585;-1665;850;1650;2750;2;14;7;19;Homme;SHAM;-0.740459994557471
602;08/06/2018 15:32;D05P1;SF2107;5640;-190;1400;2180;2250;2;14;7;19;Homme;SHAM;-0.292481561603719
603;08/06/2018 15:32;D05P2;SF2107;4920;-740;550;2360;2750;2;14;7;19;Homme;SHAM;-0.449437508915983
604;19/06/2018 15:25;D14P1;SF2107;2450;-1880;500;2080;1750;2;14;7;19;Homme;SHAM;-0.987883605945554
605;19/06/2018 15:25;D14P2;SF2107;1005;-2615;450;920;2250;2;14;7;19;Homme;SHAM;-1.30288547242642
606;10/02/2020 15:32;D01P1;SL0804;4580;-770;1700;1900;1750;1;20;5.5;28;Homme;STIMSD;-0.523555595146774
607;11/02/2020 15:15;D02P1;SL0804;4000;-1070;2050;1020;2000;1;20;5.5;28;Homme;STIMSD;-0.649992330481653
608;11/02/2020 15:25;D02P2;SL0804;6180;-400;2500;2080;2000;1;20;5.5;28;Homme;STIMSD;-0.174764601119522
609;12/02/2020 15:07;D03P1;SL0804;7985;-185;3050;3120;2000;1;20;5.5;28;Homme;STIMSD;0.218715239017473
610;12/02/2020 15:17;D03P2;SL0804;6770;-500;2350;2670;2250;1;20;5.5;28;Homme;STIMSD;-0.0461479220719722
611;13/02/2020 13:11;D04P1;SL0804;9340;-150;3400;3340;2750;1;20;5.5;28;Homme;STIMSD;0.514097612084302
612;13/02/2020 13:21;D04P2;SL0804;10250;-300;4100;3450;3000;1;20;5.5;28;Homme;STIMSD;0.712472489937302
613;14/02/2020 15:07;D05P1;SL0804;8090;-450;2600;3440;2500;1;20;5.5;28;Homme;STIMSD;0.241604648000511
614;14/02/2020 15:18;D05P2;SL0804;9370;-450;3450;3370;3000;1;20;5.5;28;Homme;STIMSD;0.520637443222313
615;25/02/2020 14:05;D14P1;SL0804;8600;-450;3500;3050;2500;1;20;5.5;28;Homme;STIMSD;0.352781777346698
616;25/02/2020 14:16;D14P2;SL0804;10420;-400;4000;3820;3000;1;20;5.5;28;Homme;STIMSD;0.749531533052697
661;07/10/2019 16:16;D01P1;TB3004;1995;-1215;0;1460;1750;2;16;4.5;22;Homme;SHAM;-1.08707104487205
662;08/10/2019 16:49;D02P1;TB3004;4955;-755;900;2810;2000;2;16;4.5;22;Homme;SHAM;-0.441807705921637
663;08/10/2019 17:01;D02P2;TB3004;5040;-150;1550;2140;1500;2;16;4.5;22;Homme;SHAM;-0.423278184363939
664;09/10/2019 16:16;D03P1;TB3004;7150;-300;2050;3150;2250;2;16;4.5;22;Homme;SHAM;0.0366899390095002
665;09/10/2019 16:28;D03P2;TB3004;7535;-185;2000;2970;2750;2;16;4.5;22;Homme;SHAM;0.120617771947308
666;10/10/2019 16:46;D04P1;TB3004;7240;-100;1250;3340;2750;2;16;4.5;22;Homme;SHAM;0.0563094324235332
667;10/10/2019 17:02;D04P2;TB3004;7435;-185;1050;3070;3500;2;16;4.5;22;Homme;SHAM;0.0988183348206045
668;11/10/2019 14:39;D05P1;TB3004;5960;-350;350;2460;3500;2;16;4.5;22;Homme;SHAM;-0.222723362798269
669;11/10/2019 14:50;D05P2;TB3004;9560;-400;250;3210;6500;2;16;4.5;22;Homme;SHAM;0.562056373763049
670;21/10/2019 17:05;D14P1;TB3004;10800;-300;1950;3150;6000;2;16;4.5;22;Homme;SHAM;0.83236939413417
671;21/10/2019 17:17;D14P2;TB3004;11870;-450;1650;3420;7250;2;16;4.5;22;Homme;SHAM;1.06562337138989
672;10/02/2020 18:26;D01P1;TH0605;4475;-1155;1150;1730;2750;2;15;6;20;Homme;SHAM;-0.546445004129812
673;11/02/2020 18:00;D02P1;TH0605;7395;-1235;900;3230;4500;2;15;6;20;Homme;SHAM;0.0900985599699232
674;11/02/2020 18:16;D02P2;TH0605;8090;-1070;1050;3110;5000;2;15;6;20;Homme;SHAM;0.241604648000511
675;12/02/2020 18:09;D03P1;TH0605;6185;-2355;750;3040;4750;2;15;6;20;Homme;SHAM;-0.173674629263186
676;12/02/2020 18:19;D03P2;TH0605;8670;-1820;1900;3340;5250;2;15;6;20;Homme;SHAM;0.36804138333539
677;13/02/2020 18:11;D04P1;TH0605;11495;-1615;1400;3210;8500;2;15;6;20;Homme;SHAM;0.983875482164757
678;13/02/2020 18:21;D04P2;TH0605;13180;-1800;1750;3480;9750;2;15;6;20;Homme;SHAM;1.35119599774971
679;14/02/2020 18:09;D05P1;TH0605;14140;-1800;1950;2990;11000;2;15;6;20;Homme;SHAM;1.56047059416606
680;14/02/2020 18:20;D05P2;TH0605;17375;-2815;2700;3240;14250;2;15;6;20;Homme;SHAM;2.26568238521491
681;25/02/2020 18:09;D14P1;TH0605;16650;-1620;2000;3520;12750;2;15;6;20;Homme;SHAM;2.10763646604631
682;25/02/2020 18:20;D14P2;TH0605;18625;-1205;2200;3130;14500;2;15;6;20;Homme;SHAM;2.5381753492987
683;07/10/2019 18:36;D01P1;TS2305;-350;-1100;200;-1450;2000;2;16;3.5;22;Homme;SHAM;-1.59826784549325
684;08/10/2019 18:05;D02P1;TS2305;4490;-510;750;1750;2500;2;16;3.5;22;Homme;SHAM;-0.543175088560807
685;08/10/2019 18:16;D02P2;TS2305;4565;-925;600;2140;2750;2;16;3.5;22;Homme;SHAM;-0.526825510715779
686;09/10/2019 17:56;D03P1;TS2305;4390;-1210;600;1500;3500;2;16;3.5;22;Homme;SHAM;-0.56497452568751
687;09/10/2019 18:12;D03P2;TS2305;6020;-1070;1300;1540;4250;2;16;3.5;22;Homme;SHAM;-0.209643700522247
688;10/10/2019 16:15;D04P1;TS2305;7075;-1235;1600;2460;4250;2;16;3.5;22;Homme;SHAM;0.0203403611644728
689;10/10/2019 16:26;D04P2;TS2305;7640;-770;1400;2510;4500;2;16;3.5;22;Homme;SHAM;0.143507180930346
690;11/10/2019 16:13;D05P1;TS2305;10215;-185;2250;3650;4500;2;16;3.5;22;Homme;SHAM;0.704842686942955
691;11/10/2019 16:26;D05P2;TS2305;9970;-1070;1700;3090;6250;2;16;3.5;22;Homme;SHAM;0.651434065982533
692;21/10/2019 18:05;D14P1;TS2305;9865;-335;2150;2550;5500;2;16;3.5;22;Homme;SHAM;0.628544656999494
693;21/10/2019 18:19;D14P2;TS2305;8565;-1705;2550;2970;4750;2;16;3.5;22;Homme;SHAM;0.345151974352352
705;30/09/2019 18:26;D01P1;VL1401;3910;-220;800;1330;2000;1;17;5;23;Homme;STIMSD;-0.669611823895686
706;01/10/2019 18:51;D02P1;VL1401;5710;-100;700;2110;3000;1;17;5;23;Homme;STIMSD;-0.277221955615027
707;01/10/2019 19:01;D02P2;VL1401;7200;-300;750;2000;4750;1;17;5;23;Homme;STIMSD;0.0475896575728518
708;02/10/2019 18:14;D03P1;VL1401;8470;-700;550;2370;6250;1;17;5;23;Homme;STIMSD;0.324442509081983
709;02/10/2019 18:24;D03P2;VL1401;12230;-600;950;2380;9500;1;17;5;23;Homme;STIMSD;1.14410134504603
710;03/10/2019 18:40;D04P1;VL1401;14040;-1050;700;2390;12000;1;17;5;23;Homme;STIMSD;1.53867115703936
711;03/10/2019 18:50;D04P2;VL1401;14405;-985;1350;2790;11250;1;17;5;23;Homme;STIMSD;1.61823910255182
712;04/10/2019 17:36;D05P1;VL1401;16040;-1050;1300;3040;12750;1;17;5;23;Homme;STIMSD;1.97465989957342
713;04/10/2019 17:48;D05P2;VL1401;18940;-650;1100;3240;15250;1;17;5;23;Homme;STIMSD;2.60684357624782
714;15/10/2019 18:39;D14P1;VL1401;15510;-1370;900;2230;13750;1;17;5;23;Homme;STIMSD;1.85912288280189
715;15/10/2019 18:51;D14P2;VL1401;16995;-1635;850;2780;15000;1;17;5;23;Homme;STIMSD;2.18284452413344
738;07/10/2019 08:40;D01P1;YC1703;4110;-1630;1400;2340;2000;1;17;6;21;Homme;STIMSD;-0.626012949642279
739;08/10/2019 08:26;D02P1;YC1703;7875;-865;1900;3590;3250;1;17;6;21;Homme;STIMSD;0.194735858178099
740;08/10/2019 08:42;D02P2;YC1703;7320;-860;1700;3480;3000;1;17;6;21;Homme;STIMSD;0.0737489821248958
741;09/10/2019 15:03;D03P1;YC1703;6480;-840;1300;3020;3000;1;17;6;21;Homme;STIMSD;-0.109366289739412
742;09/10/2019 15:17;D03P2;YC1703;9180;-470;2950;2950;3750;1;17;6;21;Homme;STIMSD;0.479218512681577
743;10/10/2019 08:26;D04P1;YC1703;8445;-755;1750;3700;3750;1;17;6;21;Homme;STIMSD;0.318992649800308
744;10/10/2019 08:39;D04P2;YC1703;8590;-470;2100;3210;3750;1;17;6;21;Homme;STIMSD;0.350601833634027
745;11/10/2019 08:23;D05P1;YC1703;8435;-635;1350;3220;4500;1;17;6;21;Homme;STIMSD;0.316812706087637
746;11/10/2019 08:35;D05P2;YC1703;11710;-100;2400;3660;5750;1;17;6;21;Homme;STIMSD;1.03074427198717
747;21/10/2019 08:32;D14P1;YC1703;11340;-100;2150;3790;5500;1;17;6;21;Homme;STIMSD;0.950086354618367
748;21/10/2019 08:43;D14P2;YC1703;12380;-790;2400;3270;7500;1;17;6;21;Homme;STIMSD;1.17680050073608
