"","Date","Session","Pseudo","Treatment","TotalScore","Flight","Bonus","Mine","Fortress","Day","Zscore","Zscore_Flight","Zscore_Bonus","Zscore_Mine","Zscore_Fortress"
"result.1","2018-06-04 13:51:49","D01P1","AC2302",2,2710,-790,600,900,2000,"D01",-0.81673216103144,0.392914399253462,-1.0675473755046,-1.25662320309268,-0.581067362132004
"result.2","2018-06-05 12:31:19","D02P1","AC2302",2,5060,-610,2600,1070,2000,"D02",-0.312723393336813,0.551334866512339,1.31957634703745,-1.1152863742355,-0.581067362132004
"result.3","2018-06-05 12:31:19","D02P2","AC2302",2,8485,-335,1750,3570,3500,"D02",0.421842576601102,0.793366135935621,0.305048764957079,0.963196403075877,-0.109589401910898
"result.4","2018-06-06 12:38:01","D03P1","AC2302",2,10000,-100,1450,3150,5500,"D03",0.746767377902106,1.00019285707915,-0.0530197934242296,0.614011296487565,0.519047878383911
"result.5","2018-06-06 12:38:01","D03P2","AC2302",2,12515,-185,2350,3600,6750,"D03",1.28616399524338,0.925383191984685,1.02118588171969,0.988138196403613,0.911946178568166
"result.6","2018-06-07 12:40:09","D04P1","AC2302",2,12990,-100,1950,3390,7750,"D04",1.3880381078625,1.00019285707915,0.543761137211284,0.813545643109457,1.22626481871557
"result.7","2018-06-07 12:40:09","D04P2","AC2302",2,15660,-50,2100,3610,10000,"D04",1.96067785669002,1.04419854242884,0.722795416401938,0.996452127512859,1.93348175904723
"result.8","2018-06-08 12:39:56","D05P1","AC2302",2,15550,-350,1200,3450,11250,"D05",1.93708595692559,0.780164430330715,-0.351410258741986,0.86342922976493,2.32638005923148
"result.9","2018-06-08 12:39:56","D05P2","AC2302",2,18820,-350,1400,3270,14500,"D05",2.63840879537726,0.780164430330715,-0.112697886487781,0.713778469798511,3.34791563971055
"result.10","2018-06-19 12:42:06","D14P1","AC2302",2,19075,-985,1400,3910,14750,"D14",2.69309910846753,0.22129222638968,-0.112697886487781,1.24587006079022,3.4264952997474
"result.11","2018-06-19 12:42:06","D14P2","AC2302",2,21770,-950,1750,3720,17250,"D14",3.27110065269605,0.252096206134461,0.305048764957079,1.08790536971456,4.21229190011591
"result.12","2019-11-18 19:46:10","D01P1","AL2409",2,3875,-825,700,2750,1250,"D01",-0.566872495344529,0.362110419508681,-0.9481911893775,0.281454052117744,-0.816806342242557
"result.13","2019-11-19 18:00:08","D02P1","AL2409",2,7230,-190,2000,3170,2250,"D02",0.152680447470567,0.920982623449716,0.603439230274835,0.630639158706056,-0.502487702095153
"result.14","2019-11-19 18:12:51","D02P2","AL2409",2,6810,-670,1800,3180,2500,"D02",0.0626022847336544,0.498528044092713,0.36472685802063,0.638953089815301,-0.423908042058302
"result.15","2019-11-20 17:03:16","D03P1","AL2409",2,8270,-150,2150,3770,2500,"D03",0.375731136152444,0.956187171729466,0.782473509465489,1.12947502526079,-0.423908042058302
"result.16","2019-11-20 17:15:19","D03P2","AL2409",2,8820,-350,2800,3620,2750,"D03",0.493690634974591,0.780164430330715,1.55828871929166,1.0047660586221,-0.345328382021451
"result.17","2019-11-21 15:08:03","D04P1","AL2409",2,10330,-100,3200,3980,3250,"D04",0.817543077195394,1.00019285707915,2.03571346380007,1.30406757855494,-0.188169061947749
"result.18","2019-11-21 15:19:17","D04P2","AL2409",2,10060,-150,2700,4010,3500,"D04",0.759635686864522,0.956187171729466,1.43893253316455,1.32900937188268,-0.109589401910898
"result.19","2019-11-22 18:32:35","D05P1","AL2409",2,9250,-400,2150,4000,3500,"D05",0.585913515871906,0.736158744981027,0.782473509465489,1.32069544077343,-0.109589401910898
"result.20","2019-11-22 18:45:08","D05P2","AL2409",2,10170,-300,2750,4220,3500,"D05",0.783227586628952,0.824170115680403,1.49861062622811,1.50360192517684,-0.109589401910898
"result.21","2019-12-02 19:41:12","D14P1","AL2409",2,10260,-350,2900,4210,3500,"D14",0.802530050072576,0.780164430330715,1.67764490541876,1.49528799406759,-0.109589401910898
"result.22","2019-12-02 19:52:31","D14P2","AL2409",2,10750,-400,2650,4000,4500,"D14",0.907621239932306,0.736158744981027,1.379254440101,1.32069544077343,0.204729238236507
"result.23","2019-12-02 07:37:56","D01P1","AR1208",1,2645,-2955,1200,2650,1750,"D01",-0.830672829074058,-1.51253177638802,-0.351410258741986,0.198314741025289,-0.659647022168855
"result.24","2019-12-03 07:12:58","D02P1","AR1208",1,3300,-1810,1250,2110,1750,"D02",-0.690193789567683,-0.504801581880169,-0.291732165678435,-0.25063753887397,-0.659647022168855
"result.25","2019-12-03 07:30:03","D02P2","AR1208",1,2610,-2850,1250,2210,2000,"D02",-0.838179342635467,-1.42011983715368,-0.291732165678435,-0.167498227781515,-0.581067362132004
"result.26","2019-12-04 07:21:21","D03P1","AR1208",1,5515,-1585,1750,3100,2250,"D03",-0.215138717038491,-0.306775997806574,0.305048764957079,0.572441640941337,-0.502487702095153
"result.27","2019-12-04 07:34:21","D03P2","AR1208",1,5400,-1210,1650,2460,2500,"D03",-0.239802975883122,0.0232666423160849,0.185692578829976,0.0403500499496236,-0.423908042058302
"result.28","2019-12-05 07:22:49","D04P1","AR1208",1,6200,-770,2100,2870,2000,"D04",-0.0682255230509085,0.410516673393338,0.722795416401938,0.38122122542869,-0.581067362132004
"result.29","2019-12-05 07:39:47","D04P2","AR1208",1,7205,-1105,2750,3310,2250,"D04",0.14731865206956,0.115678581550429,1.49861062622811,0.747034194235493,-0.502487702095153
"result.30","2019-12-06 07:24:29","D05P1","AR1208",1,7935,-805,2950,3040,2750,"D05",0.303883077778955,0.379712693648556,1.73732299848231,0.522558054285864,-0.345328382021451
"result.31","2019-12-06 07:34:50","D05P2","AR1208",1,7225,-1055,2350,2930,3000,"D05",0.151608088390365,0.159684266900117,1.02118588171969,0.431104812084163,-0.2667487219846
"result.32","2019-12-18 07:24:10","D14P1","AR1208",1,8330,-350,2800,3130,2750,"D14",0.38859944511486,0.780164430330715,1.55828871929166,0.597383434269074,-0.345328382021451
"result.33","2019-12-18 07:36:39","D14P2","AR1208",1,7675,-1355,2350,3180,3500,"D14",0.248120405608485,-0.10434984519801,1.02118588171969,0.638953089815301,-0.109589401910898
"result.34","2018-06-04 17:55:12","D01P1","AS0808",1,5675,-645,1600,3220,1500,"D01",-0.180823226472049,0.520530886767557,0.126014485766424,0.672208814252283,-0.738226682205706
"result.35","2018-06-05 10:03:20","D02P1","AS0808",1,6730,-720,1950,3250,2250,"D02",0.045444539450433,0.454522358743025,0.543761137211284,0.69715060758002,-0.502487702095153
"result.36","2018-06-05 10:03:20","D02P2","AS0808",1,6430,-720,1950,2700,2500,"D02",-0.0188970053616471,0.454522358743025,0.543761137211284,0.239884396571516,-0.423908042058302
"result.37","2018-06-06 10:05:54","D03P1","AS0808",1,7925,-805,2550,3180,3000,"D03",0.301738359618552,0.379712693648556,1.2598982539739,0.638953089815301,-0.2667487219846
"result.38","2018-06-06 10:05:54","D03P2","AS0808",1,8915,-355,2950,3570,2750,"D03",0.514065457498416,0.775763861795746,1.73732299848231,0.963196403075877,-0.345328382021451
"result.39","2018-06-07 10:05:43","D04P1","AS0808",1,8715,-135,1700,3900,3250,"D04",0.471171094290363,0.969388877334373,0.245370671893527,1.23755612968098,-0.188169061947749
"result.40","2018-06-07 10:05:43","D04P2","AS0808",1,10840,-450,2150,3390,5750,"D04",0.926923703375931,0.69215305963134,0.782473509465489,0.813545643109457,0.597627538420762
"result.41","2018-06-08 10:04:00","D05P1","AS0808",1,10725,-485,2450,4010,4750,"D05",0.9022594445313,0.661349079886558,1.1405420678468,1.32900937188268,0.283308898273358
"result.42","2018-06-08 10:04:00","D05P2","AS0808",1,12010,-570,2550,3780,6250,"D05",1.17785572814304,0.586539414792089,1.2598982539739,1.13778895637003,0.754786858494464
"result.43","2018-06-19 10:08:22","D14P1","AS0808",1,10100,-770,2350,3770,4750,"D14",0.768214559506133,0.410516673393338,1.02118588171969,1.12947502526079,0.283308898273358
"result.44","2018-06-19 10:08:22","D14P2","AS0808",1,10370,-650,1950,3570,5500,"D14",0.826121949837005,0.516130318232588,0.543761137211284,0.963196403075877,0.519047878383911
"result.45","2019-12-02 17:12:59","D01P1","BM0103",1,4790,-680,1600,1870,2000,"D01",-0.370630783667685,0.489726907022776,0.126014485766424,-0.450171885495862,-0.581067362132004
"result.46","2019-12-03 17:55:35","D02P1","BM0103",1,5690,-590,2150,1880,2250,"D02",-0.177606149231445,0.568937140652214,0.782473509465489,-0.441857954386617,-0.502487702095153
"result.47","2019-12-03 18:06:43","D02P2","BM0103",1,7025,-255,2250,2280,2750,"D02",0.108713725182312,0.863775232495122,0.901829695592592,-0.109300710016796,-0.345328382021451
"result.48","2019-12-04 17:24:06","D03P1","BM0103",1,9300,-470,3700,3070,3000,"D03",0.596637106673919,0.674550785491464,2.63249439443558,0.5474998476136,-0.2667487219846
"result.49","2019-12-04 17:37:40","D03P2","BM0103",1,9325,-335,2350,3310,4000,"D03",0.601998902074926,0.793366135935621,1.02118588171969,0.747034194235493,0.0475699181628045
"result.50","2019-12-05 17:23:10","D04P1","BM0103",1,10560,-450,2850,3410,4750,"D04",0.866871594884656,0.69215305963134,1.61796681235521,0.830173505327948,0.283308898273358
"result.51","2019-12-05 17:34:59","D04P2","BM0103",1,11860,-300,3300,3610,5250,"D04",1.145684955737,0.824170115680403,2.15506964992717,0.996452127512859,0.44046821834706
"result.52","2019-12-06 16:44:55","D05P1","BM0103",1,11150,-600,2700,4050,5000,"D05",0.993409966348413,0.560136003582276,1.43893253316455,1.36226509631966,0.361888558310209
"result.53","2019-12-06 16:56:25","D05P2","BM0103",1,11290,-650,1300,3640,7000,"D05",1.02343602059405,0.516130318232588,-0.232054072614884,1.0213939208406,0.990525838605017
"result.54","2019-12-17 16:09:52","D14P1","BM0103",1,13470,-350,2850,3220,7750,"D14",1.49098457956183,0.780164430330715,1.61796681235521,0.672208814252283,1.22626481871557
"result.55","2019-12-17 16:23:14","D14P2","BM0103",1,15420,-450,2600,4020,9250,"D14",1.90920462084035,0.69215305963134,1.31957634703745,1.33732330299193,1.69774277893668
"result.56","2021-03-01 11:40:22","D01P1","BS1410",2,-3250,-3400,200,-550,500,"D01",-2.09498418463143,-1.90418237600024,-1.54497212001301,-2.46214321393328,-1.05254532235311
"result.57","2021-03-02 11:12:52","D02P1","BS1410",2,-160,-1260,250,-150,1000,"D02",-1.43226627306701,-0.0207390430336029,-1.48529402694946,-2.12958596956346,-0.895386002279408
"result.58","2021-03-02 11:23:41","D02P2","BS1410",2,-1720,-2420,200,-250,750,"D02",-1.76684230608982,-1.04167094314636,-1.54497212001301,-2.21272528065591,-0.973965662316259
"result.59","2021-03-03 11:16:54","D03P1","BS1410",2,-580,-1480,150,-250,1000,"D03",-1.52234443580392,-0.214364058572229,-1.60465021307656,-2.21272528065591,-0.895386002279408
"result.60","2021-03-03 11:27:31","D03P2","BS1410",2,1465,-185,600,-200,1250,"D03",-1.08374957200157,0.925383191984685,-1.0675473755046,-2.17115562510969,-0.816806342242557
"result.61","2021-03-04 11:25:12","D04P1","BS1410",2,1200,-900,600,0,1500,"D04",-1.14058460325224,0.296101891484149,-1.0675473755046,-2.00487700292478,-0.738226682205706
"result.62","2021-03-04 11:36:04","D04P2","BS1410",2,965,-935,800,-150,1250,"D04",-1.19098548002171,0.265297911739368,-0.828835003250397,-2.12958596956346,-0.816806342242557
"result.63","2021-03-05 11:14:29","D05P1","BS1410",2,1550,-750,850,-300,1750,"D05",-1.06551946763815,0.428118947533213,-0.769156910186846,-2.25429493620214,-0.659647022168855
"result.64","2021-03-05 11:25:27","D05P2","BS1410",2,3850,-150,1750,-250,2500,"D05",-0.572234290745536,0.956187171729466,0.305048764957079,-2.21272528065591,-0.423908042058302
"result.65","2021-03-16 11:01:56","D14P1","BS1410",2,2300,-600,1050,-150,2000,"D14",-0.90466560560795,0.560136003582276,-0.53044453793264,-2.12958596956346,-0.581067362132004
"result.66","2021-03-16 11:12:41","D14P2","BS1410",2,2565,-685,1150,-150,2250,"D14",-0.847830574357279,0.485326338487807,-0.411088351805538,-2.12958596956346,-0.502487702095153
"result.67","2019-10-07 08:06:58","D01P1","CA2209",2,-1415,-4065,450,1200,1000,"D01",-1.70142840219754,-2.48945799115109,-1.24658165469526,-1.00720526981531,-0.895386002279408
"result.68","2019-10-08 07:58:49","D02P1","CA2209",2,1145,-2635,450,2080,1250,"D02",-1.15238055313446,-1.23089539015002,-1.24658165469526,-0.275579332201706,-0.816806342242557
"result.69","2019-10-08 08:10:17","D02P2","CA2209",2,3615,-1005,850,2770,1000,"D02",-0.622635167514999,0.203689952249805,-0.769156910186846,0.298081914336235,-0.895386002279408
"result.70","2019-10-09 07:59:10","D03P1","CA2209",2,4205,-755,700,2760,1500,"D03",-0.496096796051241,0.423718378998244,-0.9481911893775,0.289767983226989,-0.738226682205706
"result.71","2019-10-09 08:11:32","D03P2","CA2209",2,2810,-1230,300,1990,1750,"D03",-0.795284979427414,0.00566436817620974,-1.42561593388591,-0.350404712184916,-0.659647022168855
"result.72","2019-10-10 07:58:07","D04P1","CA2209",2,4795,-805,600,2750,2250,"D04",-0.369558424587484,0.379712693648556,-1.0675473755046,0.281454052117744,-0.502487702095153
"result.73","2019-10-10 08:11:48","D04P2","CA2209",2,4240,-1210,900,2300,2250,"D04",-0.488590282489832,0.0232666423160849,-0.709478817123295,-0.0926728477983048,-0.502487702095153
"result.74","2019-10-11 07:52:51","D05P1","CA2209",2,5940,-470,500,2910,3000,"D05",-0.123988195221378,0.674550785491464,-1.18690356163171,0.414476949865672,-0.2667487219846
"result.75","2019-10-11 08:06:42","D05P2","CA2209",2,6685,-1095,750,2780,4250,"D05",0.035793307728621,0.124479718620367,-0.888513096313949,0.30639584544548,0.126149578199656
"result.76","2019-10-21 08:04:00","D14P1","CA2209",2,7245,-1145,2000,3140,3250,"D14",0.155897524711171,0.080474033270679,0.603439230274835,0.605697365378319,-0.188169061947749
"result.77","2019-10-21 08:15:30","D14P2","CA2209",2,4440,-2190,1100,2530,3000,"D14",-0.445695919281778,-0.839244790537796,-0.470766444869089,0.0985475677143422,-0.2667487219846
"result.78","2020-01-13 07:35:18","D01P1","CB1706",1,6520,-740,1250,2760,3250,"D01",0.000405458081976941,0.43692008460315,-0.291732165678435,0.289767983226989,-0.188169061947749
"result.79","2020-01-14 07:18:40","D02P1","CB1706",1,8145,-635,2100,2930,3750,"D02",0.348922159147411,0.529332023837495,0.722795416401938,0.431104812084163,-0.0310097418740465
"result.80","2020-01-14 07:31:04","D02P2","CB1706",1,9895,-385,2300,3730,4250,"D02",0.724247837217878,0.749360450585934,0.961507788656144,1.09621930082381,0.126149578199656
"result.81","2020-01-15 07:14:13","D03P1","CB1706",1,9280,-50,1550,3530,4250,"D03",0.592347670353114,1.04419854242884,0.0663363927028731,0.929940678638895,0.126149578199656
"result.82","2020-01-15 07:28:50","D03P2","CB1706",1,9460,-450,2300,3360,4250,"D03",0.630952597240362,0.69215305963134,0.961507788656144,0.788603849781721,0.126149578199656
"result.83","2020-01-16 07:18:52","D04P1","CB1706",1,10060,-300,1450,3660,5250,"D04",0.759635686864522,0.824170115680403,-0.0530197934242296,1.03802178305909,0.44046821834706
"result.84","2020-01-16 07:33:11","D04P2","CB1706",1,10435,-485,1050,3870,6000,"D04",0.840062617879622,0.661349079886558,-0.53044453793264,1.21261433635324,0.676207198457613
"result.85","2020-01-17 12:04:18","D05P1","CB1706",1,11335,-485,1950,3870,6000,"D05",1.03308725231586,0.661349079886558,0.543761137211284,1.21261433635324,0.676207198457613
"result.86","2020-01-17 12:15:40","D05P2","CB1706",1,10365,-835,1550,2900,6750,"D05",0.825049590756804,0.353309282438743,0.0663363927028731,0.406163018756427,0.911946178568166
"result.87","2020-01-28 07:18:05","D14P1","CB1706",1,12470,-350,1600,4220,7000,"D14",1.27651276352157,0.780164430330715,0.126014485766424,1.50360192517684,0.990525838605017
"result.88","2020-01-28 07:31:45","D14P2","CB1706",1,13430,-100,1650,3880,8000,"D14",1.48240570692022,1.00019285707915,0.185692578829976,1.22092826746249,1.30484447875242
"result.89","2019-11-18 19:03:23","D01P1","CB2708",1,890,-2250,1100,790,1250,"D01",-1.20707086622473,-0.892051612957422,-0.470766444869089,-1.34807644529438,-0.816806342242557
"result.90","2019-11-19 19:08:39","D02P1","CB2708",1,1670,-3270,1450,1240,2250,"D02",-1.03978284971332,-1.78976759409105,-0.0530197934242296,-0.97394954537833,-0.502487702095153
"result.91","2019-11-19 19:21:40","D02P2","CB2708",1,3525,-2245,1550,1470,2750,"D02",-0.641937630958623,-0.887651044422453,0.0663363927028731,-0.782729129865683,-0.345328382021451
"result.92","2019-11-20 13:33:08","D03P1","CB2708",1,4955,-1705,2100,2060,2500,"D03",-0.335242934021041,-0.412389642645824,0.722795416401938,-0.292207194420197,-0.423908042058302
"result.93","2019-11-20 13:49:53","D03P2","CB2708",1,4020,-2780,1750,1800,3250,"D03",-0.535774082018691,-1.35851187766411,0.305048764957079,-0.508369403260581,-0.188169061947749
"result.94","2019-11-21 18:36:08","D04P1","CB2708",1,6280,-980,2350,1910,3000,"D04",-0.0510677777676871,0.225692794924649,1.02118588171969,-0.41691616105888,-0.2667487219846
"result.95","2019-11-21 18:52:31","D04P2","CB2708",1,6215,-1435,2000,2150,3500,"D04",-0.0650084458103045,-0.17475894175751,0.603439230274835,-0.217381814436988,-0.109589401910898
"result.96","2019-11-22 19:01:21","D05P1","CB2708",1,7520,-1300,2350,2720,3750,"D05",0.214877274122244,-0.0559435913133532,1.02118588171969,0.256512258790007,-0.0310097418740465
"result.97","2019-11-22 19:11:47","D05P2","CB2708",1,8190,-1120,1200,3110,5000,"D05",0.358573390869223,0.102476875945523,-0.351410258741986,0.580755572050583,0.361888558310209
"result.98","2019-12-03 18:34:45","D14P1","CB2708",1,8065,-1175,1950,2540,4750,"D14",0.33176441386419,0.0540706220608663,0.543761137211284,0.106861498823588,0.283308898273358
"result.99","2019-12-03 18:47:01","D14P2","CB2708",1,8535,-1585,1950,2670,5500,"D14",0.432566167403115,-0.306775997806574,0.543761137211284,0.21494260324378,0.519047878383911
"result.100","2020-02-10 14:47:35","D01P1","CH0205",2,-2295,-4715,550,870,1000,"D01",-1.89016360031298,-3.06153190069703,-1.12722546856815,-1.28156499642041,-0.895386002279408
"result.101","2020-02-11 11:37:28","D02P1","CH0205",2,1315,-2125,150,2040,1250,"D02",-1.11592034440761,-0.782037399583202,-1.60465021307656,-0.308835056638688,-0.816806342242557
"result.102","2020-02-11 11:47:59","D02P2","CH0205",2,1855,-1975,500,1580,1750,"D02",-1.00010556374587,-0.650020343534139,-1.18690356163171,-0.691275887663983,-0.659647022168855
"result.103","2020-02-12 14:07:12","D03P1","CH0205",2,4485,-1305,950,2840,2000,"D03",-0.436044687559966,-0.060344159848322,-0.649800724059743,0.356279432100953,-0.581067362132004
"result.104","2020-02-12 14:17:38","D03P2","CH0205",2,2950,-1490,700,2490,1250,"D03",-0.765258925181776,-0.223165195642167,-0.9481911893775,0.0652918432773601,-0.816806342242557
"result.105","2020-02-13 13:49:59","D04P1","CH0205",2,4515,-1225,900,3090,1750,"D04",-0.429610533078758,0.0100649367111785,-0.709478817123295,0.564127709832092,-0.659647022168855
"result.106","2020-02-13 14:00:27","D04P2","CH0205",2,4700,-1320,750,3020,2250,"D04",-0.389933247111309,-0.0735458654532283,-0.888513096313949,0.505930192067373,-0.502487702095153
"result.107","2020-02-14 15:45:51","D05P1","CH0205",2,6115,-995,1500,3360,2250,"D05",-0.0864556274143312,0.212491089319742,0.00665829963932174,0.788603849781721,-0.502487702095153
"result.108","2020-02-14 15:56:09","D05P2","CH0205",2,6455,-775,1900,3330,2000,"D05",-0.0135352099606404,0.406116104858369,0.484083044147733,0.763662056453984,-0.581067362132004
"result.109","2020-02-25 11:31:34","D14P1","CH0205",2,5535,-1055,1600,3490,1500,"D14",-0.210849280717686,0.159684266900117,0.126014485766424,0.896684954201913,-0.738226682205706
"result.110","2020-02-25 11:42:12","D14P2","CH0205",2,5990,-670,2000,2910,1750,"D14",-0.113264604419365,0.498528044092713,0.603439230274835,0.414476949865672,-0.659647022168855
"result.111","2019-11-18 20:35:17","D01P1","CJ1906",1,3220,-1240,500,2210,1750,"D01",-0.707351534850904,-0.00313676889372782,-1.18690356163171,-0.167498227781515,-0.659647022168855
"result.112","2019-11-19 18:38:37","D02P1","CJ1906",1,4470,-820,300,2490,2500,"D02",-0.43926176480057,0.36651098804365,-1.42561593388591,0.0652918432773601,-0.423908042058302
"result.113","2019-11-19 18:50:14","D02P2","CJ1906",1,6025,-735,550,2210,4000,"D02",-0.105758090857955,0.441320653138119,-1.12722546856815,-0.167498227781515,0.0475699181628045
"result.114","2019-11-20 18:45:54","D03P1","CJ1906",1,8430,-600,1150,2880,5000,"D03",0.410046626718887,0.560136003582276,-0.411088351805538,0.389535156537936,0.361888558310209
"result.115","2019-11-20 18:56:44","D03P2","CJ1906",1,10385,-435,650,3170,7000,"D03",0.829339027077609,0.705354765236246,-1.00786928244105,0.630639158706056,0.990525838605017
"result.116","2019-11-21 17:09:16","D04P1","CJ1906",1,12040,-1050,900,2940,9250,"D04",1.18428988262425,0.164084835435086,-0.709478817123295,0.439418743193409,1.69774277893668
"result.117","2019-11-21 17:24:40","D04P2","CJ1906",1,11140,-750,850,3040,8000,"D04",0.991265248188011,0.428118947533213,-0.769156910186846,0.522558054285864,1.30484447875242
"result.118","2019-11-22 17:38:32","D05P1","CJ1906",1,12810,-2250,700,3360,11000,"D05",1.34943318097526,-0.892051612957422,-0.9481911893775,0.788603849781721,2.24780039919463
"result.119","2019-11-22 17:49:57","D05P2","CJ1906",1,11790,-2100,900,2990,10000,"D05",1.13067192861418,-0.760034556908358,-0.709478817123295,0.480988398739636,1.93348175904723
"result.120","2019-12-03 17:12:09","D14P1","CJ1906",1,12990,-1600,1050,3040,10500,"D14",1.3880381078625,-0.31997770341148,-0.53044453793264,0.522558054285864,2.09064107912093
"result.121","2019-12-03 17:23:19","D14P2","CJ1906",1,11550,-1850,1150,3000,9250,"D14",1.07919869276452,-0.540006130159919,-0.411088351805538,0.489302329848882,1.69774277893668
"result.122","2019-11-18 12:30:51","D01P1","CO1106",2,2030,-750,100,1680,1000,"D01",-0.962572995938822,0.428118947533213,-1.66432830614012,-0.608136576571527,-0.895386002279408
"result.123","2019-11-19 12:13:30","D02P1","CO1106",2,1445,-785,0,1230,1000,"D02",-1.08803900832238,0.397314967788431,-1.78368449226722,-0.982263476487576,-0.895386002279408
"result.124","2019-11-19 12:24:01","D02P2","CO1106",2,3135,-1035,0,2670,1500,"D02",-0.725581639214327,0.177286541039992,-1.78368449226722,0.21494260324378,-0.738226682205706
"result.125","2019-11-20 12:04:39","D03P1","CO1106",2,5000,-370,100,3020,2250,"D03",-0.325591702299229,0.76256215619084,-1.66432830614012,0.505930192067373,-0.502487702095153
"result.126","2019-11-20 12:19:50","D03P2","CO1106",2,6200,-150,0,3600,2750,"D03",-0.0682255230509085,0.956187171729466,-1.78368449226722,0.988138196403613,-0.345328382021451
"result.127","2019-11-21 14:08:47","D04P1","CO1106",2,6380,-350,400,3580,2750,"D04",-0.0296205961636604,0.780164430330715,-1.30625974775881,0.971510334185122,-0.345328382021451
"result.128","2019-11-21 14:22:19","D04P2","CO1106",2,5580,-750,300,2780,3250,"D04",-0.201198048995874,0.428118947533213,-1.42561593388591,0.30639584544548,-0.188169061947749
"result.129","2019-11-22 11:36:19","D05P1","CO1106",2,7700,-450,700,3450,4000,"D05",0.253482201009492,0.69215305963134,-0.9481911893775,0.86342922976493,0.0475699181628045
"result.130","2019-11-22 11:47:57","D05P2","CO1106",2,8500,-400,750,3650,4500,"D05",0.425059653841706,0.736158744981027,-0.888513096313949,1.02970785194984,0.204729238236507
"result.131","2019-12-02 12:34:03","D14P1","CO1106",2,9290,-150,500,3940,5000,"D14",0.594492388513517,0.956187171729466,-1.18690356163171,1.27081185411796,0.361888558310209
"result.132","2019-12-02 12:46:54","D14P2","CO1106",2,9690,-700,900,3740,5750,"D14",0.680281114929623,0.472124632882901,-0.709478817123295,1.10453323193305,0.597627538420762
"result.133","2019-09-23 10:31:27","D01P1","CP1809",2,-1295,-2845,1200,-900,1250,"D01",-1.67569178427271,-1.41571926861871,-0.351410258741986,-2.75313080275687,-0.816806342242557
"result.134","2019-09-24 10:34:33","D02P1","CP1809",2,2760,-1750,1800,1460,1250,"D02",-0.806008570229427,-0.451994759460543,0.36472685802063,-0.791043060974929,-0.816806342242557
"result.135","2019-09-24 10:45:31","D02P2","CP1809",2,1895,-2905,1500,1800,1500,"D02",-0.991526691104258,-1.46852609103833,0.00665829963932174,-0.508369403260581,-0.738226682205706
"result.136","2019-09-25 10:17:04","D03P1","CP1809",2,2975,-2465,1350,2590,1500,"D03",-0.75989712978077,-1.08127605996108,-0.172375979551332,0.148431154369815,-0.738226682205706
"result.137","2019-09-25 10:27:33","D03P2","CP1809",2,4415,-1145,1600,1960,2000,"D03",-0.451057714682785,0.080474033270679,0.126014485766424,-0.375346505512653,-0.581067362132004
"result.138","2019-09-26 10:02:18","D04P1","CP1809",2,6030,-1510,1400,3140,3000,"D04",-0.104685731777754,-0.240767469782042,-0.112697886487781,0.605697365378319,-0.2667487219846
"result.139","2019-09-26 10:13:57","D04P2","CP1809",2,5760,-1440,1950,3000,2250,"D04",-0.162593122108626,-0.179159510292479,0.543761137211284,0.489302329848882,-0.502487702095153
"result.140","2019-09-27 09:51:48","D05P1","CP1809",2,6845,-695,1500,3540,2500,"D05",0.0701087982950637,0.476525201417869,0.00665829963932174,0.93825460974814,-0.423908042058302
"result.141","2019-09-27 10:21:38","D05P2","CP1809",2,8355,-575,3000,3180,2750,"D05",0.393961240515867,0.58213884625712,1.79700109154586,0.638953089815301,-0.345328382021451
"result.142","2019-10-09 17:07:23","D14P1","CP1809",2,7720,-1390,2500,3110,3500,"D14",0.257771637330297,-0.135153824942791,1.20022016091035,0.580755572050583,-0.109589401910898
"result.143","2019-10-09 17:17:49","D14P2","CP1809",2,7165,-985,1750,2400,4000,"D14",0.138739779427949,0.22129222638968,0.305048764957079,-0.00953353670584958,0.0475699181628045
"result.144","2020-02-03 18:38:26","D01P1","CR2709",2,4720,-600,700,2120,2500,"D01",-0.385643810790504,0.560136003582276,-0.9481911893775,-0.242323607764724,-0.423908042058302
"result.145","2020-02-04 17:53:15","D02P1","CR2709",2,4365,-1405,1250,2520,2000,"D02",-0.461781305484799,-0.148355530547698,-0.291732165678435,0.0902336366050967,-0.581067362132004
"result.146","2020-02-04 18:08:24","D02P2","CR2709",2,6800,-700,1750,3250,2500,"D02",0.0604575665732517,0.472124632882901,0.305048764957079,0.69715060758002,-0.423908042058302
"result.147","2020-02-05 17:50:01","D03P1","CR2709",2,5770,-450,1150,2820,2250,"D03",-0.160448403948223,0.69215305963134,-0.411088351805538,0.339651569882462,-0.502487702095153
"result.148","2020-02-05 18:05:34","D03P2","CR2709",2,6875,-485,2000,3360,2000,"D03",0.0765429527762717,0.661349079886558,0.603439230274835,0.788603849781721,-0.581067362132004
"result.149","2020-02-06 17:44:49","D04P1","CR2709",2,7265,-685,1850,3350,2750,"D04",0.160186961031976,0.485326338487807,0.424404951084181,0.780289918672475,-0.345328382021451
"result.150","2020-02-06 18:05:59","D04P2","CR2709",2,7645,-335,2400,3080,2500,"D04",0.241686251127277,0.793366135935621,1.08086397478325,0.555813778722846,-0.423908042058302
"result.151","2020-02-07 17:49:04","D05P1","CR2709",2,9180,-100,3050,3230,3000,"D05",0.570900488749087,1.00019285707915,1.85667918460941,0.680522745361529,-0.2667487219846
"result.152","2020-02-07 18:01:29","D05P2","CR2709",2,10480,-150,4050,3330,3250,"D05",0.849713849601434,0.956187171729466,3.05024104588044,0.763662056453984,-0.188169061947749
"result.153","2020-02-18 17:47:56","D14P1","CR2709",2,10085,-35,3100,4020,3000,"D14",0.764997482265529,1.05740024803375,1.91635727767297,1.33732330299193,-0.2667487219846
"result.154","2020-02-18 18:00:40","D14P2","CR2709",2,10750,-350,3900,3950,3250,"D14",0.907621239932306,0.780164430330715,2.87120676668979,1.27912578522721,-0.188169061947749
"result.155","2019-10-07 20:16:30","D01P1","EB2307",1,-295,-1795,400,-150,1250,"D01",-1.46121996823244,-0.491599876275262,-1.30625974775881,-2.12958596956346,-0.816806342242557
"result.156","2019-10-08 19:33:49","D02P1","EB2307",1,685,-1195,650,-520,1750,"D02",-1.25103758851298,0.0364683479209912,-1.00786928244105,-2.43720142060554,-0.659647022168855
"result.157","2019-10-08 19:49:56","D02P2","EB2307",1,1530,-1340,550,-180,2500,"D02",-1.06980890395896,-0.0911481395931034,-1.12722546856815,-2.15452776289119,-0.423908042058302
"result.158","2019-10-09 19:35:37","D03P1","EB2307",1,1570,-1410,650,330,2000,"D03",-1.06123003131734,-0.152756099082666,-1.00786928244105,-1.73051727631967,-0.581067362132004
"result.159","2019-10-09 19:47:45","D03P2","EB2307",1,4015,-875,1750,1140,2000,"D03",-0.536846441098892,0.318104734158993,0.305048764957079,-1.05708885647079,-0.581067362132004
"result.160","2019-10-10 18:44:51","D04P1","EB2307",1,5780,-700,2000,2480,2000,"D04",-0.158303685787821,0.472124632882901,0.603439230274835,0.0569779121681146,-0.581067362132004
"result.161","2019-10-10 18:55:18","D04P2","EB2307",1,5175,-485,1550,1610,2500,"D04",-0.288059134492182,0.661349079886558,0.0663363927028731,-0.666334094336246,-0.423908042058302
"result.162","2019-10-11 15:41:13","D05P1","EB2307",1,4900,-1320,1450,2020,2750,"D05",-0.347038883903256,-0.0735458654532283,-0.0530197934242296,-0.325462918857179,-0.345328382021451
"result.163","2019-10-11 15:53:04","D05P2","EB2307",1,3750,-1020,600,1420,2750,"D05",-0.593681472349563,0.190488246644899,-1.0675473755046,-0.824298785411911,-0.345328382021451
"result.164","2019-10-21 19:19:29","D14P1","EB2307",1,6140,-470,1650,2460,2500,"D14",-0.0810938320133245,0.674550785491464,0.185692578829976,0.0403500499496236,-0.423908042058302
"result.165","2019-10-21 19:32:24","D14P2","EB2307",1,3620,-970,750,1590,2250,"D14",-0.621562808434797,0.234493931994586,-0.888513096313949,-0.682961956554737,-0.502487702095153
"result.177","2019-09-30 16:23:07","D01P1","EC2802",1,-490,-3190,550,1150,1000,"D01",-1.5030419723603,-1.71935849753155,-1.12722546856815,-1.04877492536154,-0.895386002279408
"result.178","2019-10-01 16:12:57","D02P1","EC2802",1,-320,-2490,300,870,1000,"D02",-1.46658176363345,-1.10327890263592,-1.42561593388591,-1.28156499642041,-0.895386002279408
"result.179","2019-10-01 16:23:41","D02P2","EC2802",1,3275,-825,1150,1950,1000,"D02",-0.69555558496869,0.362110419508681,-0.411088351805538,-0.383660436621898,-0.895386002279408
"result.180","2019-10-02 16:19:54","D03P1","EC2802",1,3870,-1160,1650,2380,1000,"D03",-0.567944854424731,0.0672723276657727,0.185692578829976,-0.0261613989243406,-0.895386002279408
"result.181","2019-10-02 16:30:36","D03P2","EC2802",1,4510,-1570,2000,2830,1250,"D03",-0.43068289215896,-0.293574292201667,0.603439230274835,0.347965500991708,-0.816806342242557
"result.182","2019-10-03 16:21:10","D04P1","EC2802",1,4585,-1845,2450,2730,1250,"D04",-0.41459750595594,-0.53560556162495,1.1405420678468,0.264826189899253,-0.816806342242557
"result.183","2019-10-03 16:32:40","D04P2","EC2802",1,4775,-1875,2550,2600,1500,"D04",-0.373847860908289,-0.562008972834763,1.2598982539739,0.156745085479061,-0.738226682205706
"result.184","2019-10-04 15:10:18","D05P1","EC2802",1,5720,-930,3000,2400,1250,"D05",-0.171171994750237,0.269698480274337,1.79700109154586,-0.00953353670584958,-0.816806342242557
"result.185","2019-10-04 15:20:41","D05P2","EC2802",1,4885,-1655,2600,2690,1250,"D05",-0.35025596114386,-0.368383957296137,1.31957634703745,0.231570465462271,-0.816806342242557
"result.186","2019-10-15 17:11:54","D14P1","EC2802",1,7240,-520,3300,2960,1500,"D14",0.154825165630969,0.630545100141777,2.15506964992717,0.4560466054119,-0.738226682205706
"result.187","2019-10-15 17:26:03","D14P2","EC2802",1,6595,-1155,2450,3300,2000,"D14",0.016490844284997,0.0716728962007415,1.1405420678468,0.738720263126248,-0.581067362132004
"result.188","2018-06-04 16:55:42","D01P1","GF0912",1,2165,-995,650,1010,1500,"D01",-0.933619300773386,0.212491089319742,-1.00786928244105,-1.16516996089098,-0.738226682205706
"result.189","2018-06-05 11:33:46","D02P1","GF0912",1,3195,-1155,1050,1550,1750,"D02",-0.712713330251911,0.0716728962007415,-0.53044453793264,-0.716217680991719,-0.659647022168855
"result.190","2018-06-05 11:33:46","D02P2","GF0912",1,4170,-1580,1600,1900,2250,"D02",-0.503603309612651,-0.302375429271605,0.126014485766424,-0.425230092168126,-0.502487702095153
"result.191","2018-06-06 11:35:40","D03P1","GF0912",1,8475,-185,2750,2910,3000,"D03",0.419697858440699,0.925383191984685,1.49861062622811,0.414476949865672,-0.2667487219846
"result.192","2018-06-06 11:35:40","D03P2","GF0912",1,6435,-935,1750,2120,3500,"D03",-0.0178246462814458,0.265297911739368,0.305048764957079,-0.242323607764724,-0.109589401910898
"result.193","2018-06-07 11:29:16","D04P1","GF0912",1,6235,-705,1450,2990,2500,"D04",-0.0607190094894992,0.467724064347932,-0.0530197934242296,0.480988398739636,-0.423908042058302
"result.194","2018-06-07 11:29:16","D04P2","GF0912",1,6740,-750,1150,2590,3750,"D04",0.0475892576108357,0.428118947533213,-0.411088351805538,0.148431154369815,-0.0310097418740465
"result.195","2018-06-08 11:34:04","D05P1","GF0912",1,8725,-255,1800,3180,4000,"D05",0.473315812450766,0.863775232495122,0.36472685802063,0.638953089815301,0.0475699181628045
"result.196","2018-06-08 11:34:04","D05P2","GF0912",1,8700,-270,1200,3020,4750,"D05",0.467954017049759,0.850573526890216,-0.351410258741986,0.505930192067373,0.283308898273358
"result.197","2018-06-19 11:28:07","D14P1","GF0912",1,8340,-840,1850,3330,4000,"D14",0.390744163275263,0.348908713903775,0.424404951084181,0.763662056453984,0.0475699181628045
"result.198","2018-06-19 11:28:07","D14P2","GF0912",1,8785,-805,1650,3190,4750,"D14",0.486184121413182,0.379712693648556,0.185692578829976,0.647267020924547,0.283308898273358
"result.199","2020-02-10 11:16:05","D01P1","GF1410",1,2530,-1070,1900,450,1250,"D01",-0.855337087918689,0.146482561295211,0.484083044147733,-1.63075010300873,-0.816806342242557
"result.200","2020-02-11 14:13:49","D02P1","GF1410",1,1445,-1665,700,910,1500,"D02",-1.08803900832238,-0.377185094366074,-0.9481911893775,-1.24830927198343,-0.738226682205706
"result.201","2020-02-11 14:24:35","D02P2","GF1410",1,3215,-805,550,1220,2250,"D02",-0.708423893931106,0.379712693648556,-1.12722546856815,-0.990577407596821,-0.502487702095153
"result.202","2020-02-12 10:56:51","D03P1","GF1410",1,3620,-820,900,1540,2000,"D03",-0.621562808434797,0.36651098804365,-0.709478817123295,-0.724531612100965,-0.581067362132004
"result.203","2020-02-12 11:07:30","D03P2","GF1410",1,2935,-735,1400,270,2000,"D03",-0.76847600242238,0.441320653138119,-0.112697886487781,-1.78040086297515,-0.581067362132004
"result.204","2020-02-13 14:17:53","D04P1","GF1410",1,3340,-820,950,1460,1750,"D04",-0.681614916926072,0.36651098804365,-0.649800724059743,-0.791043060974929,-0.659647022168855
"result.205","2020-02-13 14:34:03","D04P2","GF1410",1,4235,-855,1150,940,3000,"D04",-0.489662641570033,0.335707008298868,-0.411088351805538,-1.2233674786557,-0.2667487219846
"result.206","2020-02-14 10:34:36","D05P1","GF1410",1,3975,-735,900,1560,2250,"D05",-0.545425313740503,0.441320653138119,-0.709478817123295,-0.707903749882474,-0.502487702095153
"result.207","2020-02-14 10:44:56","D05P2","GF1410",1,5080,-450,850,2430,2250,"D05",-0.308433957016008,0.69215305963134,-0.769156910186846,0.015408256621887,-0.502487702095153
"result.208","2020-02-25 10:26:37","D14P1","GF1410",1,4550,-770,700,1620,3000,"D14",-0.422104019517349,0.410516673393338,-0.9481911893775,-0.658020163227,-0.2667487219846
"result.209","2020-02-25 10:39:29","D14P2","GF1410",1,6230,-150,1150,2230,3000,"D14",-0.0617913685697005,0.956187171729466,-0.411088351805538,-0.150870365563023,-0.2667487219846
"result.210","2018-06-04 14:20:55","D01P1","GM2504",1,1110,-590,850,850,0,"D01",-1.15988706669587,0.568937140652214,-0.769156910186846,-1.29819285863891,-1.20970464242681
"result.211","2018-06-05 14:03:50","D02P1","GM2504",1,1815,-735,1550,1000,0,"D02",-1.00868443638748,0.441320653138119,0.0663363927028731,-1.17348389200022,-1.20970464242681
"result.212","2018-06-05 14:03:50","D02P2","GM2504",1,2175,-985,1400,1010,750,"D02",-0.931474582612983,0.22129222638968,-0.112697886487781,-1.16516996089098,-0.973965662316259
"result.213","2018-06-06 14:03:40","D03P1","GM2504",1,2935,-505,450,740,2250,"D03",-0.76847600242238,0.643746805746683,-1.24658165469526,-1.38964610084061,-0.502487702095153
"result.214","2018-06-06 14:03:40","D03P2","GM2504",1,4225,-735,350,1360,3250,"D03",-0.491807359730436,0.441320653138119,-1.36593784082236,-0.874182372067384,-0.188169061947749
"result.215","2018-06-07 13:59:39","D04P1","GM2504",1,5010,-900,450,1710,3750,"D04",-0.323446984138826,0.296101891484149,-1.24658165469526,-0.583194783243791,-0.0310097418740465
"result.216","2018-06-07 13:59:39","D04P2","GM2504",1,5570,-1120,200,2240,4250,"D04",-0.203342767156277,0.102476875945523,-1.54497212001301,-0.142556434453778,0.126149578199656
"result.217","2018-06-08 14:03:08","D05P1","GM2504",1,9625,-685,900,3160,6250,"D05",0.666340446887006,0.485326338487807,-0.709478817123295,0.62232522759681,0.754786858494464
"result.218","2018-06-08 14:03:08","D05P2","GM2504",1,9745,-635,650,2730,7000,"D05",0.692077064811838,0.529332023837495,-1.00786928244105,0.264826189899253,0.990525838605017
"result.219","2018-06-19 14:10:49","D14P1","GM2504",1,8330,-1120,300,2650,6500,"D14",0.38859944511486,0.102476875945523,-1.42561593388591,0.198314741025289,0.833366518531315
"result.220","2018-06-19 14:10:49","D14P2","GM2504",1,9115,-1205,600,2970,6750,"D14",0.55695982070647,0.0276672108510536,-1.0675473755046,0.464360536521145,0.911946178568166
"result.221","2019-12-02 16:18:50","D01P1","HA2212",1,-2080,-3750,900,520,250,"D01",-1.84405215986432,-2.21222217344806,-0.709478817123295,-1.57255258524401,-1.13112498238996
"result.222","2019-12-03 16:28:35","D02P1","HA2212",1,-230,-2630,950,950,500,"D02",-1.44727930018983,-1.22649482161505,-0.649800724059743,-1.21505354754645,-1.05254532235311
"result.223","2019-12-03 16:39:08","D02P2","HA2212",1,4315,-805,1300,2320,1500,"D02",-0.472504896286812,0.379712693648556,-0.232054072614884,-0.0760449855798138,-0.738226682205706
"result.224","2019-12-04 16:45:30","D03P1","HA2212",1,3170,-1670,1300,1540,2000,"D03",-0.718075125652918,-0.381585662901043,-0.232054072614884,-0.724531612100965,-0.581067362132004
"result.225","2019-12-04 17:04:56","D03P2","HA2212",1,3640,-1340,2050,430,2500,"D03",-0.617273372113992,-0.0911481395931034,0.663117323338387,-1.64737796522722,-0.423908042058302
"result.226","2019-12-05 16:55:22","D04P1","HA2212",1,4900,-770,1550,2370,1750,"D04",-0.347038883903256,0.410516673393338,0.0663363927028731,-0.0344753300335861,-0.659647022168855
"result.227","2019-12-05 17:05:55","D04P2","HA2212",1,3625,-1035,1000,1410,2250,"D04",-0.620490449354596,0.177286541039992,-0.590122630996192,-0.832612716521156,-0.502487702095153
"result.228","2019-12-06 16:11:59","D05P1","HA2212",1,6315,-1035,1700,2650,3000,"D05",-0.0435612642062778,0.177286541039992,0.245370671893527,0.198314741025289,-0.2667487219846
"result.229","2019-12-06 16:23:57","D05P2","HA2212",1,5170,-1390,1650,2410,2500,"D05",-0.289131493572384,-0.135153824942791,0.185692578829976,-0.00121960559660405,-0.423908042058302
"result.230","2019-12-18 15:22:53","D14P1","HA2212",1,3500,-1390,1250,1390,2250,"D14",-0.647299426359629,-0.135153824942791,-0.291732165678435,-0.849240578739647,-0.502487702095153
"result.231","2019-12-18 15:33:42","D14P2","HA2212",1,10160,-400,3450,3610,3500,"D14",0.781082868468549,0.736158744981027,2.33410392911782,0.996452127512859,-0.109589401910898
"result.232","2018-06-04 17:24:17","D01P1","HI0310",2,5075,-1285,1300,3060,2000,"D01",-0.309506316096209,-0.0427418857084469,-0.232054072614884,0.539185916504355,-0.581067362132004
"result.233","2018-06-05 17:06:39","D02P1","HI0310",2,4540,-1140,1900,2030,1750,"D02",-0.424248737677752,0.0848746018056478,0.484083044147733,-0.317148987747934,-0.659647022168855
"result.234","2018-06-05 17:06:39","D02P2","HI0310",2,6330,-1020,2700,2650,2000,"D02",-0.0403441869656738,0.190488246644899,1.43893253316455,0.198314741025289,-0.581067362132004
"result.235","2018-06-06 17:01:54","D03P1","HI0310",2,7080,-670,2400,2350,3000,"D03",0.120509675064526,0.498528044092713,1.08086397478325,-0.0511031922520772,-0.2667487219846
"result.236","2018-06-06 17:01:54","D03P2","HI0310",2,7875,-1335,2050,2660,4500,"D03",0.291014768816539,-0.0867475710581347,0.663117323338387,0.206628672134534,0.204729238236507
"result.237","2018-06-07 17:06:15","D04P1","HI0310",2,8240,-1080,2350,2720,4250,"D04",0.369296981671236,0.137681424225273,1.02118588171969,0.256512258790007,0.126149578199656
"result.238","2018-06-07 17:06:15","D04P2","HI0310",2,10635,-725,2600,3010,5750,"D04",0.882956981087676,0.450121790208057,1.31957634703745,0.497616260958127,0.597627538420762
"result.239","2018-06-08 17:06:13","D05P1","HI0310",2,13460,-1100,3400,3410,7750,"D05",1.48883986140143,0.120079150085398,2.27442583605427,0.830173505327948,1.22626481871557
"result.240","2018-06-08 17:06:13","D05P2","HI0310",2,13085,-905,3600,3390,7000,"D05",1.40841293038633,0.29170132294918,2.51313820830848,0.813545643109457,0.990525838605017
"result.241","2018-06-19 17:07:15","D14P1","HI0310",2,6885,-1965,2300,2300,4250,"D14",0.0786876709366744,-0.641219206464201,0.961507788656144,-0.0926728477983048,0.126149578199656
"result.242","2018-06-19 17:07:15","D14P2","HI0310",2,10285,-1555,3550,3290,5000,"D14",0.807891845473582,-0.280372586596761,2.45346011524493,0.730406332017002,0.361888558310209
"result.243","2021-03-01 15:13:10","D01P1","JA2904",1,1720,-1280,1800,-300,1500,"D01",-1.0290592589113,-0.0383413171734781,0.36472685802063,-2.25429493620214,-0.738226682205706
"result.244","2021-03-02 14:41:23","D02P1","JA2904",1,1160,-1440,1250,-150,1500,"D02",-1.14916347589385,-0.179159510292479,-0.291732165678435,-2.12958596956346,-0.738226682205706
"result.245","2021-03-02 14:52:44","D02P2","JA2904",1,1375,-2425,1950,-150,2000,"D02",-1.1030520354452,-1.04607151168133,0.543761137211284,-2.12958596956346,-0.581067362132004
"result.246","2021-03-03 14:44:50","D03P1","JA2904",1,2840,-960,2200,-150,1750,"D03",-0.788850824946206,0.243295069064524,0.842151602529041,-2.12958596956346,-0.659647022168855
"result.247","2021-03-03 14:55:54","D03P2","JA2904",1,3950,-1000,3000,-50,2000,"D03",-0.550787109141509,0.208090520784774,1.79700109154586,-2.046446658471,-0.581067362132004
"result.248","2021-03-04 14:43:51","D04P1","JA2904",1,3895,-805,2400,-200,2500,"D04",-0.562583059023724,0.379712693648556,1.08086397478325,-2.17115562510969,-0.423908042058302
"result.249","2021-03-04 14:54:32","D04P2","JA2904",1,3795,-855,1950,-50,2750,"D04",-0.584030240627751,0.335707008298868,0.543761137211284,-2.046446658471,-0.345328382021451
"result.250","2021-03-05 14:39:05","D05P1","JA2904",1,3630,-1370,2200,-200,3000,"D05",-0.619418090274395,-0.117551550802916,0.842151602529041,-2.17115562510969,-0.2667487219846
"result.251","2021-03-05 14:49:51","D05P2","JA2904",1,6300,-350,3250,-100,3500,"D05",-0.0467783414468818,0.780164430330715,2.09539155686362,-2.08801631401723,-0.109589401910898
"result.252","2021-03-16 14:44:02","D14P1","JA2904",1,5900,-700,3300,-200,3500,"D14",-0.132567067862989,0.472124632882901,2.15506964992717,-2.17115562510969,-0.109589401910898
"result.253","2021-03-16 14:54:51","D14P2","JA2904",1,5500,-650,2450,-50,3750,"D14",-0.218355794279095,0.516130318232588,1.1405420678468,-2.046446658471,-0.0310097418740465
"result.254","2019-11-04 09:04:30","D01P1","JM1704",2,2065,-1475,950,1590,1000,"D01",-0.955066482377413,-0.209963490037261,-0.649800724059743,-0.682961956554737,-0.895386002279408
"result.255","2019-11-05 08:26:54","D02P1","JM1704",2,4295,-1055,1150,2950,1250,"D02",-0.476794332607617,0.159684266900117,-0.411088351805538,0.447732674302654,-0.816806342242557
"result.256","2019-11-05 08:46:28","D02P2","JM1704",2,4865,-985,700,3650,1500,"D02",-0.354545397464665,0.22129222638968,-0.9481911893775,1.02970785194984,-0.738226682205706
"result.257","2019-11-06 08:38:12","D03P1","JM1704",2,5590,-970,1100,3460,2000,"D03",-0.199053330835471,0.234493931994586,-0.470766444869089,0.871743160874176,-0.581067362132004
"result.258","2019-11-06 08:50:20","D03P2","JM1704",2,6080,-900,600,3630,2750,"D03",-0.0939621409757406,0.296101891484149,-1.0675473755046,1.01307998973135,-0.345328382021451
"result.259","2019-11-07 14:07:22","D04P1","JM1704",2,7995,-535,1400,3380,3750,"D04",0.316751386741371,0.61734339453687,-0.112697886487781,0.805231712000212,-0.0310097418740465
"result.260","2019-11-07 14:18:58","D04P2","JM1704",2,6945,-735,1150,3530,3000,"D04",0.0915559798990904,0.441320653138119,-0.411088351805538,0.929940678638895,-0.2667487219846
"result.261","2019-11-08 13:06:03","D05P1","JM1704",2,8525,-685,1600,3110,4500,"D05",0.430421449242712,0.485326338487807,0.126014485766424,0.580755572050583,0.204729238236507
"result.262","2019-11-08 13:19:02","D05P2","JM1704",2,11690,-150,2600,3740,5500,"D05",1.10922474701016,0.956187171729466,1.31957634703745,1.10453323193305,0.519047878383911
"result.263","2019-11-18 12:56:11","D14P1","JM1704",2,11250,0,2300,3950,5000,"D14",1.01485714795244,1.08820422777853,0.961507788656144,1.27912578522721,0.361888558310209
"result.264","2019-11-18 13:08:44","D14P2","JM1704",2,12950,-150,1700,4400,7000,"D14",1.37945923522089,0.956187171729466,0.245370671893527,1.65325268514326,0.990525838605017
"result.265","2018-06-04 14:48:49","D01P1","JP1711",2,1390,-1080,800,920,750,"D01",-1.09983495820459,0.137681424225273,-0.828835003250397,-1.23999534087419,-0.973965662316259
"result.266","2018-06-05 14:32:14","D02P1","JP1711",2,3605,-895,1450,2050,1000,"D02",-0.624779885675401,0.300502460019118,-0.0530197934242296,-0.300521125529443,-0.895386002279408
"result.267","2018-06-05 14:32:14","D02P2","JP1711",2,4600,-610,1150,3060,1000,"D02",-0.411380428715336,0.551334866512339,-0.411088351805538,0.539185916504355,-0.895386002279408
"result.268","2018-06-06 14:30:14","D03P1","JP1711",2,4345,-705,1500,2550,1000,"D03",-0.466070741805604,0.467724064347932,0.00665829963932174,0.115175429932833,-0.895386002279408
"result.269","2018-06-06 14:30:14","D03P2","JP1711",2,4475,-255,1250,2480,1000,"D03",-0.438189405720369,0.863775232495122,-0.291732165678435,0.0569779121681146,-0.895386002279408
"result.270","2018-06-07 14:31:53","D04P1","JP1711",2,4820,-730,1050,3000,1500,"D04",-0.364196629186477,0.445721221673088,-0.53044453793264,0.489302329848882,-0.738226682205706
"result.271","2018-06-07 14:31:53","D04P2","JP1711",2,6100,-670,2050,2970,1750,"D04",-0.0896727046549352,0.498528044092713,0.663117323338387,0.464360536521145,-0.659647022168855
"result.272","2018-06-08 14:31:08","D05P1","JP1711",2,5635,-435,1500,3070,1500,"D05",-0.189402099113659,0.705354765236246,0.00665829963932174,0.5474998476136,-0.738226682205706
"result.273","2018-06-08 14:31:08","D05P2","JP1711",2,6015,-475,1850,2890,1750,"D05",-0.107902809018358,0.670150216956496,0.424404951084181,0.397849087647181,-0.659647022168855
"result.274","2018-06-19 14:32:38","D14P1","JP1711",2,4910,-1260,1350,3570,1250,"D14",-0.344894165742853,-0.0207390430336029,-0.172375979551332,0.963196403075877,-0.816806342242557
"result.275","2018-06-19 14:32:38","D14P2","JP1711",2,6805,-625,2150,3780,1500,"D14",0.061529925653453,0.538133160907432,0.782473509465489,1.13778895637003,-0.738226682205706
"result.276","2021-03-01 16:52:13","D01P1","JT0601",2,1385,-1715,1450,-600,2250,"D01",-1.10090731728479,-0.421190779715762,-0.0530197934242296,-2.50371286947951,-0.502487702095153
"result.277","2021-03-02 16:24:05","D02P1","JT0601",2,3535,-915,1800,-350,3000,"D02",-0.63979291279822,0.282900185879243,0.36472685802063,-2.29586459174837,-0.2667487219846
"result.278","2021-03-02 16:34:25","D02P2","JT0601",2,7030,-870,2500,-100,5500,"D02",0.109786084262513,0.322505302693962,1.20022016091035,-2.08801631401723,0.519047878383911
"result.279","2021-03-03 16:50:08","D03P1","JT0601",2,8225,-625,1150,-300,8000,"D03",0.366079904430632,0.538133160907432,-0.411088351805538,-2.25429493620214,1.30484447875242
"result.280","2021-03-03 17:01:19","D03P2","JT0601",2,10555,-1545,1100,-250,11250,"D03",0.865799235804454,-0.271571449526823,-0.470766444869089,-2.21272528065591,2.32638005923148
"result.281","2021-03-04 16:47:06","D04P1","JT0601",2,12650,-1050,1700,-250,12250,"D04",1.31511769040881,0.164084835435086,0.245370671893527,-2.21272528065591,2.64069869937889
"result.282","2021-03-04 16:59:53","D04P2","JT0601",2,12495,-2505,1850,-100,13250,"D04",1.28187455892257,-1.11648060824083,0.424404951084181,-2.08801631401723,2.95501733952629
"result.283","2021-03-05 16:37:57","D05P1","JT0601",2,12630,-770,1450,-300,12250,"D05",1.31082825408801,0.410516673393338,-0.0530197934242296,-2.25429493620214,2.64069869937889
"result.284","2021-03-05 16:48:23","D05P2","JT0601",2,16915,-785,2050,-100,15750,"D05",2.22983998582055,0.397314967788431,0.663117323338387,-2.08801631401723,3.7408139398948
"result.285","2021-03-16 16:50:28","D14P1","JT0601",2,15650,-300,2250,-50,13750,"D14",1.95853313852961,0.824170115680403,0.901829695592592,-2.046446658471,3.11217665959999
"result.286","2021-03-16 17:00:54","D14P2","JT0601",2,19000,-900,2000,-100,18000,"D14",2.67701372226451,0.296101891484149,0.603439230274835,-2.08801631401723,4.44803088022646
"result.287","2019-10-07 19:24:57","D01P1","LB0609",2,5870,-420,650,2390,3250,"D01",-0.139001222344197,0.718556470841152,-1.00786928244105,-0.0178474678150951,-0.188169061947749
"result.288","2019-10-08 18:49:30","D02P1","LB0609",2,9780,-450,1650,3330,5250,"D02",0.699583578373247,0.69215305963134,0.185692578829976,0.763662056453984,0.44046821834706
"result.289","2019-10-08 19:08:41","D02P2","LB0609",2,11700,-150,1950,3650,6250,"D02",1.11136946517056,0.956187171729466,0.543761137211284,1.02970785194984,0.754786858494464
"result.290","2019-10-09 18:50:24","D03P1","LB0609",2,11640,-600,2000,3240,7000,"D03",1.09850115620814,0.560136003582276,0.603439230274835,0.688836676470774,0.990525838605017
"result.291","2019-10-09 19:07:22","D03P2","LB0609",2,14660,-400,1750,4060,9250,"D03",1.74620604064975,0.736158744981027,0.305048764957079,1.37057902742891,1.69774277893668
"result.292","2019-10-10 18:07:45","D04P1","LB0609",2,14580,-200,2350,3430,9000,"D04",1.72904829536653,0.912181486379779,1.02118588171969,0.846801367546439,1.61916311889983
"result.293","2019-10-10 18:22:31","D04P2","LB0609",2,15660,-150,1400,3910,10500,"D04",1.96067785669002,0.956187171729466,-0.112697886487781,1.24587006079022,2.09064107912093
"result.294","2019-10-11 13:13:55","D05P1","LB0609",2,15830,-450,2300,3480,10500,"D05",1.99713806541686,0.69215305963134,0.961507788656144,0.888371023092667,2.09064107912093
"result.295","2019-10-11 13:25:31","D05P2","LB0609",2,18440,-300,1850,3890,13000,"D05",2.55690950528196,0.824170115680403,0.424404951084181,1.22924219857173,2.87643767948944
"result.296","2019-10-21 17:35:18","D14P1","LB0609",2,15740,-900,1250,3890,11500,"D14",1.97783560197324,0.296101891484149,-0.291732165678435,1.22924219857173,2.40495971926834
"result.297","2019-10-21 17:46:16","D14P2","LB0609",2,22600,-100,3050,4150,15500,"D14",3.44911226000947,1.00019285707915,1.85667918460941,1.44540440741212,3.66223427985795
"result.298","2018-06-04 13:03:28","D01P1","LB2705",1,-3525,-5325,450,100,1250,"D01",-2.15396393404251,-3.59840126196322,-1.24658165469526,-1.92173769183232,-0.816806342242557
"result.299","2018-06-05 08:35:29","D02P1","LB2705",1,-2295,-4515,950,270,1000,"D02",-1.89016360031298,-2.88550915929828,-0.649800724059743,-1.78040086297515,-0.895386002279408
"result.300","2018-06-05 08:35:29","D02P2","LB2705",1,-1735,-3175,650,-460,1250,"D02",-1.77005938333043,-1.70615679192665,-1.00786928244105,-2.38731783395007,-0.816806342242557
"result.301","2018-06-06 08:28:02","D03P1","LB2705",1,-1070,-5100,1300,730,2000,"D03",-1.62743562566365,-3.40037567788963,-0.232054072614884,-1.39796003194985,-0.581067362132004
"result.302","2018-06-06 08:28:02","D03P2","LB2705",1,-1490,-5200,1150,810,1750,"D03",-1.71751378840056,-3.488387048589,-0.411088351805538,-1.33144858307589,-0.659647022168855
"result.303","2018-06-07 08:31:32","D04P1","LB2705",1,-170,-4290,850,770,2500,"D04",-1.43441099122741,-2.68748357522468,-0.769156910186846,-1.36470430751287,-0.423908042058302
"result.304","2018-06-07 08:31:32","D04P2","LB2705",1,1185,-3405,1700,890,2000,"D04",-1.14380168049285,-1.90858294453521,0.245370671893527,-1.26493713420192,-0.581067362132004
"result.305","2018-06-08 08:30:10","D05P1","LB2705",1,3150,-2800,1500,1950,2500,"D05",-0.722364561973723,-1.37611415180399,0.00665829963932174,-0.383660436621898,-0.423908042058302
"result.306","2018-06-08 08:30:10","D05P2","LB2705",1,1935,-3345,1350,1680,2250,"D05",-0.982947818462647,-1.85577612211558,-0.172375979551332,-0.608136576571527,-0.502487702095153
"result.307","2018-06-20 10:25:14","D14P1","LB2705",1,-590,-4240,900,1500,1250,"D14",-1.52448915396432,-2.643477889875,-0.709478817123295,-0.757787336537947,-0.816806342242557
"result.308","2018-06-20 10:25:14","D14P2","LB2705",1,460,-4430,1150,1990,1750,"D14",-1.29929374712204,-2.81069949420381,-0.411088351805538,-0.350404712184916,-0.659647022168855
"result.309","2018-06-04 13:34:41","D01P1","LD2304",2,-5715,-5905,-200,140,250,"D01",-2.62365721117069,-4.1088672120196,-2.02239686452142,-1.88848196739534,-1.13112498238996
"result.310","2018-06-05 09:09:08","D02P1","LD2304",2,-3475,-3695,-550,270,500,"D02",-2.14324034324049,-2.1638159195634,-2.44014351596628,-1.78040086297515,-1.05254532235311
"result.311","2018-06-05 09:09:08","D02P2","LD2304",2,-1655,-4385,-200,930,2000,"D02",-1.75290163804721,-2.77109437738909,-2.02239686452142,-1.23168140976494,-0.581067362132004
"result.312","2018-06-06 09:05:45","D03P1","LD2304",2,260,-3150,250,1160,2000,"D03",-1.34218811033009,-1.6841539492518,-1.48529402694946,-1.04046099425229,-0.581067362132004
"result.313","2018-06-06 09:05:45","D03P2","LD2304",2,1355,-2325,400,1280,2000,"D03",-1.107341471766,-0.958060140981953,-1.30625974775881,-0.940693820941348,-0.581067362132004
"result.314","2018-06-07 09:03:19","D04P1","LD2304",2,2690,-2170,550,2060,2250,"D04",-0.821021597352246,-0.821642516397921,-1.12722546856815,-0.292207194420197,-0.502487702095153
"result.315","2018-06-07 09:03:19","D04P2","LD2304",2,295,-3455,150,1600,2000,"D04",-1.33468159676869,-1.9525886298849,-1.60465021307656,-0.674648025445492,-0.581067362132004
"result.316","2018-06-08 09:05:44","D05P1","LD2304",2,1900,-2250,650,2000,1500,"D05",-0.990454332024057,-0.892051612957422,-1.00786928244105,-0.342090781075671,-0.738226682205706
"result.317","2018-06-08 09:05:44","D05P2","LD2304",2,1650,-2680,1350,1730,1250,"D05",-1.04407228603412,-1.27050050696474,-0.172375979551332,-0.5665669210253,-0.816806342242557
"result.318","2018-06-19 09:03:38","D14P1","LD2304",2,650,-4090,750,1990,2000,"D14",-1.25854410207439,-2.51146083382593,-0.888513096313949,-0.350404712184916,-0.581067362132004
"result.319","2018-06-19 09:03:38","D14P2","LD2304",2,1855,-3045,800,2100,2000,"D14",-1.00010556374587,-1.59174201001746,-0.828835003250397,-0.258951469983215,-0.581067362132004
"result.320","2019-10-07 12:22:19","D01P1","LL0206",1,6295,-985,2250,2280,2750,"D01",-0.0478507005270831,0.22129222638968,0.901829695592592,-0.109300710016796,-0.345328382021451
"result.321","2019-10-08 10:00:06","D02P1","LL0206",1,10020,-370,3500,3140,3750,"D02",0.751056814222912,0.76256215619084,2.39378202218138,0.605697365378319,-0.0310097418740465
"result.322","2019-10-08 10:13:19","D02P2","LL0206",1,7780,-910,1750,2940,4000,"D02",0.270639946292713,0.287300754414212,0.305048764957079,0.439418743193409,0.0475699181628045
"result.323","2019-10-09 13:35:46","D03P1","LL0206",1,9890,-520,2700,3210,4500,"D03",0.723175478137677,0.630545100141777,1.43893253316455,0.663894883143038,0.204729238236507
"result.324","2019-10-09 13:48:18","D03P2","LL0206",1,10195,-935,1900,3230,6000,"D03",0.788589382029958,0.265297911739368,0.484083044147733,0.680522745361529,0.676207198457613
"result.325","2019-10-10 13:22:28","D04P1","LL0206",1,11340,-700,2750,3290,6000,"D04",1.03415961139606,0.472124632882901,1.49861062622811,0.730406332017002,0.676207198457613
"result.326","2019-10-10 13:36:48","D04P2","LL0206",1,10480,-820,2750,2050,6500,"D04",0.849713849601434,0.36651098804365,1.49861062622811,-0.300521125529443,0.833366518531315
"result.327","2019-10-11 12:16:13","D05P1","LL0206",1,14520,0,2400,3370,8750,"D05",1.71617998640411,1.08820422777853,1.08086397478325,0.796917780890966,1.54058345886297
"result.328","2019-10-11 12:28:39","D05P2","LL0206",1,16160,-750,2350,3560,11000,"D05",2.06791376471015,0.428118947533213,1.02118588171969,0.954882471966631,2.24780039919463
"result.329","2019-10-21 13:13:19","D14P1","LL0206",1,18345,-505,2250,3850,12750,"D14",2.53653468275813,0.643746805746683,0.901829695592592,1.19598647413475,2.79785801945259
"result.330","2019-10-21 13:25:00","D14P2","LL0206",1,17550,-900,2450,3500,12500,"D14",2.36602958900612,0.296101891484149,1.1405420678468,0.904998885311158,2.71927835941574
"result.342","2020-01-13 09:42:44","D01P1","LV0603",1,6470,-590,1150,2660,3250,"D01",-0.0103181327200364,0.568937140652214,-0.411088351805538,0.206628672134534,-0.188169061947749
"result.343","2020-01-14 09:10:36","D02P1","LV0603",1,7275,-735,1100,2410,4500,"D02",0.162331679192379,0.441320653138119,-0.470766444869089,-0.00121960559660405,0.204729238236507
"result.344","2020-01-14 09:21:51","D02P2","LV0603",1,8070,-400,1100,2370,5000,"D02",0.332836772944391,0.736158744981027,-0.470766444869089,-0.0344753300335861,0.361888558310209
"result.345","2020-01-15 09:02:47","D03P1","LV0603",1,9350,-470,1450,2870,5500,"D03",0.607360697475933,0.674550785491464,-0.0530197934242296,0.38122122542869,0.519047878383911
"result.346","2020-01-15 09:17:34","D03P2","LV0603",1,12250,-150,2250,2900,7250,"D03",1.22932896399271,0.956187171729466,0.901829695592592,0.406163018756427,1.06910549864187
"result.347","2020-01-16 09:03:32","D04P1","LV0603",1,10120,-350,1000,2970,6500,"D04",0.772503995826938,0.780164430330715,-0.590122630996192,0.464360536521145,0.833366518531315
"result.348","2020-01-16 09:19:16","D04P2","LV0603",1,11980,-100,1050,2780,8250,"D04",1.17142157366183,1.00019285707915,-0.53044453793264,0.30639584544548,1.38342413878927
"result.349","2020-01-17 10:04:14","D05P1","LV0603",1,13025,-405,1750,3180,8500,"D05",1.39554462142391,0.731758176446059,0.305048764957079,0.638953089815301,1.46200379882612
"result.350","2020-01-17 10:15:18","D05P2","LV0603",1,13420,-150,1500,2820,9250,"D05",1.48026098875982,0.956187171729466,0.00665829963932174,0.339651569882462,1.69774277893668
"result.351","2020-01-28 14:11:57","D14P1","LV0603",1,12505,-485,1150,2840,9000,"D14",1.28401927708298,0.661349079886558,-0.411088351805538,0.356279432100953,1.61916311889983
"result.352","2020-01-28 14:22:40","D14P2","LV0603",1,13660,-370,1850,2930,9250,"D14",1.53173422460948,0.76256215619084,0.424404951084181,0.431104812084163,1.69774277893668
"result.353","2019-11-11 16:46:31","D01P1","ME1301",2,-2605,-3475,50,320,500,"D01",-1.95664986328546,-1.97019090402477,-1.72400639920367,-1.73883120742892,-1.05254532235311
"result.354","2019-11-12 12:58:43","D02P1","ME1301",2,10,-3040,850,1200,1000,"D02",-1.39580606434016,-1.58734144148249,-0.769156910186846,-1.00720526981531,-0.895386002279408
"result.355","2019-11-12 13:11:34","D02P2","ME1301",2,665,-2475,650,990,1500,"D02",-1.25532702483379,-1.09007719703102,-1.00786928244105,-1.18179782310947,-0.738226682205706
"result.356","2019-11-13 16:36:11","D03P1","ME1301",2,-30,-3050,550,1220,1250,"D03",-1.40438493698177,-1.59614257855243,-1.12722546856815,-0.990577407596821,-0.816806342242557
"result.357","2019-11-13 16:50:00","D03P2","ME1301",2,2565,-1885,1800,1150,1500,"D03",-0.847830574357279,-0.5708101099047,0.36472685802063,-1.04877492536154,-0.738226682205706
"result.358","2019-11-14 17:01:01","D04P1","ME1301",2,2045,-2035,1400,1180,1500,"D04",-0.959355918698218,-0.702827165953764,-0.112697886487781,-1.0238331320338,-0.738226682205706
"result.359","2019-11-14 17:18:43","D04P2","ME1301",2,3545,-2355,1800,2350,1750,"D04",-0.637648194637818,-0.984463552191766,0.36472685802063,-0.0511031922520772,-0.659647022168855
"result.360","2019-11-15 17:37:47","D05P1","ME1301",2,840,-4300,600,2540,2000,"D05",-1.21779445702674,-2.69628471229462,-1.0675473755046,0.106861498823588,-0.581067362132004
"result.361","2019-11-15 17:48:16","D05P2","ME1301",2,2245,-4345,1800,2290,2500,"D05",-0.916461555490165,-2.73588982910934,0.36472685802063,-0.10098677890755,-0.423908042058302
"result.362","2019-11-26 15:26:07","D14P1","ME1301",2,2215,-2665,150,2480,2250,"D14",-0.922895709971373,-1.25729880135983,-1.60465021307656,0.0569779121681146,-0.502487702095153
"result.363","2019-11-26 15:37:44","D14P2","ME1301",2,3560,-2630,1300,2390,2500,"D14",-0.634431117397213,-1.22649482161505,-0.232054072614884,-0.0178474678150951,-0.423908042058302
"result.364","2018-06-04 15:21:39","D01P1","MM0301",2,-3470,-4180,600,-140,250,"D01",-2.14216798416029,-2.59067106745537,-1.0675473755046,-2.12127203845421,-1.13112498238996
"result.365","2018-06-05 10:33:16","D02P1","MM0301",2,-3180,-5040,350,1010,500,"D02",-2.07997115750861,-3.34756885547,-1.36593784082236,-1.16516996089098,-1.05254532235311
"result.366","2018-06-05 10:33:16","D02P2","MM0301",2,-2245,-4915,400,1520,750,"D02",-1.87944000951096,-3.23755464209578,-1.30625974775881,-0.741159474319456,-0.973965662316259
"result.367","2018-06-06 10:38:35","D03P1","MM0301",2,-1015,-3735,650,1070,1000,"D03",-1.61563967578144,-2.19902046784315,-1.00786928244105,-1.1152863742355,-0.895386002279408
"result.368","2018-06-06 10:38:35","D03P2","MM0301",2,2650,-2200,1300,2050,1500,"D03",-0.829600469993857,-0.848045927607734,-0.232054072614884,-0.300521125529443,-0.738226682205706
"result.369","2018-06-07 10:33:20","D04P1","MM0301",2,1280,-3420,1000,1700,2000,"D04",-1.12342685796902,-1.92178465014012,-0.590122630996192,-0.591508714353036,-0.581067362132004
"result.370","2018-06-07 10:33:20","D04P2","MM0301",2,3040,-2640,1600,2080,2000,"D04",-0.745956461738152,-1.23529595868499,0.126014485766424,-0.275579332201706,-0.581067362132004
"result.371","2018-06-08 10:36:08","D05P1","MM0301",2,3100,-2420,1700,1820,2000,"D05",-0.733088152775736,-1.04167094314636,0.245370671893527,-0.49174154104209,-0.581067362132004
"result.372","2018-06-08 10:36:08","D05P2","MM0301",2,5415,-1565,1700,3030,2250,"D05",-0.236585898642518,-0.289173723666699,0.245370671893527,0.514244123176618,-0.502487702095153
"result.373","2018-06-20 09:14:50","D14P1","MM0301",2,960,-3560,900,2120,1500,"D14",-1.19205783910191,-2.04500056911924,-0.709478817123295,-0.242323607764724,-0.738226682205706
"result.374","2018-06-20 09:14:50","D14P2","MM0301",2,1590,-2960,700,2350,1500,"D14",-1.05694059499654,-1.51693234492299,-0.9481911893775,-0.0511031922520772,-0.738226682205706
"result.375","2019-09-30 12:55:07","D01P1","NB1309",2,2485,-1615,300,2800,1000,"D01",-0.8649883196405,-0.333179409016386,-1.42561593388591,0.323023707663971,-0.895386002279408
"result.376","2019-10-01 11:47:38","D02P1","NB1309",2,3990,-590,800,2530,1250,"D02",-0.542208236499899,0.568937140652214,-0.828835003250397,0.0985475677143422,-0.816806342242557
"result.377","2019-10-01 12:03:25","D02P2","NB1309",2,4740,-900,1150,2740,1750,"D02",-0.381354374469698,0.296101891484149,-0.411088351805538,0.273140121008498,-0.659647022168855
"result.378","2019-10-02 12:41:12","D03P1","NB1309",2,6155,-435,1450,2640,2500,"D03",-0.0778767547727205,0.705354765236246,-0.0530197934242296,0.190000809916043,-0.423908042058302
"result.379","2019-10-02 12:53:22","D03P2","NB1309",2,7860,-750,2600,3260,2750,"D03",0.287797691575935,0.428118947533213,1.31957634703745,0.705464538689266,-0.345328382021451
"result.380","2019-10-03 12:20:59","D04P1","NB1309",2,8590,-450,1550,3490,4000,"D04",0.44436211728533,0.69215305963134,0.0663363927028731,0.896684954201913,0.0475699181628045
"result.381","2019-10-03 12:34:19","D04P2","NB1309",2,9440,-750,2050,3390,4750,"D04",0.626663160919557,0.428118947533213,0.663117323338387,0.813545643109457,0.283308898273358
"result.382","2019-10-04 12:45:19","D05P1","NB1309",2,10330,-600,2900,3530,4500,"D05",0.817543077195394,0.560136003582276,1.67764490541876,0.929940678638895,0.204729238236507
"result.383","2019-10-04 12:57:19","D05P2","NB1309",2,10110,-950,2400,3660,5000,"D05",0.770359277666536,0.252096206134461,1.08086397478325,1.03802178305909,0.361888558310209
"result.384","2019-10-15 11:56:48","D14P1","NB1309",2,10530,-1000,1550,2980,7000,"D14",0.860437440403448,0.208090520784774,0.0663363927028731,0.472674467630391,0.990525838605017
"result.385","2019-10-15 12:12:26","D14P2","NB1309",2,13510,-1050,2800,3260,8500,"D14",1.49956345220344,0.164084835435086,1.55828871929166,0.705464538689266,1.46200379882612
"result.386","2019-11-11 17:41:43","D01P1","PC2104",1,2405,-1795,1200,2000,1000,"D01",-0.882146064923722,-0.491599876275262,-0.351410258741986,-0.342090781075671,-0.895386002279408
"result.387","2019-11-12 17:22:38","D02P1","PC2104",1,3655,-1075,800,2680,1250,"D02",-0.614056294873388,0.142081992760242,-0.828835003250397,0.223256534353025,-0.816806342242557
"result.388","2019-11-12 17:35:00","D02P2","PC2104",1,5090,-820,1400,2760,1750,"D02",-0.306289238855605,0.36651098804365,-0.112697886487781,0.289767983226989,-0.659647022168855
"result.389","2019-11-13 17:07:07","D03P1","PC2104",1,5720,-520,1400,3090,1750,"D03",-0.171171994750237,0.630545100141777,-0.112697886487781,0.564127709832092,-0.659647022168855
"result.390","2019-11-13 17:19:29","D03P2","PC2104",1,5250,-1090,1050,3040,2250,"D03",-0.271973748289162,0.128880287155336,-0.53044453793264,0.522558054285864,-0.502487702095153
"result.391","2019-11-14 17:40:25","D04P1","PC2104",1,6780,-450,1300,3430,2500,"D04",0.0561681302524464,0.69215305963134,-0.232054072614884,0.846801367546439,-0.423908042058302
"result.392","2019-11-14 17:52:30","D04P2","PC2104",1,6650,-770,1450,3220,2750,"D04",0.0282867941672117,0.410516673393338,-0.0530197934242296,0.672208814252283,-0.345328382021451
"result.393","2019-11-15 17:09:30","D05P1","PC2104",1,5475,-1285,1700,2560,2500,"D05",-0.223717589680102,-0.0427418857084469,0.245370671893527,0.123489361042079,-0.423908042058302
"result.394","2019-11-15 17:19:55","D05P2","PC2104",1,6965,-685,1000,3150,3500,"D05",0.0958454162198958,0.485326338487807,-0.590122630996192,0.614011296487565,-0.109589401910898
"result.395","2019-11-25 17:06:35","D14P1","PC2104",1,7560,-650,1350,3360,3500,"D14",0.223456146763855,0.516130318232588,-0.172375979551332,0.788603849781721,-0.109589401910898
"result.396","2019-11-25 17:18:22","D14P2","PC2104",1,8300,-450,1500,3250,4000,"D14",0.382165290633652,0.69215305963134,0.00665829963932174,0.69715060758002,0.0475699181628045
"result.397","2019-09-30 19:23:03","D01P1","RC1907",2,2195,-1525,1250,470,2000,"D01",-0.927185146292178,-0.253969175386948,-0.291732165678435,-1.61412224079024,-0.581067362132004
"result.398","2019-10-01 19:26:02","D02P1","RC1907",2,4230,-1970,1350,2100,2750,"D02",-0.490735000650235,-0.64561977499917,-0.172375979551332,-0.258951469983215,-0.345328382021451
"result.399","2019-10-01 19:39:54","D02P2","RC1907",2,6650,-1390,1650,2640,3750,"D02",0.0282867941672117,-0.135153824942791,0.185692578829976,0.190000809916043,-0.0310097418740465
"result.400","2019-10-02 17:42:41","D03P1","RC1907",2,8905,-1455,2500,2860,5000,"D03",0.511920739338014,-0.192361215897385,1.20022016091035,0.372907294319445,0.361888558310209
"result.401","2019-10-02 17:53:01","D03P2","RC1907",2,9130,-1050,1450,3230,5500,"D03",0.560176897947074,0.164084835435086,-0.0530197934242296,0.680522745361529,0.519047878383911
"result.402","2019-10-03 19:07:36","D04P1","RC1907",2,9390,-1240,1000,3380,6250,"D04",0.615939570117543,-0.00313676889372782,-0.590122630996192,0.805231712000212,0.754786858494464
"result.403","2019-10-03 19:25:29","D04P2","RC1907",2,10285,-1235,2250,3020,6250,"D04",0.807891845473582,0.00126379964124096,0.901829695592592,0.505930192067373,0.754786858494464
"result.404","2019-10-04 16:09:41","D05P1","RC1907",2,11055,-555,1950,3660,6000,"D05",0.973035143824588,0.599741120396995,0.543761137211284,1.03802178305909,0.676207198457613
"result.405","2019-10-04 16:21:07","D05P2","RC1907",2,10890,-820,2250,3210,6250,"D05",0.937647294177944,0.36651098804365,0.901829695592592,0.663894883143038,0.754786858494464
"result.406","2019-10-15 19:09:03","D14P1","RC1907",2,10335,-785,550,3320,7250,"D14",0.818615436275596,0.397314967788431,-1.12722546856815,0.755348125344739,1.06910549864187
"result.407","2019-10-15 19:19:53","D14P2","RC1907",2,12500,-720,1750,3470,8000,"D14",1.28294691800277,0.454522358743025,0.305048764957079,0.880057091983421,1.30484447875242
"result.408","2018-06-04 16:30:28","D01P1","SB2903",1,-240,-2290,-50,600,1500,"D01",-1.44942401835023,-0.927256161237172,-1.84336258533077,-1.50604113637004,-0.738226682205706
"result.409","2018-06-05 09:36:52","D02P1","SB2903",1,3310,-1050,900,1710,1750,"D02",-0.68804907140728,0.164084835435086,-0.709478817123295,-0.583194783243791,-0.659647022168855
"result.410","2018-06-05 09:36:52","D02P2","SB2903",1,5115,-485,1050,2300,2250,"D02",-0.300927443454598,0.661349079886558,-0.53044453793264,-0.0926728477983048,-0.502487702095153
"result.411","2018-06-06 09:37:25","D03P1","SB2903",1,4960,-790,800,2700,2250,"D03",-0.33417057494084,0.392914399253462,-0.828835003250397,0.239884396571516,-0.502487702095153
"result.412","2018-06-06 09:37:25","D03P2","SB2903",1,6125,-735,800,3060,3000,"D03",-0.0843109092539285,0.441320653138119,-0.828835003250397,0.539185916504355,-0.2667487219846
"result.413","2018-06-07 09:34:41","D04P1","SB2903",1,7280,-350,1150,3230,3250,"D04",0.16340403827258,0.780164430330715,-0.411088351805538,0.680522745361529,-0.188169061947749
"result.414","2018-06-07 09:34:41","D04P2","SB2903",1,7070,-350,1000,3170,3250,"D04",0.118364956904124,0.780164430330715,-0.590122630996192,0.630639158706056,-0.188169061947749
"result.415","2018-06-08 09:35:06","D05P1","SB2903",1,8400,-300,900,3300,4500,"D05",0.403612472237679,0.824170115680403,-0.709478817123295,0.738720263126248,0.204729238236507
"result.416","2018-06-08 09:35:06","D05P2","SB2903",1,8195,-555,400,3100,5250,"D05",0.359645749949424,0.599741120396995,-1.30625974775881,0.572441640941337,0.44046821834706
"result.417","2018-06-19 09:30:43","D14P1","SB2903",1,7400,-1580,650,3580,4750,"D14",0.189140656197412,-0.302375429271605,-1.00786928244105,0.971510334185122,0.283308898273358
"result.418","2018-06-19 09:30:43","D14P2","SB2903",1,10560,-1090,850,3800,7000,"D14",0.866871594884656,0.128880287155336,-0.769156910186846,1.15441681858852,0.990525838605017
"result.419","2018-06-04 16:03:26","D01P1","SF2107",2,-1825,-3035,100,110,1000,"D01",-1.78936184677405,-1.58294087294752,-1.66432830614012,-1.91342376072307,-0.895386002279408
"result.420","2018-06-05 15:31:29","D02P1","SF2107",2,2135,-825,800,660,1500,"D02",-0.940053455254594,0.362110419508681,-0.828835003250397,-1.45615754971457,-0.738226682205706
"result.421","2018-06-05 15:31:29","D02P2","SF2107",2,1370,-1560,300,1130,1500,"D02",-1.1041243945254,-0.28477315513173,-1.42561593388591,-1.06540278758003,-0.738226682205706
"result.422","2018-06-06 15:28:09","D03P1","SF2107",2,3050,-430,400,1080,2000,"D03",-0.74381174357775,0.709755333771215,-1.30625974775881,-1.10697244312626,-0.581067362132004
"result.423","2018-06-06 15:28:09","D03P2","SF2107",2,3395,-1105,750,1500,2250,"D03",-0.669818967043858,0.115678581550429,-0.888513096313949,-0.757787336537947,-0.502487702095153
"result.424","2018-06-07 15:31:11","D04P1","SF2107",2,3935,-705,700,1440,2500,"D04",-0.554004186382113,0.467724064347932,-0.9481911893775,-0.80767092319342,-0.423908042058302
"result.425","2018-06-07 15:31:11","D04P2","SF2107",2,3655,-1665,850,1720,2750,"D04",-0.614056294873388,-0.377185094366074,-0.769156910186846,-0.574880852134545,-0.345328382021451
"result.426","2018-06-08 15:32:00","D05P1","SF2107",2,5870,-190,1400,2410,2250,"D05",-0.139001222344197,0.920982623449716,-0.112697886487781,-0.00121960559660405,-0.502487702095153
"result.427","2018-06-08 15:32:00","D05P2","SF2107",2,4980,-740,550,2420,2750,"D05",-0.329881138620034,0.43692008460315,-1.12722546856815,0.00709432551264147,-0.345328382021451
"result.428","2018-06-19 15:25:54","D14P1","SF2107",2,2660,-1880,500,2290,1750,"D14",-0.827455751833454,-0.566409541369732,-1.18690356163171,-0.10098677890755,-0.659647022168855
"result.429","2018-06-19 15:25:54","D14P2","SF2107",2,1165,-2615,450,1080,2250,"D14",-1.14809111681365,-1.21329311601014,-1.24658165469526,-1.10697244312626,-0.502487702095153
"result.430","2020-02-10 15:32:41","D01P1","SL2804",1,4500,-770,1700,1820,1750,"D01",-0.432827610319362,0.410516673393338,0.245370671893527,-0.49174154104209,-0.659647022168855
"result.431","2020-02-11 15:15:05","D02P1","SL2804",1,4200,-1070,2050,1220,2000,"D02",-0.497169155131443,0.146482561295211,0.663117323338387,-0.990577407596821,-0.581067362132004
"result.432","2020-02-11 15:25:38","D02P2","SL2804",1,6300,-400,2500,2200,2000,"D02",-0.0467783414468818,0.736158744981027,1.20022016091035,-0.17581215889076,-0.581067362132004
"result.433","2020-02-12 15:07:04","D03P1","SL2804",1,8175,-185,3050,3310,2000,"D03",0.355356313628619,0.925383191984685,1.85667918460941,0.747034194235493,-0.581067362132004
"result.434","2020-02-12 15:17:35","D03P2","SL2804",1,6990,-500,2350,2890,2250,"D03",0.101207211620902,0.648147374281652,1.02118588171969,0.397849087647181,-0.502487702095153
"result.435","2020-02-13 13:11:38","D04P1","SL2804",1,9620,-150,3400,3620,2750,"D04",0.665268087806805,0.956187171729466,2.27442583605427,1.0047660586221,-0.345328382021451
"result.436","2020-02-13 13:21:59","D04P2","SL2804",1,10420,-300,4100,3620,3000,"D04",0.836845540639018,0.824170115680403,3.10991913894399,1.0047660586221,-0.2667487219846
"result.437","2020-02-14 15:07:46","D05P1","SL2804",1,8160,-450,2600,3510,2500,"D05",0.352139236388015,0.69215305963134,1.31957634703745,0.913312816420404,-0.423908042058302
"result.438","2020-02-14 15:18:13","D05P2","SL2804",1,9580,-450,3450,3580,3000,"D05",0.656689215165194,0.69215305963134,2.33410392911782,0.971510334185122,-0.2667487219846
"result.439","2020-02-25 14:05:46","D14P1","SL2804",1,8710,-450,3500,3160,2500,"D14",0.470098735210162,0.69215305963134,2.39378202218138,0.62232522759681,-0.423908042058302
"result.440","2020-02-25 14:16:33","D14P2","SL2804",1,10700,-400,4000,4100,3000,"D14",0.896897649130293,0.736158744981027,2.99056295281689,1.40383475186589,-0.2667487219846
"result.441","2020-02-10 12:09:10","D01P1","SP0801",2,-4540,-7530,450,1290,1250,"D01",-2.37165282732338,-5.53905198588445,-1.24658165469526,-0.932379889832103,-0.816806342242557
"result.442","2020-02-11 10:57:47","D02P1","SP0801",2,-1395,-5275,550,2080,1250,"D02",-1.69713896587674,-3.55439557661353,-1.12722546856815,-0.275579332201706,-0.816806342242557
"result.443","2020-02-11 11:13:19","D02P2","SP0801",2,-1530,-5290,700,2060,1000,"D02",-1.72609266104217,-3.56759728221844,-0.9481911893775,-0.292207194420197,-0.895386002279408
"result.444","2020-02-12 11:32:06","D03P1","SP0801",2,1005,-3965,1100,2370,1500,"D03",-1.1824066073801,-2.40144662045171,-0.470766444869089,-0.0344753300335861,-0.738226682205706
"result.445","2020-02-12 11:43:09","D03P2","SP0801",2,1685,-3835,1300,2970,1250,"D03",-1.03656577247271,-2.28703183854253,-0.232054072614884,0.464360536521145,-0.816806342242557
"result.446","2020-02-13 10:35:20","D04P1","SP0801",2,1410,-4140,1150,2900,1500,"D04",-1.09554552188379,-2.55546651917562,-0.411088351805538,0.406163018756427,-0.738226682205706
"result.447","2020-02-13 10:49:08","D04P2","SP0801",2,1240,-4110,1450,2650,1250,"D04",-1.13200573061063,-2.52906310796581,-0.0530197934242296,0.198314741025289,-0.816806342242557
"result.448","2020-02-14 11:15:05","D05P1","SP0801",2,2940,-2740,1350,3080,1250,"D05",-0.767403643342179,-1.32330732938436,-0.172375979551332,0.555813778722846,-0.816806342242557
"result.449","2020-02-14 11:26:33","D05P2","SP0801",2,-220,-4190,900,2070,1000,"D05",-1.44513458202942,-2.59947220452531,-0.709478817123295,-0.283893263310952,-0.895386002279408
"result.450","2020-02-25 10:59:52","D14P1","SP0801",2,4090,-3010,1650,2950,2500,"D14",-0.520761054895872,-1.56093803027268,0.185692578829976,0.447732674302654,-0.423908042058302
"result.451","2020-02-25 11:11:14","D14P2","SP0801",2,4975,-3195,2200,3220,2750,"D14",-0.330953497700236,-1.72375906606652,0.842151602529041,0.672208814252283,-0.345328382021451
"result.452","2019-10-07 16:16:45","D01P1","TB3004",2,2175,-1215,0,1640,1750,"D01",-0.931474582612983,0.0188660737811161,-1.78368449226722,-0.641392301008509,-0.659647022168855
"result.453","2019-10-08 16:49:10","D02P1","TB3004",2,5205,-755,900,3060,2000,"D02",-0.281624980010974,0.423718378998244,-0.709478817123295,0.539185916504355,-0.581067362132004
"result.454","2019-10-08 17:01:08","D02P2","TB3004",2,5160,-150,1550,2260,1500,"D02",-0.291276211732786,0.956187171729466,0.0663363927028731,-0.125928572235287,-0.738226682205706
"result.455","2019-10-09 16:16:59","D03P1","TB3004",2,7370,-300,2050,3370,2250,"D03",0.182706501716204,0.824170115680403,0.663117323338387,0.796917780890966,-0.502487702095153
"result.456","2019-10-09 16:28:24","D03P2","TB3004",2,7585,-185,2000,3020,2750,"D03",0.228817942164861,0.925383191984685,0.603439230274835,0.505930192067373,-0.345328382021451
"result.457","2019-10-10 16:46:01","D04P1","TB3004",2,7520,-100,1250,3620,2750,"D04",0.214877274122244,1.00019285707915,-0.291732165678435,1.0047660586221,-0.345328382021451
"result.458","2019-10-10 17:02:43","D04P2","TB3004",2,7715,-185,1050,3350,3500,"D04",0.256699278250096,0.925383191984685,-0.53044453793264,0.780289918672475,-0.109589401910898
"result.459","2019-10-11 14:39:02","D05P1","TB3004",2,6080,-350,350,2580,3500,"D05",-0.0939621409757406,0.780164430330715,-1.36593784082236,0.14011722326057,-0.109589401910898
"result.460","2019-10-11 14:50:43","D05P2","TB3004",2,9770,-400,250,3420,6500,"D05",0.697438860212845,0.736158744981027,-1.48529402694946,0.838487436437194,0.833366518531315
"result.461","2019-10-21 17:05:05","D14P1","TB3004",2,11130,-300,1950,3480,6000,"D14",0.989120530027608,0.824170115680403,0.543761137211284,0.888371023092667,0.676207198457613
"result.462","2019-10-21 17:17:02","D14P2","TB3004",2,12090,-450,1650,3640,7250,"D14",1.19501347342626,0.69215305963134,0.185692578829976,1.0213939208406,1.06910549864187
"result.463","2020-02-10 18:26:13","D01P1","TH0605",2,4635,-1155,1150,1890,2750,"D01",-0.403873915153926,0.0716728962007415,-0.411088351805538,-0.433544023277371,-0.345328382021451
"result.464","2020-02-11 18:00:47","D02P1","TH0605",2,7545,-1235,900,3380,4500,"D02",0.220239069523251,0.00126379964124096,-0.709478817123295,0.805231712000212,0.204729238236507
"result.465","2020-02-11 18:16:53","D02P2","TH0605",2,8270,-1070,1050,3290,5000,"D02",0.375731136152444,0.146482561295211,-0.53044453793264,0.730406332017002,0.361888558310209
"result.466","2020-02-12 18:09:21","D03P1","TH0605",2,6275,-2355,750,3130,4750,"D03",-0.0521401368478885,-0.984463552191766,-0.888513096313949,0.597383434269074,0.283308898273358
"result.467","2020-02-12 18:19:48","D03P2","TH0605",2,8710,-1820,1900,3380,5250,"D03",0.470098735210162,-0.513602718950106,0.484083044147733,0.805231712000212,0.44046821834706
"result.468","2020-02-13 18:11:09","D04P1","TH0605",2,11575,-1615,1400,3290,8500,"D04",1.08456048816553,-0.333179409016386,-0.112697886487781,0.730406332017002,1.46200379882612
"result.469","2020-02-13 18:21:45","D04P2","TH0605",2,13370,-1800,1750,3670,9750,"D04",1.46953739795781,-0.496000444810231,0.305048764957079,1.04633571416833,1.85490209901038
"result.470","2020-02-14 18:09:54","D05P1","TH0605",2,14330,-1800,1950,3180,11000,"D05",1.67543034135646,-0.496000444810231,0.543761137211284,0.638953089815301,2.24780039919463
"result.471","2020-02-14 18:20:27","D05P2","TH0605",2,17715,-2815,2700,3580,14250,"D05",2.40141743865277,-1.38931585740889,1.43893253316455,0.971510334185122,3.2693359796737
"result.472","2020-02-25 18:09:47","D14P1","TH0605",2,16870,-1620,2000,3740,12750,"D14",2.22018875409874,-0.337579977551355,0.603439230274835,1.10453323193305,2.79785801945259
"result.473","2020-02-25 18:20:18","D14P2","TH0605",2,18875,-1205,2200,3380,14500,"D14",2.65020474525948,0.0276672108510536,0.842151602529041,0.805231712000212,3.34791563971055
"result.474","2019-10-07 18:36:30","D01P1","TS2305",2,-310,-1100,200,-1410,2000,"D01",-1.46443704547305,0.120079150085398,-1.54497212001301,-3.17714128932839,-0.581067362132004
"result.475","2019-10-08 18:05:25","D02P1","TS2305",2,4720,-510,750,1980,2500,"D02",-0.385643810790504,0.639346237211714,-0.888513096313949,-0.358718643294162,-0.423908042058302
"result.476","2019-10-08 18:16:30","D02P2","TS2305",2,4655,-925,600,2230,2750,"D02",-0.399584478833121,0.274099048809305,-1.0675473755046,-0.150870365563023,-0.345328382021451
"result.477","2019-10-09 17:56:52","D03P1","TS2305",2,4570,-1210,600,1680,3500,"D03",-0.417814583196544,0.0232666423160849,-1.0675473755046,-0.608136576571527,-0.109589401910898
"result.478","2019-10-09 18:12:03","D03P2","TS2305",2,6240,-1070,1300,1760,4250,"D03",-0.0596466504092978,0.146482561295211,-0.232054072614884,-0.541625127697563,0.126149578199656
"result.479","2019-10-10 16:15:27","D04P1","TS2305",2,7275,-1235,1600,2660,4250,"D04",0.162331679192379,0.00126379964124096,0.126014485766424,0.206628672134534,0.126149578199656
"result.480","2019-10-10 16:26:51","D04P2","TS2305",2,7940,-770,1400,2810,4500,"D04",0.304955436859156,0.410516673393338,-0.112697886487781,0.331337638773217,0.204729238236507
"result.481","2019-10-11 16:13:11","D05P1","TS2305",2,10505,-185,2250,3940,4500,"D05",0.855075645002441,0.925383191984685,0.901829695592592,1.27081185411796,0.204729238236507
"result.482","2019-10-11 16:26:31","D05P2","TS2305",2,10300,-1070,1700,3420,6250,"D05",0.811108922714186,0.146482561295211,0.245370671893527,0.838487436437194,0.754786858494464
"result.483","2019-10-21 18:05:34","D14P1","TS2305",2,10105,-335,2150,2790,5500,"D14",0.769286918586334,0.793366135935621,0.782473509465489,0.314709776554726,0.519047878383911
"result.484","2019-10-21 18:19:12","D14P2","TS2305",2,8805,-1705,2550,3210,4750,"D14",0.490473557733987,-0.412389642645824,1.2598982539739,0.663894883143038,0.283308898273358
"result.485","2019-09-30 18:26:54","D01P1","VL1401",1,4030,-220,800,1450,2000,"D01",-0.533629363858288,0.894579212239903,-0.828835003250397,-0.799356992084174,-0.581067362132004
"result.486","2019-10-01 18:51:03","D02P1","VL1401",1,5880,-100,700,2280,3000,"D02",-0.136856504183794,1.00019285707915,-0.9481911893775,-0.109300710016796,-0.2667487219846
"result.487","2019-10-01 19:01:47","D02P2","VL1401",1,7380,-300,750,2180,4750,"D02",0.184851219876607,0.824170115680403,-0.888513096313949,-0.192440021109251,0.283308898273358
"result.488","2019-10-02 18:14:01","D03P1","VL1401",1,8630,-700,550,2530,6250,"D03",0.45294098992694,0.472124632882901,-1.12722546856815,0.0985475677143422,0.754786858494464
"result.489","2019-10-02 18:24:29","D03P2","VL1401",1,12470,-600,950,2620,9500,"D03",1.27651276352157,0.560136003582276,-0.649800724059743,0.173372947697552,1.77632243897353
"result.490","2019-10-03 18:40:19","D04P1","VL1401",1,14130,-1050,700,2480,12000,"D04",1.63253597814841,0.164084835435086,-0.9481911893775,0.0569779121681146,2.56211903934204
"result.491","2019-10-03 18:50:45","D04P2","VL1401",1,14685,-985,1350,3070,11250,"D04",1.75156783605076,0.22129222638968,-0.172375979551332,0.5474998476136,2.32638005923148
"result.492","2019-10-04 17:36:40","D05P1","VL1401",1,16350,-1050,1300,3350,12750,"D05",2.1086634097578,0.164084835435086,-0.232054072614884,0.780289918672475,2.79785801945259
"result.493","2019-10-04 17:48:34","D05P2","VL1401",1,19190,-650,1100,3490,15250,"D05",2.71776336731216,0.516130318232588,-0.470766444869089,0.896684954201913,3.5836546198211
"result.494","2019-10-15 18:39:26","D14P1","VL1401",1,15620,-1370,900,2340,13750,"D14",1.95209898404841,-0.117551550802916,-0.709478817123295,-0.0594171233613227,3.11217665959999
"result.495","2019-10-15 18:51:48","D14P2","VL1401",1,17175,-1635,850,2960,15000,"D14",2.28560265799102,-0.350781683156262,-0.769156910186846,0.4560466054119,3.50507495978425
"result.496","2019-10-07 08:40:19","D01P1","YC1703",1,4320,-1630,1400,2550,2000,"D01",-0.471432537206611,-0.346381114621293,-0.112697886487781,0.115175429932833,-0.581067362132004
"result.497","2019-10-08 08:26:30","D02P1","YC1703",1,8065,-865,1900,3780,3250,"D02",0.33176441386419,0.326905871228931,0.484083044147733,1.13778895637003,-0.188169061947749
"result.498","2019-10-08 08:42:23","D02P2","YC1703",1,7520,-860,1700,3680,3000,"D02",0.214877274122244,0.3313064397639,0.245370671893527,1.05464964527758,-0.2667487219846
"result.499","2019-10-09 15:03:52","D03P1","YC1703",1,6840,-840,1300,3380,3000,"D03",0.0690364392148624,0.348908713903775,-0.232054072614884,0.805231712000212,-0.2667487219846
"result.500","2019-10-09 15:17:27","D03P2","YC1703",1,9380,-470,2950,3150,3750,"D03",0.613794851957141,0.674550785491464,1.73732299848231,0.614011296487565,-0.0310097418740465
"result.501","2019-10-10 08:26:38","D04P1","YC1703",1,8855,-755,1750,4110,3750,"D04",0.501197148536001,0.423718378998244,0.305048764957079,1.41214868297514,-0.0310097418740465
"result.502","2019-10-10 08:39:27","D04P2","YC1703",1,8810,-470,2100,3430,3750,"D04",0.491545916814188,0.674550785491464,0.722795416401938,0.846801367546439,-0.0310097418740465
"result.503","2019-10-11 08:23:54","D05P1","YC1703",1,8625,-635,1350,3410,4500,"D05",0.451868630846739,0.529332023837495,-0.172375979551332,0.830173505327948,0.204729238236507
"result.504","2019-10-11 08:35:52","D05P2","YC1703",1,11900,-100,2400,3850,5750,"D05",1.15426382837861,1.00019285707915,1.08086397478325,1.19598647413475,0.597627538420762
"result.505","2019-10-21 08:32:21","D14P1","YC1703",1,11480,-100,2150,3930,5500,"D14",1.0641856656417,1.00019285707915,0.782473509465489,1.26249792300872,0.519047878383911
"result.506","2019-10-21 08:43:24","D14P2","YC1703",1,12580,-790,2400,3470,7500,"D14",1.300104663286,0.392914399253462,1.08086397478325,0.880057091983421,1.14768515867872
