"","Date","Session","Pseudo","TotalScore","Flight","Bonus","Mine","Fortress","NumberofBonus","NumberofMine","Bonus_Prct","Mine_Prct","FortressShot","Treatment","NET","GameLevel","Age","Genre","Group","BlindGroup"
"1","2018-06-04 13:51:49","D01P1","AC2302",2710,-790,600,900,2000,34,53,41.1764705882353,56.6037735849057,106,2,17,9,24,"Homme","SHAM",2
"2","2018-06-05 12:31:19","D02P1","AC2302",5060,-610,2600,1070,2000,52,56,57.6923076923077,60.7142857142857,123,2,17,9,24,"Homme","SHAM",2
"3","2018-06-05 12:31:19","D02P2","AC2302",8305,-335,1750,3390,3500,46,71,52.1739130434783,92.9577464788732,185,2,17,9,24,"Homme","SHAM",2
"4","2018-06-06 12:38:01","D03P1","AC2302",9800,-100,1450,2950,5500,42,68,52.3809523809524,88.2352941176471,287,2,17,9,24,"Homme","SHAM",2
"5","2018-06-06 12:38:01","D03P2","AC2302",12255,-185,2350,3340,6750,46,66,65.2173913043478,96.969696969697,344,2,17,9,24,"Homme","SHAM",2
"6","2018-06-07 12:40:09","D04P1","AC2302",12940,-100,1950,3340,7750,40,66,67.5,95.4545454545455,388,2,17,9,24,"Homme","SHAM",2
"7","2018-06-07 12:40:09","D04P2","AC2302",15720,-50,2100,3670,10000,40,70,70,97.1428571428571,498,2,17,9,24,"Homme","SHAM",2
"8","2018-06-08 12:39:56","D05P1","AC2302",15370,-350,1200,3270,11250,43,67,48.8372093023256,92.5373134328358,574,2,17,9,24,"Homme","SHAM",2
"9","2018-06-08 12:39:56","D05P2","AC2302",18790,-350,1400,3240,14500,45,66,55.5555555555556,92.4242424242424,717,2,17,9,24,"Homme","SHAM",2
"10","2018-06-19 12:42:06","D14P1","AC2302",18855,-985,1400,3690,14750,43,74,62.7906976744186,94.5945945945946,752,2,17,9,24,"Homme","SHAM",2
"11","2018-06-19 12:42:06","D14P2","AC2302",21610,-950,1750,3560,17250,42,76,73.8095238095238,89.4736842105263,852,2,17,9,24,"Homme","SHAM",2
"12","2021-03-15 16:26:51","D01P1","AF1105",2900,-1320,650,2320,1250,40,64,30,78.125,74,3,17,1,26,"Homme","STIMHD",3
"13","2021-03-16 15:53:20","D02P1","AF1105",3855,-555,350,2560,1500,40,66,37.5,83.3333333333333,87,3,17,1,26,"Homme","STIMHD",3
"14","2021-03-16 16:04:01","D02P2","AF1105",4755,-1055,400,2160,3250,41,61,36.5853658536585,77.0491803278689,181,3,17,1,26,"Homme","STIMHD",3
"15","2021-03-17 15:46:00","D03P1","AF1105",4425,-1035,700,2510,2250,37,63,43.2432432432432,82.5396825396825,126,3,17,1,26,"Homme","STIMHD",3
"16","2021-03-17 15:56:43","D03P2","AF1105",6565,-685,1000,2750,3500,48,64,45.8333333333333,85.9375,194,3,17,1,26,"Homme","STIMHD",3
"17","2021-03-18 15:53:32","D04P1","AF1105",3350,-1770,800,1820,2500,42,58,40.4761904761905,72.4137931034483,158,3,17,1,26,"Homme","STIMHD",3
"18","2021-03-18 16:03:56","D04P2","AF1105",1985,-2585,200,1370,3000,33,58,33.3333333333333,58.6206896551724,171,3,17,1,26,"Homme","STIMHD",3
"19","2021-03-19 15:42:38","D05P1","AF1105",4640,-820,1750,1210,2500,38,59,73.6842105263158,62.7118644067797,132,3,17,1,26,"Homme","STIMHD",3
"20","2021-03-19 15:53:21","D05P2","AF1105",4360,-670,350,1930,2750,40,62,40,72.5806451612903,151,3,17,1,26,"Homme","STIMHD",3
"21","2021-03-30 14:46:23","D14P1","AF1105",4655,-685,1150,1690,2500,45,63,55.5555555555556,69.8412698412698,156,3,17,1,26,"Homme","STIMHD",3
"22","2021-03-30 14:57:38","D14P2","AF1105",6870,-1070,-50,2490,5500,41,65,34.1463414634146,76.9230769230769,288,3,17,1,26,"Homme","STIMHD",3
"23","2019-11-18 19:46:10","D01P1","AL2409",3715,-825,700,2590,1250,33,66,30.3030303030303,81.8181818181818,83,2,16,6,20,"Homme","SHAM",2
"24","2019-11-19 18:00:08","D02P1","AL2409",6990,-190,2000,2930,2250,45,67,53.3333333333333,89.5522388059701,124,2,16,6,20,"Homme","SHAM",2
"25","2019-11-19 18:12:51","D02P2","AL2409",6760,-670,1800,3130,2500,46,72,50,84.7222222222222,128,2,16,6,20,"Homme","SHAM",2
"26","2019-11-20 17:03:16","D03P1","AL2409",8230,-150,2150,3730,2500,35,75,71.4285714285714,93.3333333333333,140,2,16,6,20,"Homme","SHAM",2
"27","2019-11-20 17:15:19","D03P2","AL2409",8550,-350,2800,3350,2750,47,74,70.2127659574468,90.5405405405405,139,2,16,6,20,"Homme","SHAM",2
"28","2019-11-21 15:08:03","D04P1","AL2409",10090,-100,3200,3740,3250,41,77,85.3658536585366,93.5064935064935,173,2,16,6,20,"Homme","SHAM",2
"29","2019-11-21 15:19:17","D04P2","AL2409",9970,-150,2700,3920,3500,39,77,76.9230769230769,94.8051948051948,190,2,16,6,20,"Homme","SHAM",2
"30","2019-11-22 18:32:35","D05P1","AL2409",8960,-400,2150,3710,3500,41,78,63.4146341463415,91.025641025641,187,2,16,6,20,"Homme","SHAM",2
"31","2019-11-22 18:45:08","D05P2","AL2409",10090,-300,2750,4140,3500,42,81,71.4285714285714,93.8271604938272,179,2,16,6,20,"Homme","SHAM",2
"32","2019-12-02 19:41:12","D14P1","AL2409",10200,-350,2900,4150,3500,41,80,80.4878048780488,95,176,2,16,6,20,"Homme","SHAM",2
"33","2019-12-02 19:52:31","D14P2","AL2409",10570,-400,2650,3820,4500,37,79,81.0810810810811,91.1392405063291,227,2,16,6,20,"Homme","SHAM",2
"34","2019-12-02 07:37:56","D01P1","AR1208",2425,-2955,1200,2430,1750,44,59,36.3636363636364,81.3559322033898,97,1,14,3.5,19,"Femme","STIMSD",1
"35","2019-12-03 07:12:58","D02P1","AR1208",3100,-1810,1250,1910,1750,45,59,37.7777777777778,71.1864406779661,100,1,14,3.5,19,"Femme","STIMSD",1
"36","2019-12-03 07:30:03","D02P2","AR1208",2430,-2850,1250,2030,2000,47,60,36.1702127659574,73.3333333333333,102,1,14,3.5,19,"Femme","STIMSD",1
"37","2019-12-04 07:21:21","D03P1","AR1208",5385,-1585,1750,2970,2250,36,65,58.3333333333333,87.6923076923077,129,1,14,3.5,19,"Femme","STIMSD",1
"38","2019-12-04 07:34:21","D03P2","AR1208",5380,-1210,1650,2440,2500,37,63,54.0540540540541,79.3650793650794,142,1,14,3.5,19,"Femme","STIMSD",1
"39","2019-12-05 07:22:49","D04P1","AR1208",6090,-770,2100,2760,2000,38,61,68.4210526315789,86.8852459016394,114,1,14,3.5,19,"Femme","STIMSD",1
"40","2019-12-05 07:39:47","D04P2","AR1208",6975,-1105,2750,3080,2250,50,69,60,85.5072463768116,117,1,14,3.5,19,"Femme","STIMSD",1
"41","2019-12-06 07:24:29","D05P1","AR1208",7725,-805,2950,2830,2750,49,66,67.3469387755102,86.3636363636364,145,1,14,3.5,19,"Femme","STIMSD",1
"42","2019-12-06 07:34:50","D05P2","AR1208",7115,-1055,2350,2820,3000,46,66,58.695652173913,83.3333333333333,161,1,14,3.5,19,"Femme","STIMSD",1
"43","2019-12-18 07:24:10","D14P1","AR1208",8140,-350,2800,2940,2750,40,64,80,89.0625,152,1,14,3.5,19,"Femme","STIMSD",1
"44","2019-12-18 07:36:39","D14P2","AR1208",7495,-1355,2350,3000,3500,38,65,73.6842105263158,89.2307692307692,181,1,14,3.5,19,"Femme","STIMSD",1
"45","2018-06-04 17:55:12","D01P1","AS0808",5425,-645,1600,2970,1500,42,67,57.1428571428571,88.0597014925373,81,1,16,6,21,"Homme","STIMSD",1
"46","2018-06-05 10:03:20","D02P1","AS0808",6530,-720,1950,3050,2250,47,68,53.1914893617021,88.2352941176471,129,1,16,6,21,"Homme","STIMSD",1
"47","2018-06-05 10:03:20","D02P2","AS0808",6360,-720,1950,2630,2500,41,64,56.0975609756098,82.8125,132,1,16,6,21,"Homme","STIMSD",1
"48","2018-06-06 10:05:54","D03P1","AS0808",7655,-805,2550,2910,3000,43,71,67.4418604651163,83.0985915492958,156,1,16,6,21,"Homme","STIMSD",1
"49","2018-06-06 10:05:54","D03P2","AS0808",8845,-355,2950,3500,2750,48,71,72.9166666666667,94.3661971830986,149,1,16,6,21,"Homme","STIMSD",1
"50","2018-06-07 10:05:43","D04P1","AS0808",8525,-135,1700,3710,3250,38,75,60.5263157894737,94.6666666666667,179,1,16,6,21,"Homme","STIMSD",1
"51","2018-06-07 10:05:43","D04P2","AS0808",10680,-450,2150,3230,5750,45,71,62.2222222222222,87.3239436619718,293,1,16,6,21,"Homme","STIMSD",1
"52","2018-06-08 10:04:00","D05P1","AS0808",10415,-485,2450,3700,4750,39,77,76.9230769230769,92.2077922077922,243,1,16,6,21,"Homme","STIMSD",1
"53","2018-06-08 10:04:00","D05P2","AS0808",11830,-570,2550,3600,6250,43,73,72.0930232558139,93.1506849315068,308,1,16,6,21,"Homme","STIMSD",1
"54","2018-06-19 10:08:22","D14P1","AS0808",9950,-770,2350,3620,4750,45,76,62.2222222222222,90.7894736842105,244,1,16,6,21,"Homme","STIMSD",1
"55","2018-06-19 10:08:22","D14P2","AS0808",10290,-650,1950,3490,5500,40,72,62.5,91.6666666666667,284,1,16,6,21,"Homme","STIMSD",1
"56","2019-12-02 17:12:59","D01P1","BM0103",4690,-680,1600,1770,2000,39,61,51.2820512820513,72.1311475409836,114,1,17,4.5,23,"Homme","STIMSD",1
"57","2019-12-03 17:55:35","D02P1","BM0103",5460,-590,2150,1650,2250,43,62,62.7906976744186,69.3548387096774,129,1,17,4.5,23,"Homme","STIMSD",1
"58","2019-12-03 18:06:43","D02P2","BM0103",6955,-255,2250,2210,2750,41,61,65.8536585365854,80.327868852459,154,1,17,4.5,23,"Homme","STIMSD",1
"59","2019-12-04 17:24:06","D03P1","BM0103",9140,-470,3700,2910,3000,53,65,79.2452830188679,89.2307692307692,163,1,17,4.5,23,"Homme","STIMSD",1
"60","2019-12-04 17:37:40","D03P2","BM0103",9115,-335,2350,3100,4000,34,66,82.3529411764706,92.4242424242424,205,1,17,4.5,23,"Homme","STIMSD",1
"61","2019-12-05 17:23:10","D04P1","BM0103",10470,-450,2850,3320,4750,41,70,85.3658536585366,90,238,1,17,4.5,23,"Homme","STIMSD",1
"62","2019-12-05 17:34:59","D04P2","BM0103",11710,-300,3300,3460,5250,49,72,77.5510204081633,93.0555555555556,267,1,17,4.5,23,"Homme","STIMSD",1
"63","2019-12-06 16:44:55","D05P1","BM0103",10860,-600,2700,3760,5000,42,76,78.5714285714286,93.4210526315789,257,1,17,4.5,23,"Homme","STIMSD",1
"64","2019-12-06 16:56:25","D05P2","BM0103",10960,-650,1300,3310,7000,33,74,63.6363636363636,87.8378378378378,371,1,17,4.5,23,"Homme","STIMSD",1
"65","2019-12-17 16:09:52","D14P1","BM0103",13350,-350,2850,3100,7750,43,70,81.3953488372093,88.5714285714286,394,1,17,4.5,23,"Homme","STIMSD",1
"66","2019-12-17 16:23:14","D14P2","BM0103",15410,-450,2600,4010,9250,42,78,78.5714285714286,93.5897435897436,462,1,17,4.5,23,"Homme","STIMSD",1
"67","2021-03-01 11:40:22","D01P1","BS1410",-1820,-3400,200,880,500,53,54,9.43396226415094,50,41,2,20,3,29,"Femme","SHAM",2
"68","2021-03-02 11:12:52","D02P1","BS1410",2640,-1260,250,2650,1000,47,65,12.7659574468085,80,64,2,20,3,29,"Femme","SHAM",2
"69","2021-03-02 11:23:41","D02P2","BS1410",950,-2420,200,2420,750,52,66,9.61538461538461,75.7575757575758,59,2,20,3,29,"Femme","SHAM",2
"70","2021-03-03 11:16:54","D03P1","BS1410",2150,-1480,150,2480,1000,35,64,11.4285714285714,78.125,60,2,20,3,29,"Femme","SHAM",2
"71","2021-03-03 11:27:31","D03P2","BS1410",4525,-185,600,2860,1250,45,63,17.7777777777778,92.0634920634921,69,2,20,3,29,"Femme","SHAM",2
"72","2021-03-04 11:25:12","D04P1","BS1410",4650,-900,600,3450,1500,36,75,30.5555555555556,85.3333333333333,89,2,20,3,29,"Femme","SHAM",2
"73","2021-03-04 11:36:04","D04P2","BS1410",4335,-935,800,3220,1250,36,70,33.3333333333333,90,87,2,20,3,29,"Femme","SHAM",2
"74","2021-03-05 11:14:29","D05P1","BS1410",4470,-750,850,2620,1750,40,66,35,81.8181818181818,100,2,20,3,29,"Femme","SHAM",2
"75","2021-03-05 11:25:27","D05P2","BS1410",7070,-150,1750,2970,2500,43,65,48.8372093023256,92.3076923076923,122,2,20,3,29,"Femme","SHAM",2
"76","2021-03-16 11:01:56","D14P1","BS1410",5680,-600,1050,3230,2000,41,70,34.1463414634146,90,116,2,20,3,29,"Femme","SHAM",2
"77","2021-03-16 11:12:41","D14P2","BS1410",5735,-685,1150,3020,2250,43,69,34.8837209302326,86.9565217391304,119,2,20,3,29,"Femme","SHAM",2
"78","2019-10-07 08:06:58","D01P1","CA2209",-1525,-4065,450,1090,1000,48,56,12.5,51.7857142857143,64,2,16,2,22,"Femme","SHAM",2
"79","2019-10-08 07:58:49","D02P1","CA2209",1005,-2635,450,1940,1250,47,58,14.8936170212766,72.4137931034483,67,2,16,2,22,"Femme","SHAM",2
"80","2019-10-08 08:10:17","D02P2","CA2209",3385,-1005,850,2540,1000,44,63,25,80.9523809523809,73,2,16,2,22,"Femme","SHAM",2
"81","2019-10-09 07:59:10","D03P1","CA2209",4005,-755,700,2560,1500,41,62,26.8292682926829,83.8709677419355,83,2,16,2,22,"Femme","SHAM",2
"82","2019-10-09 08:11:32","D03P2","CA2209",2560,-1230,300,1740,1750,35,59,20,72.8813559322034,100,2,16,2,22,"Femme","SHAM",2
"83","2019-10-10 07:58:07","D04P1","CA2209",4515,-805,600,2470,2250,44,64,20.4545454545455,81.25,132,2,16,2,22,"Femme","SHAM",2
"84","2019-10-10 08:11:48","D04P2","CA2209",4100,-1210,900,2160,2250,49,59,26.530612244898,77.9661016949153,151,2,16,2,22,"Femme","SHAM",2
"85","2019-10-11 07:52:51","D05P1","CA2209",5780,-470,500,2750,3000,39,63,23.0769230769231,88.8888888888889,172,2,16,2,22,"Femme","SHAM",2
"86","2019-10-11 08:06:42","D05P2","CA2209",6555,-1095,750,2650,4250,42,62,28.5714285714286,85.4838709677419,223,2,16,2,22,"Femme","SHAM",2
"87","2019-10-21 08:04:00","D14P1","CA2209",7035,-1145,2000,2930,3250,47,66,55.3191489361702,86.3636363636364,187,2,16,2,22,"Femme","SHAM",2
"88","2019-10-21 08:15:30","D14P2","CA2209",4260,-2190,1100,2350,3000,50,63,34,76.1904761904762,201,2,16,2,22,"Femme","SHAM",2
"89","2020-01-13 07:35:18","D01P1","CB1706",6440,-740,1250,2680,3250,37,65,54.0540540540541,83.0769230769231,169,1,15,4,19,"Homme","STIMSD",1
"90","2020-01-14 07:18:40","D02P1","CB1706",7945,-635,2100,2730,3750,48,67,58.3333333333333,83.5820895522388,197,1,15,4,19,"Homme","STIMSD",1
"91","2020-01-14 07:31:04","D02P2","CB1706",9605,-385,2300,3440,4250,40,72,72.5,93.0555555555556,215,1,15,4,19,"Homme","STIMSD",1
"92","2020-01-15 07:14:13","D03P1","CB1706",9070,-50,1550,3320,4250,28,70,75,92.8571428571429,210,1,15,4,19,"Homme","STIMSD",1
"93","2020-01-15 07:28:50","D03P2","CB1706",9260,-450,2300,3160,4250,48,72,62.5,86.1111111111111,216,1,15,4,19,"Homme","STIMSD",1
"94","2020-01-16 07:18:52","D04P1","CB1706",10020,-300,1450,3620,5250,39,73,64.1025641025641,93.1506849315068,277,1,15,4,19,"Homme","STIMSD",1
"95","2020-01-16 07:33:11","D04P2","CB1706",10295,-485,1050,3730,6000,46,78,41.304347826087,89.7435897435897,307,1,15,4,19,"Homme","STIMSD",1
"96","2020-01-17 12:04:18","D05P1","CB1706",11195,-485,1950,3730,6000,45,76,60,92.1052631578947,322,1,15,4,19,"Homme","STIMSD",1
"97","2020-01-17 12:15:40","D05P2","CB1706",10225,-835,1550,2760,6750,44,70,47.7272727272727,80,339,1,15,4,19,"Homme","STIMSD",1
"98","2020-01-28 07:18:05","D14P1","CB1706",12170,-350,1600,3920,7000,42,79,54.7619047619048,93.6708860759494,352,1,15,4,19,"Homme","STIMSD",1
"99","2020-01-28 07:31:45","D14P2","CB1706",13280,-100,1650,3730,8000,39,75,61.5384615384615,94.6666666666667,395,1,15,4,19,"Homme","STIMSD",1
"100","2019-11-18 19:03:23","D01P1","CB2708",760,-2250,1100,660,1250,45,55,31.1111111111111,45.4545454545455,101,1,14,5.5,19,"Homme","STIMSD",1
"101","2019-11-19 19:08:39","D02P1","CB2708",1570,-3270,1450,1140,2250,42,58,45.2380952380952,48.2758620689655,133,1,14,5.5,19,"Homme","STIMSD",1
"102","2019-11-19 19:21:40","D02P2","CB2708",3315,-2245,1550,1260,2750,38,52,50,63.4615384615385,159,1,14,5.5,19,"Homme","STIMSD",1
"103","2019-11-20 13:33:08","D03P1","CB2708",4855,-1705,2100,1960,2500,38,57,65.7894736842105,73.6842105263158,163,1,14,5.5,19,"Homme","STIMSD",1
"104","2019-11-20 13:49:53","D03P2","CB2708",3780,-2780,1750,1560,3250,40,59,62.5,61.0169491525424,214,1,14,5.5,19,"Homme","STIMSD",1
"105","2019-11-21 18:36:08","D04P1","CB2708",6180,-980,2350,1810,3000,37,58,72.972972972973,72.4137931034483,180,1,14,5.5,19,"Homme","STIMSD",1
"106","2019-11-21 18:52:31","D04P2","CB2708",5935,-1435,2000,1870,3500,42,61,59.5238095238095,68.8524590163934,238,1,14,5.5,19,"Homme","STIMSD",1
"107","2019-11-22 19:01:21","D05P1","CB2708",7280,-1300,2350,2480,3750,36,64,77.7777777777778,78.125,215,1,14,5.5,19,"Homme","STIMSD",1
"108","2019-11-22 19:11:47","D05P2","CB2708",7920,-1120,1200,2840,5000,37,64,54.0540540540541,85.9375,277,1,14,5.5,19,"Homme","STIMSD",1
"109","2019-12-03 18:34:45","D14P1","CB2708",7855,-1175,1950,2330,4750,35,62,71.4285714285714,75.8064516129032,256,1,14,5.5,19,"Homme","STIMSD",1
"110","2019-12-03 18:47:01","D14P2","CB2708",8375,-1585,1950,2510,5500,37,62,72.972972972973,77.4193548387097,303,1,14,5.5,19,"Homme","STIMSD",1
"111","2021-03-22 17:20:04","D01P1","CD1003",2110,-2180,700,1590,2000,45,54,22.2222222222222,68.5185185185185,117,3,17,6,24,"Homme","STIMHD",3
"112","2021-03-23 14:01:31","D02P1","CD1003",4525,-1135,850,2060,2750,33,58,33.3333333333333,74.1379310344828,152,3,17,6,24,"Homme","STIMHD",3
"113","2021-03-23 14:12:13","D02P2","CD1003",6270,-1320,1150,2190,4250,42,58,35.7142857142857,77.5862068965517,247,3,17,6,24,"Homme","STIMHD",3
"114","2021-03-24 12:45:57","D03P1","CD1003",5090,-1310,900,2250,3250,44,59,27.2727272727273,79.6610169491525,185,3,17,6,24,"Homme","STIMHD",3
"115","2021-03-24 12:57:09","D03P2","CD1003",6950,-1400,950,1900,5500,44,62,34.0909090909091,67.741935483871,310,3,17,6,24,"Homme","STIMHD",3
"116","2021-03-25 13:01:00","D04P1","CD1003",8720,-1230,1000,2700,6250,39,64,38.4615384615385,79.6875,339,3,17,6,24,"Homme","STIMHD",3
"117","2021-03-25 13:11:27","D04P2","CD1003",9940,-1360,1200,2350,7750,45,61,40,77.0491803278689,423,3,17,6,24,"Homme","STIMHD",3
"118","2021-03-26 12:35:21","D05P1","CD1003",11180,-1050,1300,2430,8500,47,62,40.4255319148936,79.0322580645161,464,3,17,6,24,"Homme","STIMHD",3
"119","2021-03-26 12:45:48","D05P2","CD1003",10930,-1290,1300,1670,9250,43,60,46.5116279069767,66.6666666666667,487,3,17,6,24,"Homme","STIMHD",3
"120","2021-04-07 11:29:00","D14P1","CD1003",12680,-490,1300,2370,9500,44,59,45.4545454545455,83.0508474576271,502,3,17,6,24,"Homme","STIMHD",3
"121","2021-04-07 11:39:42","D14P2","CD1003",13770,-850,1450,2670,10500,49,64,44.8979591836735,82.8125,551,3,17,6,24,"Homme","STIMHD",3
"133","2019-11-18 20:35:17","D01P1","CJ1906",3060,-1240,500,2050,1750,46,58,26.0869565217391,79.3103448275862,122,1,16,2.5,21,"Homme","STIMSD",1
"134","2019-11-19 18:38:37","D02P1","CJ1906",4280,-820,300,2300,2500,39,61,20.5128205128205,80.327868852459,155,1,16,2.5,21,"Homme","STIMSD",1
"135","2019-11-19 18:50:14","D02P2","CJ1906",5765,-735,550,1950,4000,34,59,32.3529411764706,77.9661016949153,226,1,16,2.5,21,"Homme","STIMSD",1
"136","2019-11-20 18:45:54","D03P1","CJ1906",8330,-600,1150,2780,5000,53,66,33.9622641509434,84.8484848484848,291,1,16,2.5,21,"Homme","STIMSD",1
"137","2019-11-20 18:56:44","D03P2","CJ1906",10225,-435,650,3010,7000,39,67,33.3333333333333,86.5671641791045,427,1,16,2.5,21,"Homme","STIMSD",1
"138","2019-11-21 17:09:16","D04P1","CJ1906",11910,-1050,900,2810,9250,44,65,45.4545454545455,84.6153846153846,558,1,16,2.5,21,"Homme","STIMSD",1
"139","2019-11-21 17:24:40","D04P2","CJ1906",10920,-750,850,2820,8000,32,63,50,88.8888888888889,507,1,16,2.5,21,"Homme","STIMSD",1
"140","2019-11-22 17:38:32","D05P1","CJ1906",12590,-2250,700,3140,11000,44,67,38.6363636363636,89.5522388059701,637,1,16,2.5,21,"Homme","STIMSD",1
"141","2019-11-22 17:49:57","D05P2","CJ1906",11650,-2100,900,2850,10000,43,64,44.1860465116279,84.375,591,1,16,2.5,21,"Homme","STIMSD",1
"142","2019-12-03 17:12:09","D14P1","CJ1906",12860,-1600,1050,2910,10500,35,66,71.4285714285714,83.3333333333333,620,1,16,2.5,21,"Homme","STIMSD",1
"143","2019-12-03 17:23:19","D14P2","CJ1906",11410,-1850,1150,2860,9250,37,67,64.8648648648649,83.5820895522388,541,1,16,2.5,21,"Homme","STIMSD",1
"144","2019-11-18 12:30:51","D01P1","CO1106",1860,-750,100,1510,1000,35,59,11.4285714285714,66.1016949152542,56,2,16,2,22,"Homme","SHAM",2
"145","2019-11-19 12:13:30","D02P1","CO1106",1325,-785,0,1110,1000,47,59,10.6382978723404,57.6271186440678,64,2,16,2,22,"Homme","SHAM",2
"146","2019-11-19 12:24:01","D02P2","CO1106",2915,-1035,0,2450,1500,47,66,12.7659574468085,78.7878787878788,83,2,16,2,22,"Homme","SHAM",2
"147","2019-11-20 12:04:39","D03P1","CO1106",4840,-370,100,2860,2250,40,67,12.5,86.5671641791045,118,2,16,2,22,"Homme","SHAM",2
"148","2019-11-20 12:19:50","D03P2","CO1106",5950,-150,0,3350,2750,44,71,13.6363636363636,91.5492957746479,143,2,16,2,22,"Homme","SHAM",2
"149","2019-11-21 14:08:47","D04P1","CO1106",6280,-350,400,3480,2750,38,69,18.4210526315789,95.6521739130435,144,2,16,2,22,"Homme","SHAM",2
"150","2019-11-21 14:22:19","D04P2","CO1106",5350,-750,300,2550,3250,46,68,17.3913043478261,77.9411764705882,169,2,16,2,22,"Homme","SHAM",2
"151","2019-11-22 11:36:19","D05P1","CO1106",7540,-450,700,3290,4000,40,70,27.5,91.4285714285714,201,2,16,2,22,"Homme","SHAM",2
"152","2019-11-22 11:47:57","D05P2","CO1106",8370,-400,750,3520,4500,42,74,26.1904761904762,90.5405405405405,233,2,16,2,22,"Homme","SHAM",2
"153","2019-12-02 12:34:03","D14P1","CO1106",9110,-150,500,3760,5000,40,72,22.5,97.2222222222222,257,2,16,2,22,"Homme","SHAM",2
"154","2019-12-02 12:46:54","D14P2","CO1106",9470,-700,900,3520,5750,47,73,31.9148936170213,90.4109589041096,288,2,16,2,22,"Homme","SHAM",2
"166","2021-05-03 17:30:57","D01P1","CP2301",2740,-3060,1650,1150,3000,55,60,45.4545454545455,55,172,3,14,8,22,"Homme","STIMHD",3
"167","2021-05-04 15:19:23","D02P1","CP2301",5885,-995,1900,1730,3250,43,60,60.4651162790698,75,172,3,14,8,22,"Homme","STIMHD",3
"168","2021-05-04 15:30:42","D02P2","CP2301",5935,-1295,1200,1280,4750,34,61,61.7647058823529,63.9344262295082,251,3,14,8,22,"Homme","STIMHD",3
"169","2021-05-05 17:14:18","D03P1","CP2301",5865,-1585,1650,1050,4750,42,58,57.1428571428571,56.8965517241379,261,3,14,8,22,"Homme","STIMHD",3
"170","2021-05-05 17:24:56","D03P2","CP2301",9290,-1340,2250,880,7500,39,59,76.9230769230769,54.2372881355932,397,3,14,8,22,"Homme","STIMHD",3
"171","2021-05-06 17:17:37","D04P1","CP2301",10645,-1385,2050,1980,8000,41,62,70.7317073170732,70.9677419354839,439,3,14,8,22,"Homme","STIMHD",3
"172","2021-05-06 17:28:18","D04P2","CP2301",12575,-805,2000,2380,9000,51,63,62.7450980392157,82.5396825396825,481,3,14,8,22,"Homme","STIMHD",3
"173","2021-05-07 17:14:10","D05P1","CP2301",14445,-1285,2100,2880,10750,39,67,76.9230769230769,83.5820895522388,578,3,14,8,22,"Homme","STIMHD",3
"174","2021-05-07 17:25:03","D05P2","CP2301",15340,-1050,1900,2740,11750,47,65,61.7021276595745,84.6153846153846,644,3,14,8,22,"Homme","STIMHD",3
"175","2021-05-18 17:16:59","D14P1","CP2301",16020,-1250,1650,3370,12250,46,72,60.8695652173913,88.8888888888889,626,3,14,8,22,"Homme","STIMHD",3
"176","2021-05-18 17:27:38","D14P2","CP2301",17450,-1600,2250,3050,13750,45,67,73.3333333333333,83.5820895522388,732,3,14,8,22,"Homme","STIMHD",3
"177","2020-02-03 18:38:26","D01P1","CR2709",4530,-600,700,1930,2500,42,60,30.952380952381,75,154,2,17,3,24,"Femme","SHAM",2
"178","2020-02-04 17:53:15","D02P1","CR2709",4205,-1405,1250,2360,2000,42,61,40.4761904761905,78.6885245901639,115,2,17,3,24,"Femme","SHAM",2
"179","2020-02-04 18:08:24","D02P2","CR2709",6590,-700,1750,3040,2500,40,67,60,88.0597014925373,133,2,17,3,24,"Femme","SHAM",2
"180","2020-02-05 17:50:01","D03P1","CR2709",5570,-450,1150,2620,2250,45,65,35.5555555555556,83.0769230769231,131,2,17,3,24,"Femme","SHAM",2
"181","2020-02-05 18:05:34","D03P2","CR2709",6565,-485,2000,3050,2000,49,69,48.9795918367347,88.4057971014493,111,2,17,3,24,"Femme","SHAM",2
"182","2020-02-06 17:44:49","D04P1","CR2709",7075,-685,1850,3160,2750,34,69,67.6470588235294,88.4057971014493,150,2,17,3,24,"Femme","SHAM",2
"183","2020-02-06 18:05:59","D04P2","CR2709",7465,-335,2400,2900,2500,39,65,74.3589743589744,89.2307692307692,141,2,17,3,24,"Femme","SHAM",2
"184","2020-02-07 17:49:04","D05P1","CR2709",8920,-100,3050,2970,3000,39,67,87.1794871794872,89.5522388059701,168,2,17,3,24,"Femme","SHAM",2
"185","2020-02-07 18:01:29","D05P2","CR2709",10240,-150,4050,3090,3250,48,69,91.6666666666667,89.8550724637681,168,2,17,3,24,"Femme","SHAM",2
"186","2020-02-18 17:47:56","D14P1","CR2709",9855,-35,3100,3790,3000,40,71,87.5,100,148,2,17,3,24,"Femme","SHAM",2
"187","2020-02-18 18:00:40","D14P2","CR2709",10440,-350,3900,3640,3250,50,73,86,94.5205479452055,168,2,17,3,24,"Femme","SHAM",2
"188","2021-03-22 18:27:11","D01P1","EA0703",1365,-1665,400,880,1750,42,56,19.047619047619,55.3571428571429,95,3,16,2,23,"Homme","STIMHD",3
"189","2021-03-23 17:46:50","D02P1","EA0703",3480,-300,350,1930,1500,43,58,16.2790697674419,75.8620689655172,89,3,16,2,23,"Homme","STIMHD",3
"190","2021-03-23 17:57:23","D02P2","EA0703",2760,-1040,600,1700,1500,40,58,25,67.2413793103448,98,3,16,2,23,"Homme","STIMHD",3
"191","2021-03-24 17:17:45","D03P1","EA0703",5150,-720,1550,2070,2250,43,61,46.5116279069767,77.0491803278689,119,3,16,2,23,"Homme","STIMHD",3
"192","2021-03-24 17:28:19","D03P2","EA0703",6395,-235,1350,3030,2250,44,65,38.6363636363636,90.7692307692308,114,3,16,2,23,"Homme","STIMHD",3
"193","2021-03-25 17:25:15","D04P1","EA0703",5740,-400,700,2690,2750,39,68,30.7692307692308,85.2941176470588,142,3,16,2,23,"Homme","STIMHD",3
"194","2021-03-25 17:35:54","D04P2","EA0703",5820,-800,1200,2670,2750,43,68,37.2093023255814,80.8823529411765,147,3,16,2,23,"Homme","STIMHD",3
"195","2021-03-26 17:14:03","D05P1","EA0703",9220,-100,2750,3320,3250,45,70,68.8888888888889,91.4285714285714,173,3,16,2,23,"Homme","STIMHD",3
"196","2021-03-26 17:24:26","D05P2","EA0703",8030,-350,2200,2930,3250,29,68,89.6551724137931,86.7647058823529,177,3,16,2,23,"Homme","STIMHD",3
"197","2021-04-06 16:24:45","D14P1","EA0703",8850,-150,2550,2700,3750,41,66,75.609756097561,86.3636363636364,201,3,16,2,23,"Homme","STIMHD",3
"198","2021-04-06 16:35:21","D14P2","EA0703",10860,-400,3050,3460,4750,42,70,83.3333333333333,94.2857142857143,242,3,16,2,23,"Homme","STIMHD",3
"199","2019-10-07 20:16:30","D01P1","EB2307",-425,-1795,400,-280,1250,44,52,13.6363636363636,32.6923076923077,77,1,17,1.5,22,"Homme","STIMSD",1
"200","2019-10-08 19:33:49","D02P1","EB2307",555,-1195,650,-650,1750,34,46,23.5294117647059,28.2608695652174,105,1,17,1.5,22,"Homme","STIMSD",1
"201","2019-10-08 19:49:56","D02P2","EB2307",1450,-1340,550,-260,2500,49,48,18.3673469387755,33.3333333333333,134,1,17,1.5,22,"Homme","STIMSD",1
"202","2019-10-09 19:35:37","D03P1","EB2307",1450,-1410,650,210,2000,43,50,23.2558139534884,48,119,1,17,1.5,22,"Homme","STIMSD",1
"203","2019-10-09 19:47:45","D03P2","EB2307",3955,-875,1750,1080,2000,48,54,45.8333333333333,59.2592592592593,130,1,17,1.5,22,"Homme","STIMSD",1
"204","2019-10-10 18:44:51","D04P1","EB2307",5700,-700,2000,2400,2000,43,60,55.8139534883721,80,120,1,17,1.5,22,"Homme","STIMSD",1
"205","2019-10-10 18:55:18","D04P2","EB2307",5155,-485,1550,1590,2500,50,55,38,72.7272727272727,138,1,17,1.5,22,"Homme","STIMSD",1
"206","2019-10-11 15:41:13","D05P1","EB2307",4770,-1320,1450,1890,2750,46,58,43.4782608695652,70.6896551724138,165,1,17,1.5,22,"Homme","STIMSD",1
"207","2019-10-11 15:53:04","D05P2","EB2307",3660,-1020,600,1330,2750,36,55,25,63.6363636363636,161,1,17,1.5,22,"Homme","STIMSD",1
"208","2019-10-21 19:19:29","D14P1","EB2307",6010,-470,1650,2330,2500,43,59,46.5116279069767,83.0508474576271,130,1,17,1.5,22,"Homme","STIMSD",1
"209","2019-10-21 19:32:24","D14P2","EB2307",3520,-970,750,1490,2250,38,59,28.9473684210526,64.406779661017,137,1,17,1.5,22,"Homme","STIMSD",1
"221","2019-09-30 16:23:07","D01P1","EC2802",-610,-3190,550,1030,1000,39,56,20.5128205128205,50,67,1,17,2.5,22,"Homme","STIMSD",1
"222","2019-10-01 16:12:57","D02P1","EC2802",-380,-2490,300,810,1000,39,54,17.9487179487179,51.8518518518519,58,1,17,2.5,22,"Homme","STIMSD",1
"223","2019-10-01 16:23:41","D02P2","EC2802",3085,-825,1150,1760,1000,42,55,33.3333333333333,74.5454545454545,54,1,17,2.5,22,"Homme","STIMSD",1
"224","2019-10-02 16:19:54","D03P1","EC2802",3760,-1160,1650,2270,1000,45,59,44.4444444444444,76.271186440678,59,1,17,2.5,22,"Homme","STIMSD",1
"225","2019-10-02 16:30:36","D03P2","EC2802",4360,-1570,2000,2680,1250,33,60,69.6969696969697,85,65,1,17,2.5,22,"Homme","STIMSD",1
"226","2019-10-03 16:21:10","D04P1","EC2802",4425,-1845,2450,2570,1250,37,61,78.3783783783784,81.9672131147541,77,1,17,2.5,22,"Homme","STIMSD",1
"227","2019-10-03 16:32:40","D04P2","EC2802",4645,-1875,2550,2470,1500,47,61,59.5744680851064,77.0491803278689,81,1,17,2.5,22,"Homme","STIMSD",1
"228","2019-10-04 15:10:18","D05P1","EC2802",5480,-930,3000,2160,1250,39,57,84.6153846153846,80.7017543859649,67,1,17,2.5,22,"Homme","STIMSD",1
"229","2019-10-04 15:20:41","D05P2","EC2802",4695,-1655,2600,2500,1250,41,65,68.2926829268293,75.3846153846154,66,1,17,2.5,22,"Homme","STIMSD",1
"230","2019-10-15 17:11:54","D14P1","EC2802",7160,-520,3300,2880,1500,43,62,83.7209302325581,87.0967741935484,92,1,17,2.5,22,"Homme","STIMSD",1
"231","2019-10-15 17:26:03","D14P2","EC2802",6375,-1155,2450,3080,2000,38,64,71.0526315789474,90.625,109,1,17,2.5,22,"Homme","STIMSD",1
"232","2021-03-15 10:08:22","D01P1","EJ0511",3720,-1470,750,2190,2250,38,61,36.8421052631579,75.4098360655738,129,3,20,7,28,"Femme","STIMHD",3
"233","2021-03-16 09:11:28","D02P1","EJ0511",5830,-540,850,3020,2500,49,68,30.6122448979592,89.7058823529412,145,3,20,7,28,"Femme","STIMHD",3
"234","2021-03-16 09:23:03","D02P2","EJ0511",5960,-300,700,2560,3000,45,64,24.4444444444444,84.375,164,3,20,7,28,"Femme","STIMHD",3
"235","2021-03-17 09:39:51","D03P1","EJ0511",6960,-400,1000,3110,3250,41,71,41.4634146341463,87.3239436619718,177,3,20,7,28,"Femme","STIMHD",3
"236","2021-03-17 09:51:51","D03P2","EJ0511",6435,-935,1250,3120,3000,38,70,55.2631578947368,85.7142857142857,167,3,20,7,28,"Femme","STIMHD",3
"237","2021-03-18 09:48:28","D04P1","EJ0511",7280,-400,1150,3280,3250,43,73,51.1627906976744,87.6712328767123,180,3,20,7,28,"Femme","STIMHD",3
"238","2021-03-18 10:00:05","D04P2","EJ0511",8320,-900,1750,2970,4500,44,74,61.3636363636364,81.0810810810811,227,3,20,7,28,"Femme","STIMHD",3
"239","2021-03-19 10:08:20","D05P1","EJ0511",9080,-100,1300,3130,4750,36,71,69.4444444444444,90.1408450704225,240,3,20,7,28,"Femme","STIMHD",3
"240","2021-03-19 10:19:13","D05P2","EJ0511",10800,-150,1800,3900,5250,37,78,78.3783783783784,94.8717948717949,274,3,20,7,28,"Femme","STIMHD",3
"241","2021-03-30 09:15:26","D14P1","EJ0511",9980,-450,1350,3330,5750,43,73,55.8139534883721,90.4109589041096,294,3,20,7,28,"Femme","STIMHD",3
"242","2021-03-30 09:26:29","D14P2","EJ0511",12260,-150,2250,3910,6250,48,77,70.8333333333333,96.1038961038961,325,3,20,7,28,"Femme","STIMHD",3
"243","2021-04-26 17:10:24","D01P1","EV1810",4915,-1135,1800,2500,1750,43,61,53.4883720930233,85.2459016393443,113,3,17,7,23,"Femme","STIMHD",3
"244","2021-04-27 16:49:49","D02P1","EV1810",7845,-835,3200,3480,2000,47,70,80.8510638297872,92.8571428571429,114,3,17,7,23,"Femme","STIMHD",3
"245","2021-04-27 17:00:30","D02P2","EV1810",6920,-860,2700,3080,2000,41,69,80.4878048780488,85.5072463768116,120,3,17,7,23,"Femme","STIMHD",3
"246","2021-04-28 16:40:42","D03P1","EV1810",6070,-1260,2050,3030,2250,37,72,75.6756756756757,83.3333333333333,125,3,17,7,23,"Femme","STIMHD",3
"247","2021-04-28 16:51:29","D03P2","EV1810",7740,-890,2550,3330,2750,45,72,71.1111111111111,87.5,153,3,17,7,23,"Femme","STIMHD",3
"248","2021-04-29 16:46:42","D04P1","EV1810",9310,-470,2600,3680,3500,43,76,76.7441860465116,90.7894736842105,189,3,17,7,23,"Femme","STIMHD",3
"249","2021-04-29 16:57:17","D04P2","EV1810",9505,-555,2600,3460,4000,45,73,75.5555555555556,90.4109589041096,218,3,17,7,23,"Femme","STIMHD",3
"250","2021-04-30 16:31:48","D05P1","EV1810",10160,-400,2400,3660,4500,38,73,81.5789473684211,93.1506849315068,240,3,17,7,23,"Femme","STIMHD",3
"251","2021-04-30 16:42:18","D05P2","EV1810",9175,-1375,2100,3450,5000,35,73,80,89.041095890411,268,3,17,7,23,"Femme","STIMHD",3
"252","2021-05-10 17:24:00","D14P1","EV1810",12735,-985,1900,3320,8500,42,71,69.0476190476191,88.7323943661972,469,3,17,7,23,"Femme","STIMHD",3
"253","2021-05-10 17:34:54","D14P2","EV1810",16540,-1600,2900,3240,12000,52,69,76.9230769230769,86.9565217391304,659,3,17,7,23,"Femme","STIMHD",3
"254","2021-04-26 16:17:09","D01P1","GC0511",2160,-1460,400,1220,2000,44,56,22.7272727272727,62.5,111,3,17,9,26,"Homme","STIMHD",3
"255","2021-04-27 15:34:10","D02P1","GC0511",1250,-1810,650,410,2000,40,52,35,48.0769230769231,127,3,17,9,26,"Homme","STIMHD",3
"256","2021-04-27 15:47:21","D02P2","GC0511",4725,-1055,1700,1330,2750,42,58,54.7619047619048,67.2413793103448,152,3,17,9,26,"Homme","STIMHD",3
"257","2021-04-28 15:39:46","D03P1","GC0511",3140,-1640,300,1480,3000,41,59,26.8292682926829,66.1016949152542,178,3,17,9,26,"Homme","STIMHD",3
"258","2021-04-28 15:51:52","D03P2","GC0511",5750,-670,1250,1920,3250,45,58,46.6666666666667,75.8620689655172,181,3,17,9,26,"Homme","STIMHD",3
"259","2021-04-29 15:46:52","D04P1","GC0511",6435,-735,1400,1770,4000,40,60,57.5,70,228,3,17,9,26,"Homme","STIMHD",3
"260","2021-04-29 15:58:16","D04P2","GC0511",7315,-835,1500,1900,4750,41,58,51.219512195122,74.1379310344828,261,3,17,9,26,"Homme","STIMHD",3
"261","2021-04-30 15:41:14","D05P1","GC0511",8370,-520,1600,2290,5000,37,61,70.2702702702703,80.327868852459,287,3,17,9,26,"Homme","STIMHD",3
"262","2021-04-30 15:52:52","D05P2","GC0511",9210,-420,1600,2530,5500,34,60,76.4705882352941,86.6666666666667,290,3,17,9,26,"Homme","STIMHD",3
"263","2021-05-11 15:37:47","D14P1","GC0511",9645,-555,1850,2850,5500,42,64,71.4285714285714,89.0625,298,3,17,9,26,"Homme","STIMHD",3
"264","2021-05-11 15:49:25","D14P2","GC0511",11075,-605,1700,2480,7500,42,60,66.6666666666667,83.3333333333333,397,3,17,9,26,"Homme","STIMHD",3
"265","2018-06-04 16:55:42","D01P1","GF0912",1965,-995,650,810,1500,41,57,29.2682926829268,56.140350877193,87,1,16,3,22,"Homme","STIMSD",1
"266","2018-06-05 11:33:46","D02P1","GF0912",2965,-1155,1050,1320,1750,43,58,55.8139534883721,63.7931034482759,121,1,16,3,22,"Homme","STIMSD",1
"267","2018-06-05 11:33:46","D02P2","GF0912",3980,-1580,1600,1710,2250,43,59,67.4418604651163,69.4915254237288,138,1,16,3,22,"Homme","STIMSD",1
"268","2018-06-06 11:35:40","D03P1","GF0912",8325,-185,2750,2760,3000,52,66,76.9230769230769,86.3636363636364,185,1,16,3,22,"Homme","STIMSD",1
"269","2018-06-06 11:35:40","D03P2","GF0912",6335,-935,1750,2020,3500,40,61,75,72.1311475409836,190,1,16,3,22,"Homme","STIMSD",1
"270","2018-06-07 11:29:16","D04P1","GF0912",5915,-705,1450,2670,2500,39,67,79.4871794871795,83.5820895522388,158,1,16,3,22,"Homme","STIMSD",1
"271","2018-06-07 11:29:16","D04P2","GF0912",6360,-750,1150,2210,3750,42,65,71.4285714285714,76.9230769230769,225,1,16,3,22,"Homme","STIMSD",1
"272","2018-06-08 11:34:04","D05P1","GF0912",8575,-255,1800,3030,4000,36,67,86.1111111111111,91.044776119403,224,1,16,3,22,"Homme","STIMSD",1
"273","2018-06-08 11:34:04","D05P2","GF0912",8550,-270,1200,2870,4750,36,67,86.1111111111111,88.0597014925373,255,1,16,3,22,"Homme","STIMSD",1
"274","2018-06-19 11:28:07","D14P1","GF0912",8200,-840,1850,3190,4000,41,72,80.4878048780488,86.1111111111111,223,1,16,3,22,"Homme","STIMSD",1
"275","2018-06-19 11:28:07","D14P2","GF0912",8605,-805,1650,3010,4750,44,69,75,86.9565217391304,258,1,16,3,22,"Homme","STIMSD",1
"276","2020-02-10 11:16:05","D01P1","GF1410",2380,-1070,1900,300,1250,49,54,51.0204081632653,46.2962962962963,76,1,15,2.5,32,"Homme","STIMSD",1
"277","2020-02-11 14:13:49","D02P1","GF1410",1325,-1665,700,790,1500,44,51,25,58.8235294117647,102,1,15,2.5,32,"Homme","STIMSD",1
"278","2020-02-11 14:24:35","D02P2","GF1410",3125,-805,550,1130,2250,35,54,28.5714285714286,64.8148148148148,121,1,15,2.5,32,"Homme","STIMSD",1
"279","2020-02-12 10:56:51","D03P1","GF1410",3510,-820,900,1430,2000,41,56,31.7073170731707,66.0714285714286,132,1,15,2.5,32,"Homme","STIMSD",1
"280","2020-02-12 11:07:30","D03P2","GF1410",2815,-735,1400,150,2000,36,49,44.4444444444444,44.8979591836735,121,1,15,2.5,32,"Homme","STIMSD",1
"281","2020-02-13 14:17:53","D04P1","GF1410",3090,-820,950,1210,1750,33,56,39.3939393939394,66.0714285714286,121,1,15,2.5,32,"Homme","STIMSD",1
"282","2020-02-13 14:34:03","D04P2","GF1410",3965,-855,1150,670,3000,44,54,36.3636363636364,57.4074074074074,189,1,15,2.5,32,"Homme","STIMSD",1
"283","2020-02-14 10:34:36","D05P1","GF1410",3925,-735,900,1510,2250,38,57,34.2105263157895,64.9122807017544,149,1,15,2.5,32,"Homme","STIMSD",1
"284","2020-02-14 10:44:56","D05P2","GF1410",5010,-450,850,2360,2250,43,61,25.5813953488372,80.327868852459,133,1,15,2.5,32,"Homme","STIMSD",1
"285","2020-02-25 10:26:37","D14P1","GF1410",4400,-770,700,1470,3000,40,59,25,66.1016949152542,159,1,15,2.5,32,"Homme","STIMSD",1
"286","2020-02-25 10:39:29","D14P2","GF1410",6060,-150,1150,2060,3000,37,62,43.2432432432432,79.0322580645161,159,1,15,2.5,32,"Homme","STIMSD",1
"287","2018-06-04 14:20:55","D01P1","GM2504",820,-590,850,560,0,40,55,27.5,56.3636363636364,44,1,15,6,21,"Homme","STIMSD",1
"288","2018-06-05 14:03:50","D02P1","GM2504",1525,-735,1550,710,0,47,58,40.4255319148936,53.448275862069,92,1,15,6,21,"Homme","STIMSD",1
"289","2018-06-05 14:03:50","D02P2","GM2504",1865,-985,1400,700,750,36,58,47.2222222222222,53.448275862069,117,1,15,6,21,"Homme","STIMSD",1
"290","2018-06-06 14:03:40","D03P1","GM2504",2645,-505,450,450,2250,33,54,27.2727272727273,53.7037037037037,116,1,15,6,21,"Homme","STIMSD",1
"291","2018-06-06 14:03:40","D03P2","GM2504",3965,-735,350,1100,3250,42,58,19.047619047619,62.0689655172414,163,1,15,6,21,"Homme","STIMSD",1
"292","2018-06-07 13:59:39","D04P1","GM2504",4880,-900,450,1580,3750,41,60,24.390243902439,65,193,1,15,6,21,"Homme","STIMSD",1
"293","2018-06-07 13:59:39","D04P2","GM2504",5550,-1120,200,2220,4250,46,60,19.5652173913043,76.6666666666667,220,1,15,6,21,"Homme","STIMSD",1
"294","2018-06-08 14:03:08","D05P1","GM2504",9385,-685,900,2920,6250,42,68,33.3333333333333,85.2941176470588,294,1,15,6,21,"Homme","STIMSD",1
"295","2018-06-08 14:03:08","D05P2","GM2504",9515,-635,650,2500,7000,40,64,32.5,82.8125,341,1,15,6,21,"Homme","STIMSD",1
"296","2018-06-19 14:10:49","D14P1","GM2504",8140,-1120,300,2460,6500,48,68,22.9166666666667,75,322,1,15,6,21,"Homme","STIMSD",1
"297","2018-06-19 14:10:49","D14P2","GM2504",8925,-1205,600,2780,6750,42,68,26.1904761904762,80.8823529411765,334,1,15,6,21,"Homme","STIMSD",1
"298","2019-12-02 16:18:50","D01P1","HA2212",-2170,-3750,900,430,250,45,50,33.3333333333333,50,56,1,20,1.5,27,"Homme","STIMSD",1
"299","2019-12-03 16:28:35","D02P1","HA2212",-320,-2630,950,860,500,41,54,39.0243902439024,57.4074074074074,55,1,20,1.5,27,"Homme","STIMSD",1
"300","2019-12-03 16:39:08","D02P2","HA2212",4145,-805,1300,2150,1500,43,63,58.1395348837209,74.6031746031746,93,1,20,1.5,27,"Homme","STIMSD",1
"301","2019-12-04 16:45:30","D03P1","HA2212",3050,-1670,1300,1420,2000,34,60,67.6470588235294,60,117,1,20,1.5,27,"Homme","STIMSD",1
"302","2019-12-04 17:04:56","D03P2","HA2212",3430,-1340,2050,220,2500,36,53,86.1111111111111,47.1698113207547,141,1,20,1.5,27,"Homme","STIMSD",1
"303","2019-12-05 16:55:22","D04P1","HA2212",4640,-770,1550,2110,1750,36,63,77.7777777777778,76.1904761904762,117,1,20,1.5,27,"Homme","STIMSD",1
"304","2019-12-05 17:05:55","D04P2","HA2212",3475,-1035,1000,1260,2250,37,60,64.8648648648649,61.6666666666667,134,1,20,1.5,27,"Homme","STIMSD",1
"305","2019-12-06 16:11:59","D05P1","HA2212",6025,-1035,1700,2360,3000,43,65,69.7674418604651,78.4615384615385,163,1,20,1.5,27,"Homme","STIMSD",1
"306","2019-12-06 16:23:57","D05P2","HA2212",5130,-1390,1650,2370,2500,41,62,78.0487804878049,77.4193548387097,134,1,20,1.5,27,"Homme","STIMSD",1
"307","2019-12-18 15:22:53","D14P1","HA2212",3160,-1390,1250,1050,2250,33,60,84.8484848484848,56.6666666666667,134,1,20,1.5,27,"Homme","STIMSD",1
"308","2019-12-18 15:33:42","D14P2","HA2212",9880,-400,3450,3330,3500,56,71,83.9285714285714,90.1408450704225,189,1,20,1.5,27,"Homme","STIMSD",1
"309","2018-06-04 17:24:17","D01P1","HI0310",4915,-1285,1300,2900,2000,44,63,45.4545454545455,88.8888888888889,111,2,13,6,30,"Homme","SHAM",2
"310","2018-06-05 17:06:39","D02P1","HI0310",4410,-1140,1900,1900,1750,42,59,59.5238095238095,72.8813559322034,108,2,13,6,30,"Homme","SHAM",2
"311","2018-06-05 17:06:39","D02P2","HI0310",6230,-1020,2700,2550,2000,49,62,65.3061224489796,80.6451612903226,119,2,13,6,30,"Homme","SHAM",2
"312","2018-06-06 17:01:54","D03P1","HI0310",6850,-670,2400,2120,3000,43,60,67.4418604651163,78.3333333333333,171,2,13,6,30,"Homme","SHAM",2
"313","2018-06-06 17:01:54","D03P2","HI0310",7655,-1335,2050,2440,4500,45,63,57.7777777777778,79.3650793650794,242,2,13,6,30,"Homme","SHAM",2
"314","2018-06-07 17:06:15","D04P1","HI0310",8110,-1080,2350,2590,4250,45,65,62.2222222222222,78.4615384615385,260,2,13,6,30,"Homme","SHAM",2
"315","2018-06-07 17:06:15","D04P2","HI0310",10475,-725,2600,2850,5750,45,66,68.8888888888889,84.8484848484848,302,2,13,6,30,"Homme","SHAM",2
"316","2018-06-08 17:06:13","D05P1","HI0310",13250,-1100,3400,3200,7750,55,69,72.7272727272727,88.4057971014493,405,2,13,6,30,"Homme","SHAM",2
"317","2018-06-08 17:06:13","D05P2","HI0310",13015,-905,3600,3320,7000,49,67,83.6734693877551,91.044776119403,374,2,13,6,30,"Homme","SHAM",2
"318","2018-06-19 17:07:15","D14P1","HI0310",6745,-1965,2300,2160,4250,42,68,69.0476190476191,67.6470588235294,245,2,13,6,30,"Homme","SHAM",2
"319","2018-06-19 17:07:15","D14P2","HI0310",10105,-1555,3550,3110,5000,46,73,91.304347826087,82.1917808219178,294,2,13,6,30,"Homme","SHAM",2
"320","2021-03-01 15:13:10","D01P1","JA2904",4360,-1280,1800,2340,1500,41,64,56.0975609756098,78.125,78,1,17,3.5,23,"Homme","STIMSD",1
"321","2021-03-02 14:41:23","D02P1","JA2904",4130,-1440,1250,2820,1500,39,65,43.5897435897436,84.6153846153846,86,1,17,3.5,23,"Homme","STIMSD",1
"322","2021-03-02 14:52:44","D02P2","JA2904",4185,-2425,1950,2660,2000,40,67,60,80.5970149253731,105,1,17,3.5,23,"Homme","STIMSD",1
"323","2021-03-03 14:44:50","D03P1","JA2904",6090,-960,2200,3100,1750,42,70,59.5238095238095,85.7142857142857,89,1,17,3.5,23,"Homme","STIMSD",1
"324","2021-03-03 14:55:54","D03P2","JA2904",7140,-1000,3000,3140,2000,40,67,82.5,88.0597014925373,101,1,17,3.5,23,"Homme","STIMSD",1
"325","2021-03-04 14:43:51","D04P1","JA2904",6745,-805,2400,2650,2500,42,63,64.2857142857143,85.7142857142857,129,1,17,3.5,23,"Homme","STIMSD",1
"326","2021-03-04 14:54:32","D04P2","JA2904",7015,-855,1950,3170,2750,30,67,76.6666666666667,89.5522388059701,141,1,17,3.5,23,"Homme","STIMSD",1
"327","2021-03-05 14:39:05","D05P1","JA2904",6440,-1370,2200,2610,3000,36,67,72.2222222222222,79.1044776119403,152,1,17,3.5,23,"Homme","STIMSD",1
"328","2021-03-05 14:49:51","D05P2","JA2904",9650,-350,3250,3250,3500,46,65,80.4347826086957,95.3846153846154,178,1,17,3.5,23,"Homme","STIMSD",1
"329","2021-03-16 14:44:02","D14P1","JA2904",8890,-700,3300,2790,3500,47,64,80.8510638297872,85.9375,189,1,17,3.5,23,"Homme","STIMSD",1
"330","2021-03-16 14:54:51","D14P2","JA2904",9050,-650,2450,3500,3750,31,70,93.5483870967742,94.2857142857143,187,1,17,3.5,23,"Homme","STIMSD",1
"331","2021-04-19 12:32:07","D01P1","JK1002",3980,-740,1000,1720,2000,38,59,36.8421052631579,72.8813559322034,127,3,16,2,23,"Homme","STIMHD",3
"332","2021-04-20 11:49:47","D02P1","JK1002",6645,-435,1500,2080,3500,49,65,44.8979591836735,76.9230769230769,200,3,16,2,23,"Homme","STIMHD",3
"333","2021-04-20 12:01:56","D02P2","JK1002",9965,-985,3050,2150,5750,47,63,78.7234042553192,73.015873015873,363,3,16,2,23,"Homme","STIMHD",3
"334","2021-04-21 11:55:53","D03P1","JK1002",9570,-1200,2300,2470,6000,38,63,76.3157894736842,80.9523809523809,369,3,16,2,23,"Homme","STIMHD",3
"335","2021-04-21 12:08:00","D03P2","JK1002",10940,-700,2200,2440,7000,41,64,85.3658536585366,81.25,382,3,16,2,23,"Homme","STIMHD",3
"336","2021-04-22 12:13:52","D04P1","JK1002",11650,-1000,1800,2850,8000,38,65,76.3157894736842,86.1538461538462,439,3,16,2,23,"Homme","STIMHD",3
"337","2021-04-22 12:25:44","D04P2","JK1002",15240,-800,1500,3040,11500,48,64,56.25,89.0625,642,3,16,2,23,"Homme","STIMHD",3
"338","2021-04-23 13:00:39","D05P1","JK1002",17080,-1050,2650,3230,12250,51,69,76.4705882352941,88.4057971014493,638,3,16,2,23,"Homme","STIMHD",3
"339","2021-04-23 13:12:12","D05P2","JK1002",16260,-1050,1500,3310,12500,43,71,76.7441860465116,88.7323943661972,709,3,16,2,23,"Homme","STIMHD",3
"340","2021-05-04 12:33:34","D14P1","JK1002",18790,-400,2350,3340,13500,52,67,80.7692307692308,91.044776119403,791,3,16,2,23,"Homme","STIMHD",3
"341","2021-05-04 12:45:11","D14P2","JK1002",19800,-1300,1450,3150,16500,51,67,74.5098039215686,89.5522388059701,980,3,16,2,23,"Homme","STIMHD",3
"342","2019-11-04 09:04:30","D01P1","JM1704",1965,-1475,950,1490,1000,40,56,32.5,67.8571428571429,61,2,17,6,23,"Homme","SHAM",2
"343","2019-11-05 08:26:54","D02P1","JM1704",4045,-1055,1150,2700,1250,45,65,35.5555555555556,84.6153846153846,79,2,17,6,23,"Homme","SHAM",2
"344","2019-11-05 08:46:28","D02P2","JM1704",4605,-985,700,3390,1500,50,72,20,88.8888888888889,89,2,17,6,23,"Homme","SHAM",2
"345","2019-11-06 08:38:12","D03P1","JM1704",5400,-970,1100,3270,2000,39,71,35.8974358974359,88.7323943661972,108,2,17,6,23,"Homme","SHAM",2
"346","2019-11-06 08:50:20","D03P2","JM1704",5880,-900,600,3430,2750,33,74,27.2727272727273,89.1891891891892,146,2,17,6,23,"Homme","SHAM",2
"347","2019-11-07 14:07:22","D04P1","JM1704",7865,-535,1400,3250,3750,45,71,42.2222222222222,88.7323943661972,186,2,17,6,23,"Homme","SHAM",2
"348","2019-11-07 14:18:58","D04P2","JM1704",6635,-735,1150,3220,3000,39,73,43.5897435897436,89.041095890411,169,2,17,6,23,"Homme","SHAM",2
"349","2019-11-08 13:06:03","D05P1","JM1704",8305,-685,1600,2890,4500,43,74,53.4883720930233,81.0810810810811,236,2,17,6,23,"Homme","SHAM",2
"350","2019-11-08 13:19:02","D05P2","JM1704",11510,-150,2600,3560,5500,54,75,68.5185185185185,93.3333333333333,311,2,17,6,23,"Homme","SHAM",2
"351","2019-11-18 12:56:11","D14P1","JM1704",10980,0,2300,3680,5000,46,78,65.2173913043478,93.5897435897436,292,2,17,6,23,"Homme","SHAM",2
"352","2019-11-18 13:08:44","D14P2","JM1704",12730,-150,1700,4180,7000,36,80,69.4444444444444,97.5,368,2,17,6,23,"Homme","SHAM",2
"353","2018-06-04 14:48:49","D01P1","JP1711",1370,-1080,800,900,750,49,54,36.734693877551,59.2592592592593,50,2,12,10,18,"Femme","SHAM",2
"354","2018-06-05 14:32:14","D02P1","JP1711",3545,-895,1450,1990,1000,44,60,45.4545454545455,73.3333333333333,50,2,12,10,18,"Femme","SHAM",2
"355","2018-06-05 14:32:14","D02P2","JP1711",4350,-610,1150,2810,1000,42,66,40.4761904761905,86.3636363636364,55,2,12,10,18,"Femme","SHAM",2
"356","2018-06-06 14:30:14","D03P1","JP1711",4265,-705,1500,2470,1000,47,65,40.4255319148936,80,69,2,12,10,18,"Femme","SHAM",2
"357","2018-06-06 14:30:14","D03P2","JP1711",4335,-255,1250,2340,1000,48,62,35.4166666666667,83.8709677419355,62,2,12,10,18,"Femme","SHAM",2
"358","2018-06-07 14:31:53","D04P1","JP1711",4690,-730,1050,2870,1500,46,68,28.2608695652174,83.8235294117647,74,2,12,10,18,"Femme","SHAM",2
"359","2018-06-07 14:31:53","D04P2","JP1711",5920,-670,2050,2790,1750,45,68,53.3333333333333,82.3529411764706,89,2,12,10,18,"Femme","SHAM",2
"360","2018-06-08 14:31:08","D05P1","JP1711",5475,-435,1500,2910,1500,39,67,51.2820512820513,86.5671641791045,84,2,12,10,18,"Femme","SHAM",2
"361","2018-06-08 14:31:08","D05P2","JP1711",5695,-475,1850,2570,1750,42,67,54.7619047619048,83.5820895522388,85,2,12,10,18,"Femme","SHAM",2
"362","2018-06-19 14:32:38","D14P1","JP1711",4700,-1260,1350,3360,1250,45,71,37.7777777777778,88.7323943661972,76,2,12,10,18,"Femme","SHAM",2
"363","2018-06-19 14:32:38","D14P2","JP1711",6725,-625,2150,3700,1500,43,72,60.4651162790698,94.4444444444444,82,2,12,10,18,"Femme","SHAM",2
"364","2021-03-01 16:52:13","D01P1","JT0601",3545,-1715,1450,1560,2250,46,59,56.5217391304348,66.1016949152542,120,2,17,7,28,"Homme","SHAM",2
"365","2021-03-02 16:24:05","D02P1","JT0601",6365,-915,1800,2480,3000,45,65,60,80,168,2,17,7,28,"Homme","SHAM",2
"366","2021-03-02 16:34:25","D02P2","JT0601",10170,-870,2500,3040,5500,49,64,63.265306122449,92.1875,287,2,17,7,28,"Homme","SHAM",2
"367","2021-03-03 16:50:08","D03P1","JT0601",11045,-625,1150,2520,8000,37,59,56.7567567567568,88.135593220339,400,2,17,7,28,"Homme","SHAM",2
"368","2021-03-03 17:01:19","D03P2","JT0601",13215,-1545,1100,2410,11250,38,59,60.5263157894737,83.0508474576271,524,2,17,7,28,"Homme","SHAM",2
"369","2021-03-04 16:47:06","D04P1","JT0601",15600,-1050,1700,2700,12250,40,64,65,87.5,581,2,17,7,28,"Homme","SHAM",2
"370","2021-03-04 16:59:53","D04P2","JT0601",15535,-2505,1850,2940,13250,41,64,75.609756097561,87.5,639,2,17,7,28,"Homme","SHAM",2
"371","2021-03-05 16:37:57","D05P1","JT0601",15730,-770,1450,2800,12250,40,67,65,85.0746268656716,589,2,17,7,28,"Homme","SHAM",2
"372","2021-03-05 16:48:23","D05P2","JT0601",20185,-785,2050,3170,15750,41,66,82.9268292682927,90.9090909090909,746,2,17,7,28,"Homme","SHAM",2
"373","2021-03-16 16:50:28","D14P1","JT0601",19390,-300,2250,3690,13750,46,71,73.9130434782609,97.1830985915493,665,2,17,7,28,"Homme","SHAM",2
"374","2021-03-16 17:00:54","D14P2","JT0601",22500,-900,2000,3400,18000,41,71,82.9268292682927,91.5492957746479,823,2,17,7,28,"Homme","SHAM",2
"375","2021-04-19 17:48:04","D01P1","KM0102",4240,-510,750,1750,2250,40,60,32.5,75,128,3,17,6,24,"Homme","STIMHD",3
"376","2021-04-20 17:30:27","D02P1","KM0102",6015,-455,800,2420,3250,40,64,47.5,81.25,194,3,17,6,24,"Homme","STIMHD",3
"377","2021-04-20 17:41:54","D02P2","KM0102",6750,-400,1200,2700,3250,41,64,48.780487804878,82.8125,209,3,17,6,24,"Homme","STIMHD",3
"378","2021-04-21 17:05:08","D03P1","KM0102",9115,-155,1800,2720,4750,45,67,64.4444444444444,86.5671641791045,262,3,17,6,24,"Homme","STIMHD",3
"379","2021-04-21 17:16:20","D03P2","KM0102",11110,-150,1500,3260,6500,39,68,58.974358974359,92.6470588235294,361,3,17,6,24,"Homme","STIMHD",3
"380","2021-04-22 16:57:38","D04P1","KM0102",10710,-350,1050,2760,7250,40,66,52.5,86.3636363636364,409,3,17,6,24,"Homme","STIMHD",3
"381","2021-04-22 17:08:34","D04P2","KM0102",13700,-420,1600,2770,9750,47,65,57.4468085106383,86.1538461538462,570,3,17,6,24,"Homme","STIMHD",3
"382","2021-04-23 16:58:48","D05P1","KM0102",11635,-575,1700,2760,7750,46,67,65.2173913043478,85.0746268656716,473,3,17,6,24,"Homme","STIMHD",3
"383","2021-04-23 17:09:50","D05P2","KM0102",15845,-755,1700,3150,11750,40,70,82.5,87.1428571428571,652,3,17,6,24,"Homme","STIMHD",3
"384","2021-05-04 17:13:52","D14P1","KM0102",13740,-650,1050,2590,10750,40,66,60,80.3030303030303,597,3,17,6,24,"Homme","STIMHD",3
"385","2021-05-04 17:25:05","D14P2","KM0102",16820,-150,1300,3170,12500,40,71,70,90.1408450704225,698,3,17,6,24,"Homme","STIMHD",3
"386","2019-10-07 19:24:57","D01P1","LB0609",5680,-420,650,2200,3250,33,60,63.6363636363636,81.6666666666667,180,2,16,2,26,"Homme","SHAM",2
"387","2019-10-08 18:49:30","D02P1","LB0609",9520,-450,1650,3070,5250,43,67,60.4651162790698,89.5522388059701,296,2,16,2,26,"Homme","SHAM",2
"388","2019-10-08 19:08:41","D02P2","LB0609",11570,-150,1950,3520,6250,43,70,74.4186046511628,95.7142857142857,324,2,16,2,26,"Homme","SHAM",2
"389","2019-10-09 18:50:24","D03P1","LB0609",11350,-600,2000,2950,7000,47,67,76.5957446808511,88.0597014925373,356,2,16,2,26,"Homme","SHAM",2
"390","2019-10-09 19:07:22","D03P2","LB0609",14460,-400,1750,3860,9250,36,75,88.8888888888889,96,464,2,16,2,26,"Homme","SHAM",2
"391","2019-10-10 18:07:45","D04P1","LB0609",14360,-200,2350,3210,9000,49,70,81.6326530612245,91.4285714285714,474,2,16,2,26,"Homme","SHAM",2
"392","2019-10-10 18:22:31","D04P2","LB0609",15650,-150,1400,3900,10500,36,74,86.1111111111111,95.945945945946,530,2,16,2,26,"Homme","SHAM",2
"393","2019-10-11 13:13:55","D05P1","LB0609",15620,-450,2300,3270,10500,47,73,80.8510638297872,89.041095890411,558,2,16,2,26,"Homme","SHAM",2
"394","2019-10-11 13:25:31","D05P2","LB0609",18160,-300,1850,3610,13000,40,75,80,93.3333333333333,671,2,16,2,26,"Homme","SHAM",2
"395","2019-10-21 17:35:18","D14P1","LB0609",15670,-900,1250,3820,11500,41,78,65.8536585365854,91.025641025641,604,2,16,2,26,"Homme","SHAM",2
"396","2019-10-21 17:46:16","D14P2","LB0609",22340,-100,3050,3890,15500,51,78,90.1960784313726,94.8717948717949,812,2,16,2,26,"Homme","SHAM",2
"397","2018-06-04 13:03:28","D01P1","LB2705",-3665,-5325,450,-40,1250,49,51,28.5714285714286,31.3725490196078,83,1,17,4.5,24,"Femme","STIMSD",1
"398","2018-06-05 08:35:29","D02P1","LB2705",-2445,-4515,950,120,1000,40,50,45,38,94,1,17,4.5,24,"Femme","STIMSD",1
"399","2018-06-05 08:35:29","D02P2","LB2705",-1805,-3175,650,-530,1250,46,49,28.2608695652174,22.4489795918367,82,1,17,4.5,24,"Femme","STIMSD",1
"400","2018-06-06 08:28:02","D03P1","LB2705",-1230,-5100,1300,570,2000,42,56,47.6190476190476,35.7142857142857,119,1,17,4.5,24,"Femme","STIMSD",1
"401","2018-06-06 08:28:02","D03P2","LB2705",-1680,-5200,1150,620,1750,42,52,45.2380952380952,44.2307692307692,119,1,17,4.5,24,"Femme","STIMSD",1
"402","2018-06-07 08:31:32","D04P1","LB2705",-380,-4290,850,560,2500,35,51,37.1428571428571,45.0980392156863,139,1,17,4.5,24,"Femme","STIMSD",1
"403","2018-06-07 08:31:32","D04P2","LB2705",1175,-3405,1700,880,2000,38,54,52.6315789473684,50,119,1,17,4.5,24,"Femme","STIMSD",1
"404","2018-06-08 08:30:10","D05P1","LB2705",3050,-2800,1500,1850,2500,37,58,48.6486486486486,68.9655172413793,137,1,17,4.5,24,"Femme","STIMSD",1
"405","2018-06-08 08:30:10","D05P2","LB2705",1735,-3345,1350,1480,2250,44,58,38.6363636363636,62.0689655172414,127,1,17,4.5,24,"Femme","STIMSD",1
"406","2018-06-20 10:25:14","D14P1","LB2705",-740,-4240,900,1350,1250,39,61,30.7692307692308,57.3770491803279,75,1,17,4.5,24,"Femme","STIMSD",1
"407","2018-06-20 10:25:14","D14P2","LB2705",260,-4430,1150,1790,1750,50,62,28,61.2903225806452,99,1,17,4.5,24,"Femme","STIMSD",1
"408","2018-06-04 13:34:41","D01P1","LD2304",-5805,-5905,-200,50,250,40,53,15,16.9811320754717,42,2,20,3,38,"Homme","SHAM",2
"409","2018-06-05 09:09:08","D02P1","LD2304",-3585,-3695,-550,160,500,38,58,10.5263157894737,22.4137931034483,85,2,20,3,38,"Homme","SHAM",2
"410","2018-06-05 09:09:08","D02P2","LD2304",-1775,-4385,-200,810,2000,42,58,19.047619047619,41.3793103448276,159,2,20,3,38,"Homme","SHAM",2
"411","2018-06-06 09:05:45","D03P1","LD2304",100,-3150,250,1000,2000,39,58,33.3333333333333,44.8275862068966,218,2,20,3,38,"Homme","SHAM",2
"412","2018-06-06 09:05:45","D03P2","LD2304",1225,-2325,400,1150,2000,41,56,26.8292682926829,58.9285714285714,122,2,20,3,38,"Homme","SHAM",2
"413","2018-06-07 09:03:19","D04P1","LD2304",2470,-2170,550,1840,2250,42,62,23.8095238095238,64.5161290322581,147,2,20,3,38,"Homme","SHAM",2
"414","2018-06-07 09:03:19","D04P2","LD2304",55,-3455,150,1360,2000,32,59,18.75,61.0169491525424,156,2,20,3,38,"Homme","SHAM",2
"415","2018-06-08 09:05:44","D05P1","LD2304",1710,-2250,650,1810,1500,37,61,32.4324324324324,67.2131147540984,92,2,20,3,38,"Homme","SHAM",2
"416","2018-06-08 09:05:44","D05P2","LD2304",1450,-2680,1350,1530,1250,41,57,41.4634146341463,63.1578947368421,91,2,20,3,38,"Homme","SHAM",2
"417","2018-06-19 09:03:38","D14P1","LD2304",540,-4090,750,1880,2000,38,62,34.2105263157895,59.6774193548387,150,2,20,3,38,"Homme","SHAM",2
"418","2018-06-19 09:03:38","D14P2","LD2304",1645,-3045,800,1890,2000,38,65,31.5789473684211,60,120,2,20,3,38,"Homme","SHAM",2
"419","2021-03-08 10:05:21","D01P1","LD2501",3110,-440,1000,1050,1500,41,54,41.4634146341463,62.962962962963,104,3,20,1,28,"Homme","STIMHD",3
"420","2021-03-09 09:59:46","D02P1","LD2501",4265,-625,1200,1690,2000,35,57,51.4285714285714,73.6842105263158,122,3,20,1,28,"Homme","STIMHD",3
"421","2021-03-09 10:10:09","D02P2","LD2501",5465,-505,2200,1770,2000,35,58,77.1428571428571,74.1379310344828,122,3,20,1,28,"Homme","STIMHD",3
"422","2021-03-10 09:50:10","D03P1","LD2501",6015,-805,2700,1120,3000,47,57,74.468085106383,61.4035087719298,169,3,20,1,28,"Homme","STIMHD",3
"423","2021-03-10 10:00:56","D03P2","LD2501",6375,-735,1800,2560,2750,39,64,61.5384615384615,79.6875,147,3,20,1,28,"Homme","STIMHD",3
"424","2021-03-11 10:02:11","D04P1","LD2501",6280,-450,1450,2030,3250,42,60,54.7619047619048,78.3333333333333,176,3,20,1,28,"Homme","STIMHD",3
"425","2021-03-11 10:13:02","D04P2","LD2501",7560,-350,2300,2110,3500,47,59,72.3404255319149,77.9661016949153,191,3,20,1,28,"Homme","STIMHD",3
"426","2021-03-12 10:00:05","D05P1","LD2501",8210,-400,2300,2310,4000,37,59,86.4864864864865,83.0508474576271,226,3,20,1,28,"Homme","STIMHD",3
"427","2021-03-12 10:11:03","D05P2","LD2501",9030,-50,2400,2430,4250,39,57,89.7435897435897,87.719298245614,237,3,20,1,28,"Homme","STIMHD",3
"428","2021-03-23 09:42:30","D14P1","LD2501",7875,-335,1450,2510,4250,35,60,71.4285714285714,85,239,3,20,1,28,"Homme","STIMHD",3
"429","2021-03-23 09:53:21","D14P2","LD2501",8975,-235,2300,1910,5000,44,57,79.5454545454545,78.9473684210526,281,3,20,1,28,"Homme","STIMHD",3
"430","2021-03-29 18:14:20","D01P1","LG0806",-3900,-5700,-400,1200,1000,39,57,7.69230769230769,50.8771929824561,61,3,16,3.5,22,"Homme","STIMHD",3
"431","2021-03-30 17:52:05","D02P1","LG0806",1070,-2370,400,2040,1000,33,64,30.3030303030303,71.875,53,3,16,3.5,22,"Homme","STIMHD",3
"432","2021-03-30 18:04:17","D02P2","LG0806",2570,-1760,1500,1830,1000,46,62,50,70.9677419354839,59,3,16,3.5,22,"Homme","STIMHD",3
"433","2021-03-31 17:59:20","D03P1","LG0806",4305,-1335,1300,2840,1500,50,68,46,83.8235294117647,84,3,16,3.5,22,"Homme","STIMHD",3
"434","2021-03-31 18:09:59","D03P2","LG0806",5115,-805,1750,2420,1750,52,65,53.8461538461538,76.9230769230769,101,3,16,3.5,22,"Homme","STIMHD",3
"435","2021-04-01 17:57:48","D04P1","LG0806",5555,-745,1750,2800,1750,38,67,68.4210526315789,85.0746268656716,102,3,16,3.5,22,"Homme","STIMHD",3
"436","2021-04-01 18:10:44","D04P2","LG0806",5885,-455,1300,2790,2250,36,66,61.1111111111111,86.3636363636364,139,3,16,3.5,22,"Homme","STIMHD",3
"437","2021-04-02 18:01:06","D05P1","LG0806",6330,-1320,2100,3050,2500,35,68,80,88.2352941176471,131,3,16,3.5,22,"Homme","STIMHD",3
"438","2021-04-02 18:13:22","D05P2","LG0806",4635,-685,1250,2070,2000,33,61,48.4848484848485,78.6885245901639,112,3,16,3.5,22,"Homme","STIMHD",3
"439","2021-04-13 17:52:56","D14P1","LG0806",6775,-735,2650,2610,2250,45,67,66.6666666666667,80.5970149253731,116,3,16,3.5,22,"Homme","STIMHD",3
"440","2021-04-13 18:04:17","D14P2","LG0806",8010,-370,2350,3280,2750,37,71,75.6756756756757,90.1408450704225,132,3,16,3.5,22,"Homme","STIMHD",3
"441","2019-10-07 12:22:19","D01P1","LL0206",6005,-985,2250,1990,2750,41,62,80.4878048780488,75.8064516129032,174,1,17,4.5,22,"Homme","STIMSD",1
"442","2019-10-08 10:00:06","D02P1","LL0206",9950,-370,3500,3070,3750,53,70,83.0188679245283,87.1428571428571,212,1,17,4.5,22,"Homme","STIMSD",1
"443","2019-10-08 10:13:19","D02P2","LL0206",7470,-910,1750,2630,4000,35,70,82.8571428571429,81.4285714285714,216,1,17,4.5,22,"Homme","STIMSD",1
"444","2019-10-09 13:35:46","D03P1","LL0206",9830,-520,2700,3150,4500,39,69,89.7435897435897,89.8550724637681,255,1,17,4.5,22,"Homme","STIMSD",1
"445","2019-10-09 13:48:18","D03P2","LL0206",10035,-935,1900,3070,6000,39,70,71.7948717948718,85.7142857142857,325,1,17,4.5,22,"Homme","STIMSD",1
"446","2019-10-10 13:22:28","D04P1","LL0206",11170,-700,2750,3120,6000,43,69,88.3720930232558,88.4057971014493,314,1,17,4.5,22,"Homme","STIMSD",1
"447","2019-10-10 13:36:48","D04P2","LL0206",10230,-820,2750,1800,6500,44,65,84.0909090909091,69.2307692307692,328,1,17,4.5,22,"Homme","STIMSD",1
"448","2019-10-11 12:16:13","D05P1","LL0206",14310,0,2400,3160,8750,38,67,86.8421052631579,94.0298507462687,444,1,17,4.5,22,"Homme","STIMSD",1
"449","2019-10-11 12:28:39","D05P2","LL0206",15990,-750,2350,3390,11000,42,70,85.7142857142857,92.8571428571429,584,1,17,4.5,22,"Homme","STIMSD",1
"450","2019-10-21 13:13:19","D14P1","LL0206",18135,-505,2250,3640,12750,37,71,94.5945945945946,97.1830985915493,676,1,17,4.5,22,"Homme","STIMSD",1
"451","2019-10-21 13:25:00","D14P2","LL0206",17290,-900,2450,3240,12500,44,71,81.8181818181818,90.1408450704225,696,1,17,4.5,22,"Homme","STIMSD",1
"463","2020-01-13 09:42:44","D01P1","LV0603",6390,-590,1150,2580,3250,43,66,67.4418604651163,81.8181818181818,168,1,15,3,24,"Homme","STIMSD",1
"464","2020-01-14 09:10:36","D02P1","LV0603",7045,-735,1100,2180,4500,44,61,65.9090909090909,80.327868852459,227,1,15,3,24,"Homme","STIMSD",1
"465","2020-01-14 09:21:51","D02P2","LV0603",7940,-400,1100,2240,5000,46,65,58.695652173913,78.4615384615385,273,1,15,3,24,"Homme","STIMSD",1
"466","2020-01-15 09:02:47","D03P1","LV0603",9170,-470,1450,2690,5500,46,66,69.5652173913043,84.8484848484848,316,1,15,3,24,"Homme","STIMSD",1
"467","2020-01-15 09:17:34","D03P2","LV0603",12140,-150,2250,2790,7250,46,71,84.7826086956522,83.0985915492958,402,1,15,3,24,"Homme","STIMSD",1
"468","2020-01-16 09:03:32","D04P1","LV0603",9960,-350,1000,2810,6500,43,69,79.0697674418605,84.0579710144928,348,1,15,3,24,"Homme","STIMSD",1
"469","2020-01-16 09:19:16","D04P2","LV0603",11770,-100,1050,2570,8250,40,65,62.5,84.6153846153846,441,1,15,3,24,"Homme","STIMSD",1
"470","2020-01-17 10:04:14","D05P1","LV0603",12875,-405,1750,3030,8500,40,68,75,89.7058823529412,459,1,15,3,24,"Homme","STIMSD",1
"471","2020-01-17 10:15:18","D05P2","LV0603",13350,-150,1500,2750,9250,42,66,71.4285714285714,86.3636363636364,515,1,15,3,24,"Homme","STIMSD",1
"472","2020-01-28 14:11:57","D14P1","LV0603",12475,-485,1150,2810,9000,38,65,71.0526315789474,84.6153846153846,491,1,15,3,24,"Homme","STIMSD",1
"473","2020-01-28 14:22:40","D14P2","LV0603",13450,-370,1850,2720,9250,38,63,81.5789473684211,87.3015873015873,490,1,15,3,24,"Homme","STIMSD",1
"474","2019-11-11 16:46:31","D01P1","ME1301",-2725,-3475,50,200,500,50,53,18,41.5094339622642,77,2,18,5.5,23,"Homme","SHAM",2
"475","2019-11-12 12:58:43","D02P1","ME1301",-80,-3040,850,1110,1000,40,57,35,54.3859649122807,93,2,18,5.5,23,"Homme","SHAM",2
"476","2019-11-12 13:11:34","D02P2","ME1301",585,-2475,650,910,1500,38,53,42.1052631578947,56.6037735849057,107,2,18,5.5,23,"Homme","SHAM",2
"477","2019-11-13 16:36:11","D03P1","ME1301",-160,-3050,550,1090,1250,36,57,38.8888888888889,54.3859649122807,106,2,18,5.5,23,"Homme","SHAM",2
"478","2019-11-13 16:50:00","D03P2","ME1301",2395,-1885,1800,980,1500,44,55,59.0909090909091,60,111,2,18,5.5,23,"Homme","SHAM",2
"479","2019-11-14 17:01:01","D04P1","ME1301",2015,-2035,1400,1150,1500,38,53,63.1578947368421,62.2641509433962,94,2,18,5.5,23,"Homme","SHAM",2
"480","2019-11-14 17:18:43","D04P2","ME1301",3425,-2355,1800,2230,1750,43,59,58.1395348837209,81.3559322033898,116,2,18,5.5,23,"Homme","SHAM",2
"481","2019-11-15 17:37:47","D05P1","ME1301",740,-4300,600,2440,2000,34,63,52.9411764705882,76.1904761904762,124,2,18,5.5,23,"Homme","SHAM",2
"482","2019-11-15 17:48:16","D05P2","ME1301",2115,-4345,1800,2160,2500,45,60,57.7777777777778,75,160,2,18,5.5,23,"Homme","SHAM",2
"483","2019-11-26 15:26:07","D14P1","ME1301",2025,-2665,150,2290,2250,33,60,39.3939393939394,78.3333333333333,155,2,18,5.5,23,"Homme","SHAM",2
"484","2019-11-26 15:37:44","D14P2","ME1301",3350,-2630,1300,2180,2500,39,61,53.8461538461538,77.0491803278689,159,2,18,5.5,23,"Homme","SHAM",2
"485","2021-03-08 14:37:09","D01P1","MH0507",1645,-1895,50,1740,1750,34,58,32.3529411764706,70.6896551724138,97,3,16,1,23,"Homme","STIMHD",3
"486","2021-03-09 14:13:22","D02P1","MH0507",1930,-2650,1150,1430,2000,46,56,43.4782608695652,64.2857142857143,120,3,16,1,23,"Homme","STIMHD",3
"487","2021-03-09 14:24:02","D02P2","MH0507",4715,-785,950,2050,2500,35,63,60,73.015873015873,135,3,16,1,23,"Homme","STIMHD",3
"488","2021-03-10 14:28:52","D03P1","MH0507",5795,-735,1450,2580,2500,41,66,58.5365853658537,80.3030303030303,141,3,16,1,23,"Homme","STIMHD",3
"489","2021-03-10 14:40:22","D03P2","MH0507",6820,-450,1450,3320,2500,40,71,67.5,90.1408450704225,128,3,16,1,23,"Homme","STIMHD",3
"490","2021-03-11 14:09:13","D04P1","MH0507",5255,-735,1000,2740,2250,44,68,56.8181818181818,80.8823529411765,119,3,16,1,23,"Homme","STIMHD",3
"491","2021-03-11 14:19:39","D04P2","MH0507",7735,-1335,1300,3020,4750,39,69,58.974358974359,86.9565217391304,257,3,16,1,23,"Homme","STIMHD",3
"492","2021-03-12 14:34:45","D05P1","MH0507",7850,-1250,1750,3100,4250,52,67,53.8461538461538,89.5522388059701,219,3,16,1,23,"Homme","STIMHD",3
"493","2021-03-12 14:45:18","D05P2","MH0507",8485,-1905,1300,2590,6500,44,66,56.8181818181818,78.7878787878788,334,3,16,1,23,"Homme","STIMHD",3
"494","2021-03-22 14:27:13","D14P1","MH0507",9800,-450,1100,2900,6250,47,67,46.8085106382979,86.5671641791045,317,3,16,1,23,"Homme","STIMHD",3
"495","2021-03-22 14:38:02","D14P2","MH0507",9365,-1635,1000,2500,7500,51,68,45.0980392156863,75,389,3,16,1,23,"Homme","STIMHD",3
"507","2021-04-26 18:16:20","D01P1","MN0802",3805,-1565,1100,2270,2000,43,64,37.2093023255814,75,116,3,15,7,21,"Homme","STIMHD",3
"508","2021-04-27 18:00:39","D02P1","MN0802",6530,-540,1350,2720,3000,42,67,47.6190476190476,85.0746268656716,170,3,15,7,21,"Homme","STIMHD",3
"509","2021-04-27 18:11:47","D02P2","MN0802",8055,-735,2150,2890,3750,47,70,59.5744680851064,84.2857142857143,215,3,15,7,21,"Homme","STIMHD",3
"510","2021-04-28 18:06:04","D03P1","MN0802",7395,-775,2650,3020,2500,39,70,84.6153846153846,85.7142857142857,148,3,15,7,21,"Homme","STIMHD",3
"511","2021-04-28 18:17:12","D03P2","MN0802",9725,-755,3200,3030,4250,45,71,84.4444444444444,85.9154929577465,237,3,15,7,21,"Homme","STIMHD",3
"512","2021-04-29 18:03:29","D04P1","MN0802",11100,-300,3100,3550,4750,42,71,90.4761904761905,94.3661971830986,251,3,15,7,21,"Homme","STIMHD",3
"513","2021-04-29 18:15:31","D04P2","MN0802",12365,-255,3450,3920,5250,48,76,87.5,96.0526315789474,287,3,15,7,21,"Homme","STIMHD",3
"514","2021-04-30 18:03:11","D05P1","MN0802",11070,-150,2600,3120,5500,40,70,85,88.5714285714286,326,3,15,7,21,"Homme","STIMHD",3
"515","2021-04-30 18:13:50","D05P2","MN0802",11580,-350,2800,3380,5750,46,73,73.9130434782609,90.4109589041096,316,3,15,7,21,"Homme","STIMHD",3
"516","2021-05-11 17:54:55","D14P1","MN0802",11540,-170,2000,3210,6500,42,70,71.4285714285714,90,337,3,15,7,21,"Homme","STIMHD",3
"517","2021-05-11 18:05:46","D14P2","MN0802",13470,-450,2300,3120,8500,45,68,75.5555555555556,88.2352941176471,450,3,15,7,21,"Homme","STIMHD",3
"518","2021-03-15 18:05:54","D01P1","MP1112",815,-785,150,-50,1500,41,50,9.75609756097561,40,84,3,15,3.5,21,"Homme","STIMHD",3
"519","2021-03-16 17:49:09","D02P1","MP1112",3070,-400,750,1220,1500,48,55,22.9166666666667,65.4545454545455,90,3,15,3.5,21,"Homme","STIMHD",3
"520","2021-03-16 17:59:40","D02P2","MP1112",5500,-220,450,2520,2750,37,61,27.027027027027,85.2459016393443,143,3,15,3.5,21,"Homme","STIMHD",3
"521","2021-03-17 17:58:19","D03P1","MP1112",4445,-735,100,2580,2500,36,66,25,80.3030303030303,131,3,15,3.5,21,"Homme","STIMHD",3
"522","2021-03-17 18:09:19","D03P2","MP1112",5200,-820,300,2720,3000,41,64,19.5121951219512,84.375,158,3,15,3.5,21,"Homme","STIMHD",3
"523","2021-03-18 17:52:10","D04P1","MP1112",6395,-485,500,2880,3500,42,65,28.5714285714286,86.1538461538462,175,3,15,3.5,21,"Homme","STIMHD",3
"524","2021-03-18 18:02:45","D04P2","MP1112",7905,-185,500,3090,4500,38,67,28.9473684210526,91.044776119403,222,3,15,3.5,21,"Homme","STIMHD",3
"525","2021-03-19 17:56:12","D05P1","MP1112",6820,-820,350,2540,4750,33,61,30.3030303030303,86.8852459016394,233,3,15,3.5,21,"Homme","STIMHD",3
"526","2021-03-19 18:06:39","D05P2","MP1112",8550,-820,900,2970,5500,40,64,32.5,89.0625,272,3,15,3.5,21,"Homme","STIMHD",3
"527","2021-03-30 15:52:31","D14P1","MP1112",8345,-985,1000,3330,5000,44,70,31.8181818181818,90,244,3,15,3.5,21,"Homme","STIMHD",3
"528","2021-03-30 16:03:09","D14P2","MP1112",8805,-1125,450,3230,6250,35,65,25.7142857142857,92.3076923076923,315,3,15,3.5,21,"Homme","STIMHD",3
"529","2019-09-30 12:55:07","D01P1","NB1309",2305,-1615,300,2620,1000,37,65,18.9189189189189,80,55,2,17,2,23,"Homme","SHAM",2
"530","2019-10-01 11:47:38","D02P1","NB1309",3830,-590,800,2370,1250,43,62,25.5813953488372,80.6451612903226,81,2,17,2,23,"Homme","SHAM",2
"531","2019-10-01 12:03:25","D02P2","NB1309",4680,-900,1150,2680,1750,46,64,34.7826086956522,81.25,115,2,17,2,23,"Homme","SHAM",2
"532","2019-10-02 12:41:12","D03P1","NB1309",5995,-435,1450,2480,2500,48,65,45.8333333333333,80,146,2,17,2,23,"Homme","SHAM",2
"533","2019-10-02 12:53:22","D03P2","NB1309",7520,-750,2600,2920,2750,47,68,63.8297872340426,85.2941176470588,172,2,17,2,23,"Homme","SHAM",2
"534","2019-10-03 12:20:59","D04P1","NB1309",8350,-450,1550,3250,4000,34,71,67.6470588235294,90.1408450704225,218,2,17,2,23,"Homme","SHAM",2
"535","2019-10-03 12:34:19","D04P2","NB1309",9270,-750,2050,3220,4750,44,68,65.9090909090909,89.7058823529412,245,2,17,2,23,"Homme","SHAM",2
"536","2019-10-04 12:45:19","D05P1","NB1309",10090,-600,2900,3290,4500,47,67,72.3404255319149,92.5373134328358,234,2,17,2,23,"Homme","SHAM",2
"537","2019-10-04 12:57:19","D05P2","NB1309",9940,-950,2400,3490,5000,38,69,81.5789473684211,94.2028985507246,259,2,17,2,23,"Homme","SHAM",2
"538","2019-10-15 11:56:48","D14P1","NB1309",10460,-1000,1550,2910,7000,41,64,65.8536585365854,85.9375,357,2,17,2,23,"Homme","SHAM",2
"539","2019-10-15 12:12:26","D14P2","NB1309",13270,-1050,2800,3020,8500,47,68,78.7234042553192,85.2941176470588,462,2,17,2,23,"Homme","SHAM",2
"540","2021-04-12 08:21:17","D01P1","NF0306",3780,-1260,1350,1690,2000,45,59,42.2222222222222,69.4915254237288,132,3,17,10,23,"Homme","STIMHD",3
"541","2021-04-13 07:55:42","D02P1","NF0306",6455,-1385,950,2640,4250,38,62,39.4736842105263,85.4838709677419,247,3,17,10,23,"Homme","STIMHD",3
"542","2021-04-13 08:06:15","D02P2","NF0306",9370,-1370,1350,2390,7000,39,62,48.7179487179487,80.6451612903226,364,3,17,10,23,"Homme","STIMHD",3
"543","2021-04-14 07:53:31","D03P1","NF0306",10450,-1550,1450,3050,7500,43,66,48.8372093023256,89.3939393939394,378,3,17,10,23,"Homme","STIMHD",3
"544","2021-04-14 08:03:59","D03P2","NF0306",9755,-1085,900,2940,7000,39,64,41.025641025641,89.0625,378,3,17,10,23,"Homme","STIMHD",3
"545","2021-04-15 07:57:16","D04P1","NF0306",10960,-1250,1700,3010,7500,36,64,63.8888888888889,89.0625,401,3,17,10,23,"Homme","STIMHD",3
"546","2021-04-15 08:07:43","D04P2","NF0306",13950,-650,1550,3300,9750,43,66,55.8139534883721,93.9393939393939,546,3,17,10,23,"Homme","STIMHD",3
"547","2021-04-16 08:18:02","D05P1","NF0306",14230,-1000,1850,3130,10250,43,68,65.1162790697674,88.2352941176471,585,3,17,10,23,"Homme","STIMHD",3
"548","2021-04-16 08:28:50","D05P2","NF0306",15730,-700,1500,3430,11500,40,68,62.5,94.1176470588235,603,3,17,10,23,"Homme","STIMHD",3
"549","2021-04-27 08:41:26","D14P1","NF0306",12940,-1000,1350,2590,10000,39,63,56.4102564102564,82.5396825396825,526,3,17,10,23,"Homme","STIMHD",3
"550","2021-04-27 08:52:23","D14P2","NF0306",14690,-1800,1750,2990,11750,42,65,64.2857142857143,87.6923076923077,626,3,17,10,23,"Homme","STIMHD",3
"551","2019-11-11 17:41:43","D01P1","PC2104",2215,-1795,1200,1810,1000,45,60,33.3333333333333,68.3333333333333,85,1,16,3.5,21,"Homme","STIMSD",1
"552","2019-11-12 17:22:38","D02P1","PC2104",3495,-1075,800,2520,1250,37,62,29.7297297297297,80.6451612903226,72,1,16,3.5,21,"Homme","STIMSD",1
"553","2019-11-12 17:35:00","D02P2","PC2104",4890,-820,1400,2560,1750,38,65,44.7368421052632,80,110,1,16,3.5,21,"Homme","STIMSD",1
"554","2019-11-13 17:07:07","D03P1","PC2104",5500,-520,1400,2870,1750,46,66,36.9565217391304,84.8484848484848,115,1,16,3.5,21,"Homme","STIMSD",1
"555","2019-11-13 17:19:29","D03P2","PC2104",5140,-1090,1050,2930,2250,35,69,40,82.6086956521739,136,1,16,3.5,21,"Homme","STIMSD",1
"556","2019-11-14 17:40:25","D04P1","PC2104",6630,-450,1300,3280,2500,40,69,45,88.4057971014493,146,1,16,3.5,21,"Homme","STIMSD",1
"557","2019-11-14 17:52:30","D04P2","PC2104",6500,-770,1450,3070,2750,42,68,50,86.7647058823529,155,1,16,3.5,21,"Homme","STIMSD",1
"558","2019-11-15 17:09:30","D05P1","PC2104",5445,-1285,1700,2530,2500,39,64,53.8461538461538,76.5625,174,1,16,3.5,21,"Homme","STIMSD",1
"559","2019-11-15 17:19:55","D05P2","PC2104",6835,-685,1000,3020,3500,36,67,44.4444444444444,85.0746268656716,206,1,16,3.5,21,"Homme","STIMSD",1
"560","2019-11-25 17:06:35","D14P1","PC2104",7460,-650,1350,3260,3500,33,70,54.5454545454545,88.5714285714286,187,1,16,3.5,21,"Homme","STIMSD",1
"561","2019-11-25 17:18:22","D14P2","PC2104",8200,-450,1500,3150,4000,41,69,51.219512195122,86.9565217391304,226,1,16,3.5,21,"Homme","STIMSD",1
"562","2019-09-30 19:23:03","D01P1","RC1907",2105,-1525,1250,380,2000,43,51,41.8604651162791,49.0196078431373,114,2,14,4,23,"Homme","SHAM",2
"563","2019-10-01 19:26:02","D02P1","RC1907",4050,-1970,1350,1920,2750,40,58,47.5,72.4137931034483,151,2,14,4,23,"Homme","SHAM",2
"564","2019-10-01 19:39:54","D02P2","RC1907",6580,-1390,1650,2570,3750,42,63,52.3809523809524,80.9523809523809,192,2,14,4,23,"Homme","SHAM",2
"565","2019-10-02 17:42:41","D03P1","RC1907",8725,-1455,2500,2680,5000,42,66,80.9523809523809,81.8181818181818,278,2,14,4,23,"Homme","SHAM",2
"566","2019-10-02 17:53:01","D03P2","RC1907",8950,-1050,1450,3050,5500,42,70,61.9047619047619,82.8571428571429,305,2,14,4,23,"Homme","SHAM",2
"567","2019-10-03 19:07:36","D04P1","RC1907",9030,-1240,1000,3020,6250,42,69,45.2380952380952,86.9565217391304,324,2,14,4,23,"Homme","SHAM",2
"568","2019-10-03 19:25:29","D04P2","RC1907",10015,-1235,2250,2750,6250,43,66,69.7674418604651,86.3636363636364,322,2,14,4,23,"Homme","SHAM",2
"569","2019-10-04 16:09:41","D05P1","RC1907",10885,-555,1950,3490,6000,38,68,68.4210526315789,95.5882352941177,314,2,14,4,23,"Homme","SHAM",2
"570","2019-10-04 16:21:07","D05P2","RC1907",10760,-820,2250,3080,6250,42,67,69.0476190476191,88.0597014925373,315,2,14,4,23,"Homme","SHAM",2
"571","2019-10-15 19:09:03","D14P1","RC1907",10195,-785,550,3180,7250,38,69,36.8421052631579,86.9565217391304,372,2,14,4,23,"Homme","SHAM",2
"572","2019-10-15 19:19:53","D14P2","RC1907",12290,-720,1750,3260,8000,43,67,60.4651162790698,94.0298507462687,406,2,14,4,23,"Homme","SHAM",2
"573","2021-03-15 14:05:38","D01P1","SA2706",-610,-1930,-500,70,1750,36,51,22.2222222222222,39.2156862745098,117,3,17,5,23,"Femme","STIMHD",3
"574","2021-03-16 13:47:05","D02P1","SA2706",2210,-1580,-50,1340,2500,43,51,25.5813953488372,70.5882352941177,144,3,17,5,23,"Femme","STIMHD",3
"575","2021-03-16 13:58:18","D02P2","SA2706",5745,-785,1700,1580,3250,46,56,63.0434782608696,71.4285714285714,181,3,17,5,23,"Femme","STIMHD",3
"576","2021-03-17 13:42:55","D03P1","SA2706",4030,-1000,1150,880,3000,42,56,59.5238095238095,55.3571428571429,168,3,17,5,23,"Femme","STIMHD",3
"577","2021-03-17 13:53:50","D03P2","SA2706",6420,-900,1700,2370,3250,44,62,68.1818181818182,82.258064516129,181,3,17,5,23,"Femme","STIMHD",3
"578","2021-03-18 13:49:07","D04P1","SA2706",6370,-400,900,1870,4000,39,60,38.4615384615385,73.3333333333333,217,3,17,5,23,"Femme","STIMHD",3
"579","2021-03-18 13:59:52","D04P2","SA2706",8325,-685,1100,2410,5500,47,64,38.2978723404255,82.8125,298,3,17,5,23,"Femme","STIMHD",3
"580","2021-03-19 13:44:37","D05P1","SA2706",10580,-1100,2200,2980,6500,42,69,73.8095238095238,84.0579710144928,323,3,17,5,23,"Femme","STIMHD",3
"581","2021-03-19 13:55:23","D05P2","SA2706",11625,-785,2850,2810,6750,49,68,73.469387755102,83.8235294117647,352,3,17,5,23,"Femme","STIMHD",3
"582","2021-03-30 12:36:24","D14P1","SA2706",11450,-1200,3000,2150,7500,50,65,76,73.8461538461538,391,3,17,5,23,"Femme","STIMHD",3
"583","2021-03-30 12:47:31","D14P2","SA2706",15990,-700,2250,2940,11500,39,66,87.1794871794872,86.3636363636364,606,3,17,5,23,"Femme","STIMHD",3
"584","2018-06-04 16:30:28","D01P1","SB2903",-390,-2290,-50,450,1500,43,53,18.6046511627907,47.1698113207547,102,1,16,1,22,"Femme","STIMSD",1
"585","2018-06-05 09:36:52","D02P1","SB2903",3080,-1050,900,1480,1750,39,58,41.025641025641,67.2413793103448,106,1,16,1,22,"Femme","STIMSD",1
"586","2018-06-05 09:36:52","D02P2","SB2903",4895,-485,1050,2080,2250,43,61,44.1860465116279,78.6885245901639,115,1,16,1,22,"Femme","STIMSD",1
"587","2018-06-06 09:37:25","D03P1","SB2903",4790,-790,800,2530,2250,41,66,36.5853658536585,80.3030303030303,144,1,16,1,22,"Femme","STIMSD",1
"588","2018-06-06 09:37:25","D03P2","SB2903",5985,-735,800,2920,3000,40,70,37.5,82.8571428571429,166,1,16,1,22,"Femme","STIMSD",1
"589","2018-06-07 09:34:41","D04P1","SB2903",7120,-350,1150,3070,3250,46,67,41.304347826087,89.5522388059701,182,1,16,1,22,"Femme","STIMSD",1
"590","2018-06-07 09:34:41","D04P2","SB2903",6940,-350,1000,3040,3250,55,68,34.5454545454545,89.7058823529412,198,1,16,1,22,"Femme","STIMSD",1
"591","2018-06-08 09:35:06","D05P1","SB2903",8210,-300,900,3110,4500,37,67,48.6486486486486,91.044776119403,239,1,16,1,22,"Femme","STIMSD",1
"592","2018-06-08 09:35:06","D05P2","SB2903",8075,-555,400,2980,5250,41,64,31.7073170731707,90.625,290,1,16,1,22,"Femme","STIMSD",1
"593","2018-06-19 09:30:43","D14P1","SB2903",7190,-1580,650,3370,4750,40,73,37.5,89.041095890411,254,1,16,1,22,"Femme","STIMSD",1
"594","2018-06-19 09:30:43","D14P2","SB2903",10340,-1090,850,3580,7000,52,74,36.5384615384615,91.8918918918919,394,1,16,1,22,"Femme","STIMSD",1
"595","2018-06-04 16:03:26","D01P1","SF2107",-1955,-3035,100,-20,1000,35,52,5.71428571428571,36.5384615384615,60,2,14,7,19,"Homme","SHAM",2
"596","2018-06-05 15:31:29","D02P1","SF2107",1985,-825,800,510,1500,47,54,23.4042553191489,50,82,2,14,7,19,"Homme","SHAM",2
"597","2018-06-05 15:31:29","D02P2","SF2107",1230,-1560,300,990,1500,46,55,10.8695652173913,58.1818181818182,90,2,14,7,19,"Homme","SHAM",2
"598","2018-06-06 15:28:09","D03P1","SF2107",2920,-430,400,950,2000,39,51,17.9487179487179,64.7058823529412,118,2,14,7,19,"Homme","SHAM",2
"599","2018-06-06 15:28:09","D03P2","SF2107",3155,-1105,750,1260,2250,46,55,23.9130434782609,65.4545454545455,129,2,14,7,19,"Homme","SHAM",2
"600","2018-06-07 15:31:11","D04P1","SF2107",3815,-705,700,1320,2500,36,53,27.7777777777778,67.9245283018868,129,2,14,7,19,"Homme","SHAM",2
"601","2018-06-07 15:31:11","D04P2","SF2107",3585,-1665,850,1650,2750,47,57,23.4042553191489,64.9122807017544,158,2,14,7,19,"Homme","SHAM",2
"602","2018-06-08 15:32:00","D05P1","SF2107",5640,-190,1400,2180,2250,40,58,42.5,84.4827586206897,118,2,14,7,19,"Homme","SHAM",2
"603","2018-06-08 15:32:00","D05P2","SF2107",4920,-740,550,2360,2750,33,60,24.2424242424242,80,149,2,14,7,19,"Homme","SHAM",2
"604","2018-06-19 15:25:54","D14P1","SF2107",2450,-1880,500,2080,1750,39,61,23.0769230769231,77.0491803278689,103,2,14,7,19,"Homme","SHAM",2
"605","2018-06-19 15:25:54","D14P2","SF2107",1005,-2615,450,920,2250,35,59,22.8571428571429,50.8474576271186,116,2,14,7,19,"Homme","SHAM",2
"606","2020-02-10 15:32:41","D01P1","SL0804",4580,-770,1700,1900,1750,35,56,57.1428571428571,75,97,1,20,5.5,28,"Homme","STIMSD",1
"607","2020-02-11 15:15:05","D02P1","SL0804",4000,-1070,2050,1020,2000,46,58,52.1739130434783,58.6206896551724,108,1,20,5.5,28,"Homme","STIMSD",1
"608","2020-02-11 15:25:38","D02P2","SL0804",6180,-400,2500,2080,2000,39,61,74.3589743589744,78.6885245901639,117,1,20,5.5,28,"Homme","STIMSD",1
"609","2020-02-12 15:07:04","D03P1","SL0804",7985,-185,3050,3120,2000,45,70,77.7777777777778,90,119,1,20,5.5,28,"Homme","STIMSD",1
"610","2020-02-12 15:17:35","D03P2","SL0804",6770,-500,2350,2670,2250,38,70,73.6842105263158,80,125,1,20,5.5,28,"Homme","STIMSD",1
"611","2020-02-13 13:11:38","D04P1","SL0804",9340,-150,3400,3340,2750,43,73,88.3720930232558,90.4109589041096,142,1,20,5.5,28,"Homme","STIMSD",1
"612","2020-02-13 13:21:59","D04P2","SL0804",10250,-300,4100,3450,3000,50,74,94,90.5405405405405,156,1,20,5.5,28,"Homme","STIMSD",1
"613","2020-02-14 15:07:46","D05P1","SL0804",8090,-450,2600,3440,2500,37,72,86.4864864864865,90.2777777777778,134,1,20,5.5,28,"Homme","STIMSD",1
"614","2020-02-14 15:18:13","D05P2","SL0804",9370,-450,3450,3370,3000,47,75,82.9787234042553,86.6666666666667,176,1,20,5.5,28,"Homme","STIMSD",1
"615","2020-02-25 14:05:46","D14P1","SL0804",8600,-450,3500,3050,2500,45,72,88.8888888888889,84.7222222222222,150,1,20,5.5,28,"Homme","STIMSD",1
"616","2020-02-25 14:16:33","D14P2","SL0804",10420,-400,4000,3820,3000,46,75,95.6521739130435,96,157,1,20,5.5,28,"Homme","STIMSD",1
"628","2021-03-29 12:12:24","D01P1","SR1210",3555,-1075,2200,430,2000,44,54,63.6363636363636,48.1481481481481,114,3,16,2,21,"Homme","STIMHD",3
"629","2021-03-30 11:50:41","D02P1","SR1210",4800,-1160,1850,1360,2750,39,55,69.2307692307692,63.6363636363636,169,3,16,2,21,"Homme","STIMHD",3
"630","2021-03-30 12:01:17","D02P2","SR1210",6565,-715,1750,780,4750,39,52,64.1025641025641,59.6153846153846,267,3,16,2,21,"Homme","STIMHD",3
"631","2021-03-31 11:47:55","D03P1","SR1210",9655,-1065,2950,3020,4750,50,64,76,92.1875,288,3,16,2,21,"Homme","STIMHD",3
"632","2021-03-31 11:58:50","D03P2","SR1210",9645,-775,2150,3020,5250,39,63,84.6153846153846,92.0634920634921,289,3,16,2,21,"Homme","STIMHD",3
"633","2021-04-01 11:48:09","D04P1","SR1210",11810,-770,2800,3280,6500,53,70,73.5849056603774,90,360,3,16,2,21,"Homme","STIMHD",3
"634","2021-04-01 11:59:06","D04P2","SR1210",10320,-420,3050,2440,5250,45,64,86.6666666666667,82.8125,314,3,16,2,21,"Homme","STIMHD",3
"635","2021-04-02 11:36:54","D05P1","SR1210",10020,-770,1900,2890,6000,43,63,79.0697674418605,90.4761904761905,325,3,16,2,21,"Homme","STIMHD",3
"636","2021-04-02 11:47:48","D05P2","SR1210",10825,-705,1850,2930,6750,40,63,85,90.4761904761905,367,3,16,2,21,"Homme","STIMHD",3
"637","2021-04-13 11:23:42","D14P1","SR1210",13840,-650,2450,3290,8750,39,71,92.3076923076923,90.1408450704225,471,3,16,2,21,"Homme","STIMHD",3
"638","2021-04-13 11:34:45","D14P2","SR1210",16890,-720,2700,3410,11500,46,69,86.9565217391304,92.7536231884058,613,3,16,2,21,"Homme","STIMHD",3
"639","2021-03-08 11:29:28","D01P1","SV2801",5410,-1230,2150,2490,2000,45,64,60,82.8125,111,3,16,7,22,"Homme","STIMHD",3
"640","2021-03-09 12:09:07","D02P1","SV2801",5595,-1405,1700,3050,2250,33,73,66.6666666666667,82.1917808219178,135,3,16,7,22,"Homme","STIMHD",3
"641","2021-03-09 12:19:35","D02P2","SV2801",7920,-1020,2250,3440,3250,47,76,63.8297872340426,86.8421052631579,172,3,16,7,22,"Homme","STIMHD",3
"642","2021-03-10 11:48:04","D03P1","SV2801",8495,-735,2200,3030,4000,49,68,59.1836734693878,89.7058823529412,218,3,16,7,22,"Homme","STIMHD",3
"643","2021-03-10 11:58:30","D03P2","SV2801",9890,-1000,2250,2890,5750,45,70,64.4444444444444,82.8571428571429,301,3,16,7,22,"Homme","STIMHD",3
"644","2021-03-11 11:38:51","D04P1","SV2801",12310,-950,1750,3510,8000,40,76,75,88.1578947368421,428,3,16,7,22,"Homme","STIMHD",3
"645","2021-03-11 11:49:15","D04P2","SV2801",11265,-1285,950,3350,8250,33,71,75.7575757575758,90.1408450704225,439,3,16,7,22,"Homme","STIMHD",3
"646","2021-03-12 12:05:50","D05P1","SV2801",12855,-735,750,3590,9250,33,73,72.7272727272727,93.1506849315068,461,3,16,7,22,"Homme","STIMHD",3
"647","2021-03-12 12:16:15","D05P2","SV2801",18625,-1085,2300,3410,14000,50,70,80,90,734,3,16,7,22,"Homme","STIMHD",3
"648","2021-03-23 11:47:38","D14P1","SV2801",18220,-650,1900,3470,13500,40,69,77.5,94.2028985507246,667,3,16,7,22,"Homme","STIMHD",3
"649","2021-03-23 11:58:00","D14P2","SV2801",19000,-950,1750,3450,14750,36,70,88.8888888888889,92.8571428571429,747,3,16,7,22,"Homme","STIMHD",3
"661","2019-10-07 16:16:45","D01P1","TB3004",1995,-1215,0,1460,1750,28,59,46.4285714285714,67.7966101694915,103,2,16,4.5,22,"Homme","SHAM",2
"662","2019-10-08 16:49:10","D02P1","TB3004",4955,-755,900,2810,2000,42,66,52.3809523809524,86.3636363636364,137,2,16,4.5,22,"Homme","SHAM",2
"663","2019-10-08 17:01:08","D02P2","TB3004",5040,-150,1550,2140,1500,49,64,59.1836734693878,78.125,99,2,16,4.5,22,"Homme","SHAM",2
"664","2019-10-09 16:16:59","D03P1","TB3004",7150,-300,2050,3150,2250,46,69,60.8695652173913,89.8550724637681,149,2,16,4.5,22,"Homme","SHAM",2
"665","2019-10-09 16:28:24","D03P2","TB3004",7535,-185,2000,2970,2750,43,68,62.7906976744186,86.7647058823529,180,2,16,4.5,22,"Homme","SHAM",2
"666","2019-10-10 16:46:01","D04P1","TB3004",7240,-100,1250,3340,2750,37,72,56.7567567567568,91.6666666666667,161,2,16,4.5,22,"Homme","SHAM",2
"667","2019-10-10 17:02:43","D04P2","TB3004",7435,-185,1050,3070,3500,43,70,44.1860465116279,88.5714285714286,216,2,16,4.5,22,"Homme","SHAM",2
"668","2019-10-11 14:39:02","D05P1","TB3004",5960,-350,350,2460,3500,42,67,35.7142857142857,80.5970149253731,207,2,16,4.5,22,"Homme","SHAM",2
"669","2019-10-11 14:50:43","D05P2","TB3004",9560,-400,250,3210,6500,41,68,34.1463414634146,92.6470588235294,370,2,16,4.5,22,"Homme","SHAM",2
"670","2019-10-21 17:05:05","D14P1","TB3004",10800,-300,1950,3150,6000,46,70,63.0434782608696,90,329,2,16,4.5,22,"Homme","SHAM",2
"671","2019-10-21 17:17:02","D14P2","TB3004",11870,-450,1650,3420,7250,49,70,48.9795918367347,94.2857142857143,401,2,16,4.5,22,"Homme","SHAM",2
"672","2020-02-10 18:26:13","D01P1","TH0605",4475,-1155,1150,1730,2750,39,63,46.1538461538462,66.6666666666667,167,2,15,6,20,"Homme","SHAM",2
"673","2020-02-11 18:00:47","D02P1","TH0605",7395,-1235,900,3230,4500,51,67,33.3333333333333,91.044776119403,220,2,15,6,20,"Homme","SHAM",2
"674","2020-02-11 18:16:53","D02P2","TH0605",8090,-1070,1050,3110,5000,31,68,51.6129032258064,88.2352941176471,251,2,15,6,20,"Homme","SHAM",2
"675","2020-02-12 18:09:21","D03P1","TH0605",6185,-2355,750,3040,4750,38,70,34.2105263157895,81.4285714285714,238,2,15,6,20,"Homme","SHAM",2
"676","2020-02-12 18:19:48","D03P2","TH0605",8670,-1820,1900,3340,5250,47,68,51.063829787234,91.1764705882353,268,2,15,6,20,"Homme","SHAM",2
"677","2020-02-13 18:11:09","D04P1","TH0605",11495,-1615,1400,3210,8500,37,69,56.7567567567568,86.9565217391304,416,2,15,6,20,"Homme","SHAM",2
"678","2020-02-13 18:21:45","D04P2","TH0605",13180,-1800,1750,3480,9750,44,68,56.8181818181818,95.5882352941177,469,2,15,6,20,"Homme","SHAM",2
"679","2020-02-14 18:09:54","D05P1","TH0605",14140,-1800,1950,2990,11000,38,70,73.6842105263158,81.4285714285714,536,2,15,6,20,"Homme","SHAM",2
"680","2020-02-14 18:20:27","D05P2","TH0605",17375,-2815,2700,3240,14250,46,71,82.6086956521739,87.3239436619718,708,2,15,6,20,"Homme","SHAM",2
"681","2020-02-25 18:09:47","D14P1","TH0605",16650,-1620,2000,3520,12750,41,73,73.1707317073171,90.4109589041096,636,2,15,6,20,"Homme","SHAM",2
"682","2020-02-25 18:20:18","D14P2","TH0605",18625,-1205,2200,3130,14500,44,71,79.5454545454545,85.9154929577465,736,2,15,6,20,"Homme","SHAM",2
"683","2019-10-07 18:36:30","D01P1","TS2305",-350,-1100,200,-1450,2000,47,45,12.7659574468085,8.88888888888889,120,2,16,3.5,22,"Homme","SHAM",2
"684","2019-10-08 18:05:25","D02P1","TS2305",4490,-510,750,1750,2500,46,56,26.0869565217391,76.7857142857143,134,2,16,3.5,22,"Homme","SHAM",2
"685","2019-10-08 18:16:30","D02P2","TS2305",4565,-925,600,2140,2750,38,63,26.3157894736842,74.6031746031746,145,2,16,3.5,22,"Homme","SHAM",2
"686","2019-10-09 17:56:52","D03P1","TS2305",4390,-1210,600,1500,3500,42,56,26.1904761904762,67.8571428571429,189,2,16,3.5,22,"Homme","SHAM",2
"687","2019-10-09 18:12:03","D03P2","TS2305",6020,-1070,1300,1540,4250,37,57,48.6486486486486,70.1754385964912,233,2,16,3.5,22,"Homme","SHAM",2
"688","2019-10-10 16:15:27","D04P1","TS2305",7075,-1235,1600,2460,4250,47,64,44.6808510638298,81.25,225,2,16,3.5,22,"Homme","SHAM",2
"689","2019-10-10 16:26:51","D04P2","TS2305",7640,-770,1400,2510,4500,49,63,36.734693877551,82.5396825396825,237,2,16,3.5,22,"Homme","SHAM",2
"690","2019-10-11 16:13:11","D05P1","TS2305",10215,-185,2250,3650,4500,42,70,69.0476190476191,98.5714285714286,231,2,16,3.5,22,"Homme","SHAM",2
"691","2019-10-11 16:26:31","D05P2","TS2305",9970,-1070,1700,3090,6250,43,70,58.1395348837209,87.1428571428571,335,2,16,3.5,22,"Homme","SHAM",2
"692","2019-10-21 18:05:34","D14P1","TS2305",9865,-335,2150,2550,5500,49,62,57.1428571428571,87.0967741935484,283,2,16,3.5,22,"Homme","SHAM",2
"693","2019-10-21 18:19:12","D14P2","TS2305",8565,-1705,2550,2970,4750,46,66,71.7391304347826,87.8787878787879,244,2,16,3.5,22,"Homme","SHAM",2
"694","2021-05-03 18:29:24","D01P1","TT2010",4460,-650,750,1860,2500,42,59,28.5714285714286,72.8813559322034,159,3,14,5,20,"Homme","STIMHD",3
"695","2021-05-04 18:08:44","D02P1","TT2010",6170,-490,1200,2710,2750,38,62,44.7368421052632,88.7096774193548,168,3,14,5,20,"Homme","STIMHD",3
"696","2021-05-04 18:19:53","D02P2","TT2010",7880,-650,1450,3080,4000,41,70,48.780487804878,84.2857142857143,222,3,14,5,20,"Homme","STIMHD",3
"697","2021-05-05 17:57:28","D03P1","TT2010",11570,-600,2300,3620,6250,42,73,69.0476190476191,91.7808219178082,329,3,14,5,20,"Homme","STIMHD",3
"698","2021-05-05 18:08:57","D03P2","TT2010",13600,-1550,2250,3150,9750,39,70,74.3589743589744,85.7142857142857,503,3,14,5,20,"Homme","STIMHD",3
"699","2021-05-06 17:59:16","D04P1","TT2010",15660,-400,3450,3610,9000,47,73,89.3617021276596,93.1506849315068,476,3,14,5,20,"Homme","STIMHD",3
"700","2021-05-06 18:10:13","D04P2","TT2010",14830,-600,1400,3030,11000,32,67,71.875,88.0597014925373,534,3,14,5,20,"Homme","STIMHD",3
"701","2021-05-07 18:07:09","D05P1","TT2010",15160,-650,1650,3410,10750,38,73,68.4210526315789,89.041095890411,560,3,14,5,20,"Homme","STIMHD",3
"702","2021-05-07 18:18:07","D05P2","TT2010",19470,-650,2050,3570,14500,46,70,71.7391304347826,95.7142857142857,715,3,14,5,20,"Homme","STIMHD",3
"703","2021-05-18 18:00:25","D14P1","TT2010",16890,-600,1300,3690,12500,31,72,80.6451612903226,94.4444444444444,643,3,14,5,20,"Homme","STIMHD",3
"704","2021-05-18 18:11:06","D14P2","TT2010",20040,-350,1750,3890,14750,36,74,91.6666666666667,95.945945945946,723,3,14,5,20,"Homme","STIMHD",3
"705","2019-09-30 18:26:54","D01P1","VL1401",3910,-220,800,1330,2000,46,56,30.4347826086957,67.8571428571429,112,1,17,5,23,"Homme","STIMSD",1
"706","2019-10-01 18:51:03","D02P1","VL1401",5710,-100,700,2110,3000,32,61,37.5,80.327868852459,177,1,17,5,23,"Homme","STIMSD",1
"707","2019-10-01 19:01:47","D02P2","VL1401",7200,-300,750,2000,4750,44,63,29.5454545454545,76.1904761904762,248,1,17,5,23,"Homme","STIMSD",1
"708","2019-10-02 18:14:01","D03P1","VL1401",8470,-700,550,2370,6250,48,61,22.9166666666667,81.9672131147541,336,1,17,5,23,"Homme","STIMSD",1
"709","2019-10-02 18:24:29","D03P2","VL1401",12230,-600,950,2380,9500,42,62,42.8571428571429,80.6451612903226,518,1,17,5,23,"Homme","STIMSD",1
"710","2019-10-03 18:40:19","D04P1","VL1401",14040,-1050,700,2390,12000,47,61,34.0425531914894,77.0491803278689,677,1,17,5,23,"Homme","STIMSD",1
"711","2019-10-03 18:50:45","D04P2","VL1401",14405,-985,1350,2790,11250,42,64,57.1428571428571,87.5,695,1,17,5,23,"Homme","STIMSD",1
"712","2019-10-04 17:36:40","D05P1","VL1401",16040,-1050,1300,3040,12750,40,69,62.5,85.5072463768116,763,1,17,5,23,"Homme","STIMSD",1
"713","2019-10-04 17:48:34","D05P2","VL1401",18940,-650,1100,3240,15250,42,67,57.1428571428571,94.0298507462687,892,1,17,5,23,"Homme","STIMSD",1
"714","2019-10-15 18:39:26","D14P1","VL1401",15510,-1370,900,2230,13750,41,64,56.0975609756098,73.4375,851,1,17,5,23,"Homme","STIMSD",1
"715","2019-10-15 18:51:48","D14P2","VL1401",16995,-1635,850,2780,15000,48,64,54.1666666666667,84.375,933,1,17,5,23,"Homme","STIMSD",1
"716","2021-03-29 10:53:41","D01P1","VL1404",3590,-350,1050,1890,1000,44,59,34.0909090909091,74.5762711864407,75,3,17,2.5,34,"Homme","STIMHD",3
"717","2021-03-30 10:17:17","D02P1","VL1404",2810,-1420,350,1880,2000,47,63,21.2765957446809,68.2539682539683,132,3,17,2.5,34,"Homme","STIMHD",3
"718","2021-03-30 10:28:46","D02P2","VL1404",4710,-750,350,2860,2250,29,71,31.0344827586207,81.6901408450704,124,3,17,2.5,34,"Homme","STIMHD",3
"719","2021-03-31 09:41:49","D03P1","VL1404",6015,-685,950,3000,2750,44,67,36.3636363636364,86.5671641791045,165,3,17,2.5,34,"Homme","STIMHD",3
"720","2021-03-31 09:53:18","D03P2","VL1404",6020,-450,1050,2920,2500,40,70,40,85.7142857142857,135,3,17,2.5,34,"Homme","STIMHD",3
"721","2021-04-01 10:15:18","D04P1","VL1404",5690,-400,200,3140,2750,45,73,20,86.3013698630137,145,3,17,2.5,34,"Homme","STIMHD",3
"722","2021-04-01 10:26:18","D04P2","VL1404",6120,-150,650,2870,2750,38,70,47.3684210526316,85.7142857142857,162,3,17,2.5,34,"Homme","STIMHD",3
"723","2021-04-02 14:01:57","D05P1","VL1404",7855,-435,1150,3140,4000,47,71,57.4468085106383,87.3239436619718,218,3,17,2.5,34,"Homme","STIMHD",3
"724","2021-04-02 14:12:58","D05P2","VL1404",6910,-220,-50,3180,4000,33,74,45.4545454545455,87.8378378378378,219,3,17,2.5,34,"Homme","STIMHD",3
"725","2021-04-13 10:21:06","D14P1","VL1404",8350,-400,1450,3300,4000,54,74,61.1111111111111,87.8378378378378,207,3,17,2.5,34,"Homme","STIMHD",3
"726","2021-04-13 10:32:41","D14P2","VL1404",9100,-450,900,3150,5500,39,72,74.3589743589744,86.1111111111111,292,3,17,2.5,34,"Homme","STIMHD",3
"727","2021-03-22 11:29:50","D01P1","VM3004",5800,-1480,1750,3280,2250,50,72,60,84.7222222222222,133,3,12,10,29,"Homme","STIMHD",3
"728","2021-03-23 11:00:07","D02P1","VM3004",8745,-755,3750,3250,2500,49,70,83.6734693877551,90,140,3,12,10,29,"Homme","STIMHD",3
"729","2021-03-23 11:11:09","D02P2","VM3004",8930,-1050,2900,3580,3500,43,76,76.7441860465116,89.4736842105263,183,3,12,10,29,"Homme","STIMHD",3
"730","2021-03-24 10:58:32","D03P1","VM3004",10450,-600,2950,3850,4250,43,78,79.0697674418605,92.3076923076923,234,3,12,10,29,"Homme","STIMHD",3
"731","2021-03-24 11:09:14","D03P2","VM3004",14130,-100,4050,3930,6250,50,75,92,97.3333333333333,330,3,12,10,29,"Homme","STIMHD",3
"732","2021-03-25 09:37:40","D04P1","VM3004",9125,-1355,2000,2480,6000,36,63,75,80.9523809523809,311,3,12,10,29,"Homme","STIMHD",3
"733","2021-03-25 09:50:06","D04P2","VM3004",12880,-1120,1850,3150,9000,41,65,65.8536585365854,90.7692307692308,468,3,12,10,29,"Homme","STIMHD",3
"734","2021-03-26 10:51:25","D05P1","VM3004",16820,-600,2050,3620,11750,39,70,82.0512820512821,97.1428571428571,605,3,12,10,29,"Homme","STIMHD",3
"735","2021-03-26 11:02:31","D05P2","VM3004",18520,-150,2750,3670,12250,45,71,84.4444444444444,95.7746478873239,644,3,12,10,29,"Homme","STIMHD",3
"736","2021-04-06 08:58:43","D14P1","VM3004",16490,-1000,2500,3240,11750,46,70,82.6086956521739,90,615,3,12,10,29,"Homme","STIMHD",3
"737","2021-04-06 09:09:13","D14P2","VM3004",20510,-400,2350,3560,15000,39,71,89.7435897435897,95.7746478873239,773,3,12,10,29,"Homme","STIMHD",3
"738","2019-10-07 08:40:19","D01P1","YC1703",4110,-1630,1400,2340,2000,47,62,40.4255319148936,79.0322580645161,116,1,17,6,21,"Homme","STIMSD",1
"739","2019-10-08 08:26:30","D02P1","YC1703",7875,-865,1900,3590,3250,42,71,54.7619047619048,94.3661971830986,185,1,17,6,21,"Homme","STIMSD",1
"740","2019-10-08 08:42:23","D02P2","YC1703",7320,-860,1700,3480,3000,38,72,60.5263157894737,91.6666666666667,175,1,17,6,21,"Homme","STIMSD",1
"741","2019-10-09 15:03:52","D03P1","YC1703",6480,-840,1300,3020,3000,38,68,50,88.2352941176471,200,1,17,6,21,"Homme","STIMSD",1
"742","2019-10-09 15:17:27","D03P2","YC1703",9180,-470,2950,2950,3750,46,70,78.2608695652174,85.7142857142857,212,1,17,6,21,"Homme","STIMSD",1
"743","2019-10-10 08:26:38","D04P1","YC1703",8445,-755,1750,3700,3750,37,76,67.5675675675676,93.4210526315789,216,1,17,6,21,"Homme","STIMSD",1
"744","2019-10-10 08:39:27","D04P2","YC1703",8590,-470,2100,3210,3750,32,70,90.625,91.4285714285714,205,1,17,6,21,"Homme","STIMSD",1
"745","2019-10-11 08:23:54","D05P1","YC1703",8435,-635,1350,3220,4500,37,73,54.0540540540541,86.3013698630137,238,1,17,6,21,"Homme","STIMSD",1
"746","2019-10-11 08:35:52","D05P2","YC1703",11710,-100,2400,3660,5750,44,76,75,93.4210526315789,316,1,17,6,21,"Homme","STIMSD",1
"747","2019-10-21 08:32:21","D14P1","YC1703",11340,-100,2150,3790,5500,40,74,70,97.2972972972973,304,1,17,6,21,"Homme","STIMSD",1
"748","2019-10-21 08:43:24","D14P2","YC1703",12380,-790,2400,3270,7500,38,73,84.2105263157895,87.6712328767123,429,1,17,6,21,"Homme","STIMSD",1
