"","Date","Session","Pseudo","TotalScore","Flight","Bonus","Mine","Fortress","Treatment","NET","GameLevel","Age","Genre","Group","BlindGroup"
"1","2018-06-04 13:51:49","D01P1","AC2302",2710,-790,600,900,2000,2,17,9,24,"Homme","SHAM",2
"2","2018-06-05 12:31:19","D02P1","AC2302",5060,-610,2600,1070,2000,2,17,9,24,"Homme","SHAM",2
"3","2018-06-05 12:31:19","D02P2","AC2302",8305,-335,1750,3390,3500,2,17,9,24,"Homme","SHAM",2
"4","2018-06-06 12:38:01","D03P1","AC2302",9800,-100,1450,2950,5500,2,17,9,24,"Homme","SHAM",2
"5","2018-06-06 12:38:01","D03P2","AC2302",12255,-185,2350,3340,6750,2,17,9,24,"Homme","SHAM",2
"6","2018-06-07 12:40:09","D04P1","AC2302",12940,-100,1950,3340,7750,2,17,9,24,"Homme","SHAM",2
"7","2018-06-07 12:40:09","D04P2","AC2302",15720,-50,2100,3670,10000,2,17,9,24,"Homme","SHAM",2
"8","2018-06-08 12:39:56","D05P1","AC2302",15370,-350,1200,3270,11250,2,17,9,24,"Homme","SHAM",2
"9","2018-06-08 12:39:56","D05P2","AC2302",18790,-350,1400,3240,14500,2,17,9,24,"Homme","SHAM",2
"10","2018-06-19 12:42:06","D14P1","AC2302",18855,-985,1400,3690,14750,2,17,9,24,"Homme","SHAM",2
"11","2018-06-19 12:42:06","D14P2","AC2302",21610,-950,1750,3560,17250,2,17,9,24,"Homme","SHAM",2
"12","2021-03-15 16:26:51","D01P1","AF1105",2900,-1320,650,2320,1250,3,17,1,26,"Homme","STIMHD",3
"13","2021-03-16 15:53:20","D02P1","AF1105",3855,-555,350,2560,1500,3,17,1,26,"Homme","STIMHD",3
"14","2021-03-16 16:04:01","D02P2","AF1105",4755,-1055,400,2160,3250,3,17,1,26,"Homme","STIMHD",3
"15","2021-03-17 15:46:00","D03P1","AF1105",4425,-1035,700,2510,2250,3,17,1,26,"Homme","STIMHD",3
"16","2021-03-17 15:56:43","D03P2","AF1105",6565,-685,1000,2750,3500,3,17,1,26,"Homme","STIMHD",3
"17","2021-03-18 15:53:32","D04P1","AF1105",3350,-1770,800,1820,2500,3,17,1,26,"Homme","STIMHD",3
"18","2021-03-18 16:03:56","D04P2","AF1105",1985,-2585,200,1370,3000,3,17,1,26,"Homme","STIMHD",3
"19","2021-03-19 15:42:38","D05P1","AF1105",4640,-820,1750,1210,2500,3,17,1,26,"Homme","STIMHD",3
"20","2021-03-19 15:53:21","D05P2","AF1105",4360,-670,350,1930,2750,3,17,1,26,"Homme","STIMHD",3
"21","2021-03-30 14:46:23","D14P1","AF1105",4655,-685,1150,1690,2500,3,17,1,26,"Homme","STIMHD",3
"22","2021-03-30 14:57:38","D14P2","AF1105",6870,-1070,-50,2490,5500,3,17,1,26,"Homme","STIMHD",3
"23","2019-11-18 19:46:10","D01P1","AL2409",3715,-825,700,2590,1250,2,16,6,20,"Homme","SHAM",2
"24","2019-11-19 18:00:08","D02P1","AL2409",6990,-190,2000,2930,2250,2,16,6,20,"Homme","SHAM",2
"25","2019-11-19 18:12:51","D02P2","AL2409",6760,-670,1800,3130,2500,2,16,6,20,"Homme","SHAM",2
"26","2019-11-20 17:03:16","D03P1","AL2409",8230,-150,2150,3730,2500,2,16,6,20,"Homme","SHAM",2
"27","2019-11-20 17:15:19","D03P2","AL2409",8550,-350,2800,3350,2750,2,16,6,20,"Homme","SHAM",2
"28","2019-11-21 15:08:03","D04P1","AL2409",10090,-100,3200,3740,3250,2,16,6,20,"Homme","SHAM",2
"29","2019-11-21 15:19:17","D04P2","AL2409",9970,-150,2700,3920,3500,2,16,6,20,"Homme","SHAM",2
"30","2019-11-22 18:32:35","D05P1","AL2409",8960,-400,2150,3710,3500,2,16,6,20,"Homme","SHAM",2
"31","2019-11-22 18:45:08","D05P2","AL2409",10090,-300,2750,4140,3500,2,16,6,20,"Homme","SHAM",2
"32","2019-12-02 19:41:12","D14P1","AL2409",10200,-350,2900,4150,3500,2,16,6,20,"Homme","SHAM",2
"33","2019-12-02 19:52:31","D14P2","AL2409",10570,-400,2650,3820,4500,2,16,6,20,"Homme","SHAM",2
"34","2019-12-02 07:37:56","D01P1","AR1208",2425,-2955,1200,2430,1750,1,14,3.5,19,"Femme","STIMSD",1
"35","2019-12-03 07:12:58","D02P1","AR1208",3100,-1810,1250,1910,1750,1,14,3.5,19,"Femme","STIMSD",1
"36","2019-12-03 07:30:03","D02P2","AR1208",2430,-2850,1250,2030,2000,1,14,3.5,19,"Femme","STIMSD",1
"37","2019-12-04 07:21:21","D03P1","AR1208",5385,-1585,1750,2970,2250,1,14,3.5,19,"Femme","STIMSD",1
"38","2019-12-04 07:34:21","D03P2","AR1208",5380,-1210,1650,2440,2500,1,14,3.5,19,"Femme","STIMSD",1
"39","2019-12-05 07:22:49","D04P1","AR1208",6090,-770,2100,2760,2000,1,14,3.5,19,"Femme","STIMSD",1
"40","2019-12-05 07:39:47","D04P2","AR1208",6975,-1105,2750,3080,2250,1,14,3.5,19,"Femme","STIMSD",1
"41","2019-12-06 07:24:29","D05P1","AR1208",7725,-805,2950,2830,2750,1,14,3.5,19,"Femme","STIMSD",1
"42","2019-12-06 07:34:50","D05P2","AR1208",7115,-1055,2350,2820,3000,1,14,3.5,19,"Femme","STIMSD",1
"43","2019-12-18 07:24:10","D14P1","AR1208",8140,-350,2800,2940,2750,1,14,3.5,19,"Femme","STIMSD",1
"44","2019-12-18 07:36:39","D14P2","AR1208",7495,-1355,2350,3000,3500,1,14,3.5,19,"Femme","STIMSD",1
"45","2018-06-04 17:55:12","D01P1","AS0808",5425,-645,1600,2970,1500,1,16,6,21,"Homme","STIMSD",1
"46","2018-06-05 10:03:20","D02P1","AS0808",6530,-720,1950,3050,2250,1,16,6,21,"Homme","STIMSD",1
"47","2018-06-05 10:03:20","D02P2","AS0808",6360,-720,1950,2630,2500,1,16,6,21,"Homme","STIMSD",1
"48","2018-06-06 10:05:54","D03P1","AS0808",7655,-805,2550,2910,3000,1,16,6,21,"Homme","STIMSD",1
"49","2018-06-06 10:05:54","D03P2","AS0808",8845,-355,2950,3500,2750,1,16,6,21,"Homme","STIMSD",1
"50","2018-06-07 10:05:43","D04P1","AS0808",8525,-135,1700,3710,3250,1,16,6,21,"Homme","STIMSD",1
"51","2018-06-07 10:05:43","D04P2","AS0808",10680,-450,2150,3230,5750,1,16,6,21,"Homme","STIMSD",1
"52","2018-06-08 10:04:00","D05P1","AS0808",10415,-485,2450,3700,4750,1,16,6,21,"Homme","STIMSD",1
"53","2018-06-08 10:04:00","D05P2","AS0808",11830,-570,2550,3600,6250,1,16,6,21,"Homme","STIMSD",1
"54","2018-06-19 10:08:22","D14P1","AS0808",9950,-770,2350,3620,4750,1,16,6,21,"Homme","STIMSD",1
"55","2018-06-19 10:08:22","D14P2","AS0808",10290,-650,1950,3490,5500,1,16,6,21,"Homme","STIMSD",1
"56","2019-12-02 17:12:59","D01P1","BM0103",4690,-680,1600,1770,2000,1,17,4.5,23,"Homme","STIMSD",1
"57","2019-12-03 17:55:35","D02P1","BM0103",5460,-590,2150,1650,2250,1,17,4.5,23,"Homme","STIMSD",1
"58","2019-12-03 18:06:43","D02P2","BM0103",6955,-255,2250,2210,2750,1,17,4.5,23,"Homme","STIMSD",1
"59","2019-12-04 17:24:06","D03P1","BM0103",9140,-470,3700,2910,3000,1,17,4.5,23,"Homme","STIMSD",1
"60","2019-12-04 17:37:40","D03P2","BM0103",9115,-335,2350,3100,4000,1,17,4.5,23,"Homme","STIMSD",1
"61","2019-12-05 17:23:10","D04P1","BM0103",10470,-450,2850,3320,4750,1,17,4.5,23,"Homme","STIMSD",1
"62","2019-12-05 17:34:59","D04P2","BM0103",11710,-300,3300,3460,5250,1,17,4.5,23,"Homme","STIMSD",1
"63","2019-12-06 16:44:55","D05P1","BM0103",10860,-600,2700,3760,5000,1,17,4.5,23,"Homme","STIMSD",1
"64","2019-12-06 16:56:25","D05P2","BM0103",10960,-650,1300,3310,7000,1,17,4.5,23,"Homme","STIMSD",1
"65","2019-12-17 16:09:52","D14P1","BM0103",13350,-350,2850,3100,7750,1,17,4.5,23,"Homme","STIMSD",1
"66","2019-12-17 16:23:14","D14P2","BM0103",15410,-450,2600,4010,9250,1,17,4.5,23,"Homme","STIMSD",1
"67","2021-03-01 11:40:22","D01P1","BS1410",-1820,-3400,200,880,500,2,20,3,29,"Femme","SHAM",2
"68","2021-03-02 11:12:52","D02P1","BS1410",2640,-1260,250,2650,1000,2,20,3,29,"Femme","SHAM",2
"69","2021-03-02 11:23:41","D02P2","BS1410",950,-2420,200,2420,750,2,20,3,29,"Femme","SHAM",2
"70","2021-03-03 11:16:54","D03P1","BS1410",2150,-1480,150,2480,1000,2,20,3,29,"Femme","SHAM",2
"71","2021-03-03 11:27:31","D03P2","BS1410",4525,-185,600,2860,1250,2,20,3,29,"Femme","SHAM",2
"72","2021-03-04 11:25:12","D04P1","BS1410",4650,-900,600,3450,1500,2,20,3,29,"Femme","SHAM",2
"73","2021-03-04 11:36:04","D04P2","BS1410",4335,-935,800,3220,1250,2,20,3,29,"Femme","SHAM",2
"74","2021-03-05 11:14:29","D05P1","BS1410",4470,-750,850,2620,1750,2,20,3,29,"Femme","SHAM",2
"75","2021-03-05 11:25:27","D05P2","BS1410",7070,-150,1750,2970,2500,2,20,3,29,"Femme","SHAM",2
"76","2021-03-16 11:01:56","D14P1","BS1410",5680,-600,1050,3230,2000,2,20,3,29,"Femme","SHAM",2
"77","2021-03-16 11:12:41","D14P2","BS1410",5735,-685,1150,3020,2250,2,20,3,29,"Femme","SHAM",2
"78","2019-10-07 08:06:58","D01P1","CA2209",-1525,-4065,450,1090,1000,2,16,2,22,"Femme","SHAM",2
"79","2019-10-08 07:58:49","D02P1","CA2209",1005,-2635,450,1940,1250,2,16,2,22,"Femme","SHAM",2
"80","2019-10-08 08:10:17","D02P2","CA2209",3385,-1005,850,2540,1000,2,16,2,22,"Femme","SHAM",2
"81","2019-10-09 07:59:10","D03P1","CA2209",4005,-755,700,2560,1500,2,16,2,22,"Femme","SHAM",2
"82","2019-10-09 08:11:32","D03P2","CA2209",2560,-1230,300,1740,1750,2,16,2,22,"Femme","SHAM",2
"83","2019-10-10 07:58:07","D04P1","CA2209",4515,-805,600,2470,2250,2,16,2,22,"Femme","SHAM",2
"84","2019-10-10 08:11:48","D04P2","CA2209",4100,-1210,900,2160,2250,2,16,2,22,"Femme","SHAM",2
"85","2019-10-11 07:52:51","D05P1","CA2209",5780,-470,500,2750,3000,2,16,2,22,"Femme","SHAM",2
"86","2019-10-11 08:06:42","D05P2","CA2209",6555,-1095,750,2650,4250,2,16,2,22,"Femme","SHAM",2
"87","2019-10-21 08:04:00","D14P1","CA2209",7035,-1145,2000,2930,3250,2,16,2,22,"Femme","SHAM",2
"88","2019-10-21 08:15:30","D14P2","CA2209",4260,-2190,1100,2350,3000,2,16,2,22,"Femme","SHAM",2
"89","2020-01-13 07:35:18","D01P1","CB1706",6440,-740,1250,2680,3250,1,15,4,19,"Homme","STIMSD",1
"90","2020-01-14 07:18:40","D02P1","CB1706",7945,-635,2100,2730,3750,1,15,4,19,"Homme","STIMSD",1
"91","2020-01-14 07:31:04","D02P2","CB1706",9605,-385,2300,3440,4250,1,15,4,19,"Homme","STIMSD",1
"92","2020-01-15 07:14:13","D03P1","CB1706",9070,-50,1550,3320,4250,1,15,4,19,"Homme","STIMSD",1
"93","2020-01-15 07:28:50","D03P2","CB1706",9260,-450,2300,3160,4250,1,15,4,19,"Homme","STIMSD",1
"94","2020-01-16 07:18:52","D04P1","CB1706",10020,-300,1450,3620,5250,1,15,4,19,"Homme","STIMSD",1
"95","2020-01-16 07:33:11","D04P2","CB1706",10295,-485,1050,3730,6000,1,15,4,19,"Homme","STIMSD",1
"96","2020-01-17 12:04:18","D05P1","CB1706",11195,-485,1950,3730,6000,1,15,4,19,"Homme","STIMSD",1
"97","2020-01-17 12:15:40","D05P2","CB1706",10225,-835,1550,2760,6750,1,15,4,19,"Homme","STIMSD",1
"98","2020-01-28 07:18:05","D14P1","CB1706",12170,-350,1600,3920,7000,1,15,4,19,"Homme","STIMSD",1
"99","2020-01-28 07:31:45","D14P2","CB1706",13280,-100,1650,3730,8000,1,15,4,19,"Homme","STIMSD",1
"100","2019-11-18 19:03:23","D01P1","CB2708",760,-2250,1100,660,1250,1,14,5.5,19,"Homme","STIMSD",1
"101","2019-11-19 19:08:39","D02P1","CB2708",1570,-3270,1450,1140,2250,1,14,5.5,19,"Homme","STIMSD",1
"102","2019-11-19 19:21:40","D02P2","CB2708",3315,-2245,1550,1260,2750,1,14,5.5,19,"Homme","STIMSD",1
"103","2019-11-20 13:33:08","D03P1","CB2708",4855,-1705,2100,1960,2500,1,14,5.5,19,"Homme","STIMSD",1
"104","2019-11-20 13:49:53","D03P2","CB2708",3780,-2780,1750,1560,3250,1,14,5.5,19,"Homme","STIMSD",1
"105","2019-11-21 18:36:08","D04P1","CB2708",6180,-980,2350,1810,3000,1,14,5.5,19,"Homme","STIMSD",1
"106","2019-11-21 18:52:31","D04P2","CB2708",5935,-1435,2000,1870,3500,1,14,5.5,19,"Homme","STIMSD",1
"107","2019-11-22 19:01:21","D05P1","CB2708",7280,-1300,2350,2480,3750,1,14,5.5,19,"Homme","STIMSD",1
"108","2019-11-22 19:11:47","D05P2","CB2708",7920,-1120,1200,2840,5000,1,14,5.5,19,"Homme","STIMSD",1
"109","2019-12-03 18:34:45","D14P1","CB2708",7855,-1175,1950,2330,4750,1,14,5.5,19,"Homme","STIMSD",1
"110","2019-12-03 18:47:01","D14P2","CB2708",8375,-1585,1950,2510,5500,1,14,5.5,19,"Homme","STIMSD",1
"111","2021-03-22 17:20:04","D01P1","CD1003",2110,-2180,700,1590,2000,3,17,6,24,"Homme","STIMHD",3
"112","2021-03-23 14:01:31","D02P1","CD1003",4525,-1135,850,2060,2750,3,17,6,24,"Homme","STIMHD",3
"113","2021-03-23 14:12:13","D02P2","CD1003",6270,-1320,1150,2190,4250,3,17,6,24,"Homme","STIMHD",3
"114","2021-03-24 12:45:57","D03P1","CD1003",5090,-1310,900,2250,3250,3,17,6,24,"Homme","STIMHD",3
"115","2021-03-24 12:57:09","D03P2","CD1003",6950,-1400,950,1900,5500,3,17,6,24,"Homme","STIMHD",3
"116","2021-03-25 13:01:00","D04P1","CD1003",8720,-1230,1000,2700,6250,3,17,6,24,"Homme","STIMHD",3
"117","2021-03-25 13:11:27","D04P2","CD1003",9940,-1360,1200,2350,7750,3,17,6,24,"Homme","STIMHD",3
"118","2021-03-26 12:35:21","D05P1","CD1003",11180,-1050,1300,2430,8500,3,17,6,24,"Homme","STIMHD",3
"119","2021-03-26 12:45:48","D05P2","CD1003",10930,-1290,1300,1670,9250,3,17,6,24,"Homme","STIMHD",3
"120","2021-04-07 11:29:00","D14P1","CD1003",12680,-490,1300,2370,9500,3,17,6,24,"Homme","STIMHD",3
"121","2021-04-07 11:39:42","D14P2","CD1003",13770,-850,1450,2670,10500,3,17,6,24,"Homme","STIMHD",3
"133","2019-11-18 20:35:17","D01P1","CJ1906",3060,-1240,500,2050,1750,1,16,2.5,21,"Homme","STIMSD",1
"134","2019-11-19 18:38:37","D02P1","CJ1906",4280,-820,300,2300,2500,1,16,2.5,21,"Homme","STIMSD",1
"135","2019-11-19 18:50:14","D02P2","CJ1906",5765,-735,550,1950,4000,1,16,2.5,21,"Homme","STIMSD",1
"136","2019-11-20 18:45:54","D03P1","CJ1906",8330,-600,1150,2780,5000,1,16,2.5,21,"Homme","STIMSD",1
"137","2019-11-20 18:56:44","D03P2","CJ1906",10225,-435,650,3010,7000,1,16,2.5,21,"Homme","STIMSD",1
"138","2019-11-21 17:09:16","D04P1","CJ1906",11910,-1050,900,2810,9250,1,16,2.5,21,"Homme","STIMSD",1
"139","2019-11-21 17:24:40","D04P2","CJ1906",10920,-750,850,2820,8000,1,16,2.5,21,"Homme","STIMSD",1
"140","2019-11-22 17:38:32","D05P1","CJ1906",12590,-2250,700,3140,11000,1,16,2.5,21,"Homme","STIMSD",1
"141","2019-11-22 17:49:57","D05P2","CJ1906",11650,-2100,900,2850,10000,1,16,2.5,21,"Homme","STIMSD",1
"142","2019-12-03 17:12:09","D14P1","CJ1906",12860,-1600,1050,2910,10500,1,16,2.5,21,"Homme","STIMSD",1
"143","2019-12-03 17:23:19","D14P2","CJ1906",11410,-1850,1150,2860,9250,1,16,2.5,21,"Homme","STIMSD",1
"144","2019-11-18 12:30:51","D01P1","CO1106",1860,-750,100,1510,1000,2,16,2,22,"Homme","SHAM",2
"145","2019-11-19 12:13:30","D02P1","CO1106",1325,-785,0,1110,1000,2,16,2,22,"Homme","SHAM",2
"146","2019-11-19 12:24:01","D02P2","CO1106",2915,-1035,0,2450,1500,2,16,2,22,"Homme","SHAM",2
"147","2019-11-20 12:04:39","D03P1","CO1106",4840,-370,100,2860,2250,2,16,2,22,"Homme","SHAM",2
"148","2019-11-20 12:19:50","D03P2","CO1106",5950,-150,0,3350,2750,2,16,2,22,"Homme","SHAM",2
"149","2019-11-21 14:08:47","D04P1","CO1106",6280,-350,400,3480,2750,2,16,2,22,"Homme","SHAM",2
"150","2019-11-21 14:22:19","D04P2","CO1106",5350,-750,300,2550,3250,2,16,2,22,"Homme","SHAM",2
"151","2019-11-22 11:36:19","D05P1","CO1106",7540,-450,700,3290,4000,2,16,2,22,"Homme","SHAM",2
"152","2019-11-22 11:47:57","D05P2","CO1106",8370,-400,750,3520,4500,2,16,2,22,"Homme","SHAM",2
"153","2019-12-02 12:34:03","D14P1","CO1106",9110,-150,500,3760,5000,2,16,2,22,"Homme","SHAM",2
"154","2019-12-02 12:46:54","D14P2","CO1106",9470,-700,900,3520,5750,2,16,2,22,"Homme","SHAM",2
"166","2021-05-03 17:30:57","D01P1","CP2301",2740,-3060,1650,1150,3000,3,14,8,22,"Homme","STIMHD",3
"167","2021-05-04 15:19:23","D02P1","CP2301",5885,-995,1900,1730,3250,3,14,8,22,"Homme","STIMHD",3
"168","2021-05-04 15:30:42","D02P2","CP2301",5935,-1295,1200,1280,4750,3,14,8,22,"Homme","STIMHD",3
"169","2021-05-05 17:14:18","D03P1","CP2301",5865,-1585,1650,1050,4750,3,14,8,22,"Homme","STIMHD",3
"170","2021-05-05 17:24:56","D03P2","CP2301",9290,-1340,2250,880,7500,3,14,8,22,"Homme","STIMHD",3
"171","2021-05-06 17:17:37","D04P1","CP2301",10645,-1385,2050,1980,8000,3,14,8,22,"Homme","STIMHD",3
"172","2021-05-06 17:28:18","D04P2","CP2301",12575,-805,2000,2380,9000,3,14,8,22,"Homme","STIMHD",3
"173","2021-05-07 17:14:10","D05P1","CP2301",14445,-1285,2100,2880,10750,3,14,8,22,"Homme","STIMHD",3
"174","2021-05-07 17:25:03","D05P2","CP2301",15340,-1050,1900,2740,11750,3,14,8,22,"Homme","STIMHD",3
"175","2021-05-18 17:16:59","D14P1","CP2301",16020,-1250,1650,3370,12250,3,14,8,22,"Homme","STIMHD",3
"176","2021-05-18 17:27:38","D14P2","CP2301",17450,-1600,2250,3050,13750,3,14,8,22,"Homme","STIMHD",3
"177","2020-02-03 18:38:26","D01P1","CR2709",4530,-600,700,1930,2500,2,17,3,24,"Femme","SHAM",2
"178","2020-02-04 17:53:15","D02P1","CR2709",4205,-1405,1250,2360,2000,2,17,3,24,"Femme","SHAM",2
"179","2020-02-04 18:08:24","D02P2","CR2709",6590,-700,1750,3040,2500,2,17,3,24,"Femme","SHAM",2
"180","2020-02-05 17:50:01","D03P1","CR2709",5570,-450,1150,2620,2250,2,17,3,24,"Femme","SHAM",2
"181","2020-02-05 18:05:34","D03P2","CR2709",6565,-485,2000,3050,2000,2,17,3,24,"Femme","SHAM",2
"182","2020-02-06 17:44:49","D04P1","CR2709",7075,-685,1850,3160,2750,2,17,3,24,"Femme","SHAM",2
"183","2020-02-06 18:05:59","D04P2","CR2709",7465,-335,2400,2900,2500,2,17,3,24,"Femme","SHAM",2
"184","2020-02-07 17:49:04","D05P1","CR2709",8920,-100,3050,2970,3000,2,17,3,24,"Femme","SHAM",2
"185","2020-02-07 18:01:29","D05P2","CR2709",10240,-150,4050,3090,3250,2,17,3,24,"Femme","SHAM",2
"186","2020-02-18 17:47:56","D14P1","CR2709",9855,-35,3100,3790,3000,2,17,3,24,"Femme","SHAM",2
"187","2020-02-18 18:00:40","D14P2","CR2709",10440,-350,3900,3640,3250,2,17,3,24,"Femme","SHAM",2
"188","2021-03-22 18:27:11","D01P1","EA0703",1365,-1665,400,880,1750,3,16,2,23,"Homme","STIMHD",3
"189","2021-03-23 17:46:50","D02P1","EA0703",3480,-300,350,1930,1500,3,16,2,23,"Homme","STIMHD",3
"190","2021-03-23 17:57:23","D02P2","EA0703",2760,-1040,600,1700,1500,3,16,2,23,"Homme","STIMHD",3
"191","2021-03-24 17:17:45","D03P1","EA0703",5150,-720,1550,2070,2250,3,16,2,23,"Homme","STIMHD",3
"192","2021-03-24 17:28:19","D03P2","EA0703",6395,-235,1350,3030,2250,3,16,2,23,"Homme","STIMHD",3
"193","2021-03-25 17:25:15","D04P1","EA0703",5740,-400,700,2690,2750,3,16,2,23,"Homme","STIMHD",3
"194","2021-03-25 17:35:54","D04P2","EA0703",5820,-800,1200,2670,2750,3,16,2,23,"Homme","STIMHD",3
"195","2021-03-26 17:14:03","D05P1","EA0703",9220,-100,2750,3320,3250,3,16,2,23,"Homme","STIMHD",3
"196","2021-03-26 17:24:26","D05P2","EA0703",8030,-350,2200,2930,3250,3,16,2,23,"Homme","STIMHD",3
"197","2021-04-06 16:24:45","D14P1","EA0703",8850,-150,2550,2700,3750,3,16,2,23,"Homme","STIMHD",3
"198","2021-04-06 16:35:21","D14P2","EA0703",10860,-400,3050,3460,4750,3,16,2,23,"Homme","STIMHD",3
"199","2019-10-07 20:16:30","D01P1","EB2307",-425,-1795,400,-280,1250,1,17,1.5,22,"Homme","STIMSD",1
"200","2019-10-08 19:33:49","D02P1","EB2307",555,-1195,650,-650,1750,1,17,1.5,22,"Homme","STIMSD",1
"201","2019-10-08 19:49:56","D02P2","EB2307",1450,-1340,550,-260,2500,1,17,1.5,22,"Homme","STIMSD",1
"202","2019-10-09 19:35:37","D03P1","EB2307",1450,-1410,650,210,2000,1,17,1.5,22,"Homme","STIMSD",1
"203","2019-10-09 19:47:45","D03P2","EB2307",3955,-875,1750,1080,2000,1,17,1.5,22,"Homme","STIMSD",1
"204","2019-10-10 18:44:51","D04P1","EB2307",5700,-700,2000,2400,2000,1,17,1.5,22,"Homme","STIMSD",1
"205","2019-10-10 18:55:18","D04P2","EB2307",5155,-485,1550,1590,2500,1,17,1.5,22,"Homme","STIMSD",1
"206","2019-10-11 15:41:13","D05P1","EB2307",4770,-1320,1450,1890,2750,1,17,1.5,22,"Homme","STIMSD",1
"207","2019-10-11 15:53:04","D05P2","EB2307",3660,-1020,600,1330,2750,1,17,1.5,22,"Homme","STIMSD",1
"208","2019-10-21 19:19:29","D14P1","EB2307",6010,-470,1650,2330,2500,1,17,1.5,22,"Homme","STIMSD",1
"209","2019-10-21 19:32:24","D14P2","EB2307",3520,-970,750,1490,2250,1,17,1.5,22,"Homme","STIMSD",1
"221","2019-09-30 16:23:07","D01P1","EC2802",-610,-3190,550,1030,1000,1,17,2.5,22,"Homme","STIMSD",1
"222","2019-10-01 16:12:57","D02P1","EC2802",-380,-2490,300,810,1000,1,17,2.5,22,"Homme","STIMSD",1
"223","2019-10-01 16:23:41","D02P2","EC2802",3085,-825,1150,1760,1000,1,17,2.5,22,"Homme","STIMSD",1
"224","2019-10-02 16:19:54","D03P1","EC2802",3760,-1160,1650,2270,1000,1,17,2.5,22,"Homme","STIMSD",1
"225","2019-10-02 16:30:36","D03P2","EC2802",4360,-1570,2000,2680,1250,1,17,2.5,22,"Homme","STIMSD",1
"226","2019-10-03 16:21:10","D04P1","EC2802",4425,-1845,2450,2570,1250,1,17,2.5,22,"Homme","STIMSD",1
"227","2019-10-03 16:32:40","D04P2","EC2802",4645,-1875,2550,2470,1500,1,17,2.5,22,"Homme","STIMSD",1
"228","2019-10-04 15:10:18","D05P1","EC2802",5480,-930,3000,2160,1250,1,17,2.5,22,"Homme","STIMSD",1
"229","2019-10-04 15:20:41","D05P2","EC2802",4695,-1655,2600,2500,1250,1,17,2.5,22,"Homme","STIMSD",1
"230","2019-10-15 17:11:54","D14P1","EC2802",7160,-520,3300,2880,1500,1,17,2.5,22,"Homme","STIMSD",1
"231","2019-10-15 17:26:03","D14P2","EC2802",6375,-1155,2450,3080,2000,1,17,2.5,22,"Homme","STIMSD",1
"232","2021-03-15 10:08:22","D01P1","EJ0511",3720,-1470,750,2190,2250,3,20,7,28,"Femme","STIMHD",3
"233","2021-03-16 09:11:28","D02P1","EJ0511",5830,-540,850,3020,2500,3,20,7,28,"Femme","STIMHD",3
"234","2021-03-16 09:23:03","D02P2","EJ0511",5960,-300,700,2560,3000,3,20,7,28,"Femme","STIMHD",3
"235","2021-03-17 09:39:51","D03P1","EJ0511",6960,-400,1000,3110,3250,3,20,7,28,"Femme","STIMHD",3
"236","2021-03-17 09:51:51","D03P2","EJ0511",6435,-935,1250,3120,3000,3,20,7,28,"Femme","STIMHD",3
"237","2021-03-18 09:48:28","D04P1","EJ0511",7280,-400,1150,3280,3250,3,20,7,28,"Femme","STIMHD",3
"238","2021-03-18 10:00:05","D04P2","EJ0511",8320,-900,1750,2970,4500,3,20,7,28,"Femme","STIMHD",3
"239","2021-03-19 10:08:20","D05P1","EJ0511",9080,-100,1300,3130,4750,3,20,7,28,"Femme","STIMHD",3
"240","2021-03-19 10:19:13","D05P2","EJ0511",10800,-150,1800,3900,5250,3,20,7,28,"Femme","STIMHD",3
"241","2021-03-30 09:15:26","D14P1","EJ0511",9980,-450,1350,3330,5750,3,20,7,28,"Femme","STIMHD",3
"242","2021-03-30 09:26:29","D14P2","EJ0511",12260,-150,2250,3910,6250,3,20,7,28,"Femme","STIMHD",3
"243","2021-04-26 17:10:24","D01P1","EV1810",4915,-1135,1800,2500,1750,3,17,7,23,"Femme","STIMHD",3
"244","2021-04-27 16:49:49","D02P1","EV1810",7845,-835,3200,3480,2000,3,17,7,23,"Femme","STIMHD",3
"245","2021-04-27 17:00:30","D02P2","EV1810",6920,-860,2700,3080,2000,3,17,7,23,"Femme","STIMHD",3
"246","2021-04-28 16:40:42","D03P1","EV1810",6070,-1260,2050,3030,2250,3,17,7,23,"Femme","STIMHD",3
"247","2021-04-28 16:51:29","D03P2","EV1810",7740,-890,2550,3330,2750,3,17,7,23,"Femme","STIMHD",3
"248","2021-04-29 16:46:42","D04P1","EV1810",9310,-470,2600,3680,3500,3,17,7,23,"Femme","STIMHD",3
"249","2021-04-29 16:57:17","D04P2","EV1810",9505,-555,2600,3460,4000,3,17,7,23,"Femme","STIMHD",3
"250","2021-04-30 16:31:48","D05P1","EV1810",10160,-400,2400,3660,4500,3,17,7,23,"Femme","STIMHD",3
"251","2021-04-30 16:42:18","D05P2","EV1810",9175,-1375,2100,3450,5000,3,17,7,23,"Femme","STIMHD",3
"252","2021-05-10 17:24:00","D14P1","EV1810",12735,-985,1900,3320,8500,3,17,7,23,"Femme","STIMHD",3
"253","2021-05-10 17:34:54","D14P2","EV1810",16540,-1600,2900,3240,12000,3,17,7,23,"Femme","STIMHD",3
"254","2021-04-26 16:17:09","D01P1","GC0511",2160,-1460,400,1220,2000,3,17,9,26,"Homme","STIMHD",3
"255","2021-04-27 15:34:10","D02P1","GC0511",1250,-1810,650,410,2000,3,17,9,26,"Homme","STIMHD",3
"256","2021-04-27 15:47:21","D02P2","GC0511",4725,-1055,1700,1330,2750,3,17,9,26,"Homme","STIMHD",3
"257","2021-04-28 15:39:46","D03P1","GC0511",3140,-1640,300,1480,3000,3,17,9,26,"Homme","STIMHD",3
"258","2021-04-28 15:51:52","D03P2","GC0511",5750,-670,1250,1920,3250,3,17,9,26,"Homme","STIMHD",3
"259","2021-04-29 15:46:52","D04P1","GC0511",6435,-735,1400,1770,4000,3,17,9,26,"Homme","STIMHD",3
"260","2021-04-29 15:58:16","D04P2","GC0511",7315,-835,1500,1900,4750,3,17,9,26,"Homme","STIMHD",3
"261","2021-04-30 15:41:14","D05P1","GC0511",8370,-520,1600,2290,5000,3,17,9,26,"Homme","STIMHD",3
"262","2021-04-30 15:52:52","D05P2","GC0511",9210,-420,1600,2530,5500,3,17,9,26,"Homme","STIMHD",3
"263","2021-05-11 15:37:47","D14P1","GC0511",9645,-555,1850,2850,5500,3,17,9,26,"Homme","STIMHD",3
"264","2021-05-11 15:49:25","D14P2","GC0511",11075,-605,1700,2480,7500,3,17,9,26,"Homme","STIMHD",3
"265","2018-06-04 16:55:42","D01P1","GF0912",1965,-995,650,810,1500,1,16,3,22,"Homme","STIMSD",1
"266","2018-06-05 11:33:46","D02P1","GF0912",2965,-1155,1050,1320,1750,1,16,3,22,"Homme","STIMSD",1
"267","2018-06-05 11:33:46","D02P2","GF0912",3980,-1580,1600,1710,2250,1,16,3,22,"Homme","STIMSD",1
"268","2018-06-06 11:35:40","D03P1","GF0912",8325,-185,2750,2760,3000,1,16,3,22,"Homme","STIMSD",1
"269","2018-06-06 11:35:40","D03P2","GF0912",6335,-935,1750,2020,3500,1,16,3,22,"Homme","STIMSD",1
"270","2018-06-07 11:29:16","D04P1","GF0912",5915,-705,1450,2670,2500,1,16,3,22,"Homme","STIMSD",1
"271","2018-06-07 11:29:16","D04P2","GF0912",6360,-750,1150,2210,3750,1,16,3,22,"Homme","STIMSD",1
"272","2018-06-08 11:34:04","D05P1","GF0912",8575,-255,1800,3030,4000,1,16,3,22,"Homme","STIMSD",1
"273","2018-06-08 11:34:04","D05P2","GF0912",8550,-270,1200,2870,4750,1,16,3,22,"Homme","STIMSD",1
"274","2018-06-19 11:28:07","D14P1","GF0912",8200,-840,1850,3190,4000,1,16,3,22,"Homme","STIMSD",1
"275","2018-06-19 11:28:07","D14P2","GF0912",8605,-805,1650,3010,4750,1,16,3,22,"Homme","STIMSD",1
"276","2020-02-10 11:16:05","D01P1","GF1410",2380,-1070,1900,300,1250,1,15,2.5,32,"Homme","STIMSD",1
"277","2020-02-11 14:13:49","D02P1","GF1410",1325,-1665,700,790,1500,1,15,2.5,32,"Homme","STIMSD",1
"278","2020-02-11 14:24:35","D02P2","GF1410",3125,-805,550,1130,2250,1,15,2.5,32,"Homme","STIMSD",1
"279","2020-02-12 10:56:51","D03P1","GF1410",3510,-820,900,1430,2000,1,15,2.5,32,"Homme","STIMSD",1
"280","2020-02-12 11:07:30","D03P2","GF1410",2815,-735,1400,150,2000,1,15,2.5,32,"Homme","STIMSD",1
"281","2020-02-13 14:17:53","D04P1","GF1410",3090,-820,950,1210,1750,1,15,2.5,32,"Homme","STIMSD",1
"282","2020-02-13 14:34:03","D04P2","GF1410",3965,-855,1150,670,3000,1,15,2.5,32,"Homme","STIMSD",1
"283","2020-02-14 10:34:36","D05P1","GF1410",3925,-735,900,1510,2250,1,15,2.5,32,"Homme","STIMSD",1
"284","2020-02-14 10:44:56","D05P2","GF1410",5010,-450,850,2360,2250,1,15,2.5,32,"Homme","STIMSD",1
"285","2020-02-25 10:26:37","D14P1","GF1410",4400,-770,700,1470,3000,1,15,2.5,32,"Homme","STIMSD",1
"286","2020-02-25 10:39:29","D14P2","GF1410",6060,-150,1150,2060,3000,1,15,2.5,32,"Homme","STIMSD",1
"287","2018-06-04 14:20:55","D01P1","GM2504",820,-590,850,560,0,1,15,6,21,"Homme","STIMSD",1
"288","2018-06-05 14:03:50","D02P1","GM2504",1525,-735,1550,710,0,1,15,6,21,"Homme","STIMSD",1
"289","2018-06-05 14:03:50","D02P2","GM2504",1865,-985,1400,700,750,1,15,6,21,"Homme","STIMSD",1
"290","2018-06-06 14:03:40","D03P1","GM2504",2645,-505,450,450,2250,1,15,6,21,"Homme","STIMSD",1
"291","2018-06-06 14:03:40","D03P2","GM2504",3965,-735,350,1100,3250,1,15,6,21,"Homme","STIMSD",1
"292","2018-06-07 13:59:39","D04P1","GM2504",4880,-900,450,1580,3750,1,15,6,21,"Homme","STIMSD",1
"293","2018-06-07 13:59:39","D04P2","GM2504",5550,-1120,200,2220,4250,1,15,6,21,"Homme","STIMSD",1
"294","2018-06-08 14:03:08","D05P1","GM2504",9385,-685,900,2920,6250,1,15,6,21,"Homme","STIMSD",1
"295","2018-06-08 14:03:08","D05P2","GM2504",9515,-635,650,2500,7000,1,15,6,21,"Homme","STIMSD",1
"296","2018-06-19 14:10:49","D14P1","GM2504",8140,-1120,300,2460,6500,1,15,6,21,"Homme","STIMSD",1
"297","2018-06-19 14:10:49","D14P2","GM2504",8925,-1205,600,2780,6750,1,15,6,21,"Homme","STIMSD",1
"298","2019-12-02 16:18:50","D01P1","HA2212",-2170,-3750,900,430,250,1,20,1.5,27,"Homme","STIMSD",1
"299","2019-12-03 16:28:35","D02P1","HA2212",-320,-2630,950,860,500,1,20,1.5,27,"Homme","STIMSD",1
"300","2019-12-03 16:39:08","D02P2","HA2212",4145,-805,1300,2150,1500,1,20,1.5,27,"Homme","STIMSD",1
"301","2019-12-04 16:45:30","D03P1","HA2212",3050,-1670,1300,1420,2000,1,20,1.5,27,"Homme","STIMSD",1
"302","2019-12-04 17:04:56","D03P2","HA2212",3430,-1340,2050,220,2500,1,20,1.5,27,"Homme","STIMSD",1
"303","2019-12-05 16:55:22","D04P1","HA2212",4640,-770,1550,2110,1750,1,20,1.5,27,"Homme","STIMSD",1
"304","2019-12-05 17:05:55","D04P2","HA2212",3475,-1035,1000,1260,2250,1,20,1.5,27,"Homme","STIMSD",1
"305","2019-12-06 16:11:59","D05P1","HA2212",6025,-1035,1700,2360,3000,1,20,1.5,27,"Homme","STIMSD",1
"306","2019-12-06 16:23:57","D05P2","HA2212",5130,-1390,1650,2370,2500,1,20,1.5,27,"Homme","STIMSD",1
"307","2019-12-18 15:22:53","D14P1","HA2212",3160,-1390,1250,1050,2250,1,20,1.5,27,"Homme","STIMSD",1
"308","2019-12-18 15:33:42","D14P2","HA2212",9880,-400,3450,3330,3500,1,20,1.5,27,"Homme","STIMSD",1
"309","2018-06-04 17:24:17","D01P1","HI0310",4915,-1285,1300,2900,2000,2,13,6,30,"Homme","SHAM",2
"310","2018-06-05 17:06:39","D02P1","HI0310",4410,-1140,1900,1900,1750,2,13,6,30,"Homme","SHAM",2
"311","2018-06-05 17:06:39","D02P2","HI0310",6230,-1020,2700,2550,2000,2,13,6,30,"Homme","SHAM",2
"312","2018-06-06 17:01:54","D03P1","HI0310",6850,-670,2400,2120,3000,2,13,6,30,"Homme","SHAM",2
"313","2018-06-06 17:01:54","D03P2","HI0310",7655,-1335,2050,2440,4500,2,13,6,30,"Homme","SHAM",2
"314","2018-06-07 17:06:15","D04P1","HI0310",8110,-1080,2350,2590,4250,2,13,6,30,"Homme","SHAM",2
"315","2018-06-07 17:06:15","D04P2","HI0310",10475,-725,2600,2850,5750,2,13,6,30,"Homme","SHAM",2
"316","2018-06-08 17:06:13","D05P1","HI0310",13250,-1100,3400,3200,7750,2,13,6,30,"Homme","SHAM",2
"317","2018-06-08 17:06:13","D05P2","HI0310",13015,-905,3600,3320,7000,2,13,6,30,"Homme","SHAM",2
"318","2018-06-19 17:07:15","D14P1","HI0310",6745,-1965,2300,2160,4250,2,13,6,30,"Homme","SHAM",2
"319","2018-06-19 17:07:15","D14P2","HI0310",10105,-1555,3550,3110,5000,2,13,6,30,"Homme","SHAM",2
"320","2021-03-01 15:13:10","D01P1","JA2904",4360,-1280,1800,2340,1500,1,17,3.5,23,"Homme","STIMSD",1
"321","2021-03-02 14:41:23","D02P1","JA2904",4130,-1440,1250,2820,1500,1,17,3.5,23,"Homme","STIMSD",1
"322","2021-03-02 14:52:44","D02P2","JA2904",4185,-2425,1950,2660,2000,1,17,3.5,23,"Homme","STIMSD",1
"323","2021-03-03 14:44:50","D03P1","JA2904",6090,-960,2200,3100,1750,1,17,3.5,23,"Homme","STIMSD",1
"324","2021-03-03 14:55:54","D03P2","JA2904",7140,-1000,3000,3140,2000,1,17,3.5,23,"Homme","STIMSD",1
"325","2021-03-04 14:43:51","D04P1","JA2904",6745,-805,2400,2650,2500,1,17,3.5,23,"Homme","STIMSD",1
"326","2021-03-04 14:54:32","D04P2","JA2904",7015,-855,1950,3170,2750,1,17,3.5,23,"Homme","STIMSD",1
"327","2021-03-05 14:39:05","D05P1","JA2904",6440,-1370,2200,2610,3000,1,17,3.5,23,"Homme","STIMSD",1
"328","2021-03-05 14:49:51","D05P2","JA2904",9650,-350,3250,3250,3500,1,17,3.5,23,"Homme","STIMSD",1
"329","2021-03-16 14:44:02","D14P1","JA2904",8890,-700,3300,2790,3500,1,17,3.5,23,"Homme","STIMSD",1
"330","2021-03-16 14:54:51","D14P2","JA2904",9050,-650,2450,3500,3750,1,17,3.5,23,"Homme","STIMSD",1
"331","2021-04-19 12:32:07","D01P1","JK1002",3980,-740,1000,1720,2000,3,16,2,23,"Homme","STIMHD",3
"332","2021-04-20 11:49:47","D02P1","JK1002",6645,-435,1500,2080,3500,3,16,2,23,"Homme","STIMHD",3
"333","2021-04-20 12:01:56","D02P2","JK1002",9965,-985,3050,2150,5750,3,16,2,23,"Homme","STIMHD",3
"334","2021-04-21 11:55:53","D03P1","JK1002",9570,-1200,2300,2470,6000,3,16,2,23,"Homme","STIMHD",3
"335","2021-04-21 12:08:00","D03P2","JK1002",10940,-700,2200,2440,7000,3,16,2,23,"Homme","STIMHD",3
"336","2021-04-22 12:13:52","D04P1","JK1002",11650,-1000,1800,2850,8000,3,16,2,23,"Homme","STIMHD",3
"337","2021-04-22 12:25:44","D04P2","JK1002",15240,-800,1500,3040,11500,3,16,2,23,"Homme","STIMHD",3
"338","2021-04-23 13:00:39","D05P1","JK1002",17080,-1050,2650,3230,12250,3,16,2,23,"Homme","STIMHD",3
"339","2021-04-23 13:12:12","D05P2","JK1002",16260,-1050,1500,3310,12500,3,16,2,23,"Homme","STIMHD",3
"340","2021-05-04 12:33:34","D14P1","JK1002",18790,-400,2350,3340,13500,3,16,2,23,"Homme","STIMHD",3
"341","2021-05-04 12:45:11","D14P2","JK1002",19800,-1300,1450,3150,16500,3,16,2,23,"Homme","STIMHD",3
"342","2019-11-04 09:04:30","D01P1","JM1704",1965,-1475,950,1490,1000,2,17,6,23,"Homme","SHAM",2
"343","2019-11-05 08:26:54","D02P1","JM1704",4045,-1055,1150,2700,1250,2,17,6,23,"Homme","SHAM",2
"344","2019-11-05 08:46:28","D02P2","JM1704",4605,-985,700,3390,1500,2,17,6,23,"Homme","SHAM",2
"345","2019-11-06 08:38:12","D03P1","JM1704",5400,-970,1100,3270,2000,2,17,6,23,"Homme","SHAM",2
"346","2019-11-06 08:50:20","D03P2","JM1704",5880,-900,600,3430,2750,2,17,6,23,"Homme","SHAM",2
"347","2019-11-07 14:07:22","D04P1","JM1704",7865,-535,1400,3250,3750,2,17,6,23,"Homme","SHAM",2
"348","2019-11-07 14:18:58","D04P2","JM1704",6635,-735,1150,3220,3000,2,17,6,23,"Homme","SHAM",2
"349","2019-11-08 13:06:03","D05P1","JM1704",8305,-685,1600,2890,4500,2,17,6,23,"Homme","SHAM",2
"350","2019-11-08 13:19:02","D05P2","JM1704",11510,-150,2600,3560,5500,2,17,6,23,"Homme","SHAM",2
"351","2019-11-18 12:56:11","D14P1","JM1704",10980,0,2300,3680,5000,2,17,6,23,"Homme","SHAM",2
"352","2019-11-18 13:08:44","D14P2","JM1704",12730,-150,1700,4180,7000,2,17,6,23,"Homme","SHAM",2
"353","2018-06-04 14:48:49","D01P1","JP1711",1370,-1080,800,900,750,2,12,10,18,"Femme","SHAM",2
"354","2018-06-05 14:32:14","D02P1","JP1711",3545,-895,1450,1990,1000,2,12,10,18,"Femme","SHAM",2
"355","2018-06-05 14:32:14","D02P2","JP1711",4350,-610,1150,2810,1000,2,12,10,18,"Femme","SHAM",2
"356","2018-06-06 14:30:14","D03P1","JP1711",4265,-705,1500,2470,1000,2,12,10,18,"Femme","SHAM",2
"357","2018-06-06 14:30:14","D03P2","JP1711",4335,-255,1250,2340,1000,2,12,10,18,"Femme","SHAM",2
"358","2018-06-07 14:31:53","D04P1","JP1711",4690,-730,1050,2870,1500,2,12,10,18,"Femme","SHAM",2
"359","2018-06-07 14:31:53","D04P2","JP1711",5920,-670,2050,2790,1750,2,12,10,18,"Femme","SHAM",2
"360","2018-06-08 14:31:08","D05P1","JP1711",5475,-435,1500,2910,1500,2,12,10,18,"Femme","SHAM",2
"361","2018-06-08 14:31:08","D05P2","JP1711",5695,-475,1850,2570,1750,2,12,10,18,"Femme","SHAM",2
"362","2018-06-19 14:32:38","D14P1","JP1711",4700,-1260,1350,3360,1250,2,12,10,18,"Femme","SHAM",2
"363","2018-06-19 14:32:38","D14P2","JP1711",6725,-625,2150,3700,1500,2,12,10,18,"Femme","SHAM",2
"364","2021-03-01 16:52:13","D01P1","JT0601",3545,-1715,1450,1560,2250,2,17,7,28,"Homme","SHAM",2
"365","2021-03-02 16:24:05","D02P1","JT0601",6365,-915,1800,2480,3000,2,17,7,28,"Homme","SHAM",2
"366","2021-03-02 16:34:25","D02P2","JT0601",10170,-870,2500,3040,5500,2,17,7,28,"Homme","SHAM",2
"367","2021-03-03 16:50:08","D03P1","JT0601",11045,-625,1150,2520,8000,2,17,7,28,"Homme","SHAM",2
"368","2021-03-03 17:01:19","D03P2","JT0601",13215,-1545,1100,2410,11250,2,17,7,28,"Homme","SHAM",2
"369","2021-03-04 16:47:06","D04P1","JT0601",15600,-1050,1700,2700,12250,2,17,7,28,"Homme","SHAM",2
"370","2021-03-04 16:59:53","D04P2","JT0601",15535,-2505,1850,2940,13250,2,17,7,28,"Homme","SHAM",2
"371","2021-03-05 16:37:57","D05P1","JT0601",15730,-770,1450,2800,12250,2,17,7,28,"Homme","SHAM",2
"372","2021-03-05 16:48:23","D05P2","JT0601",20185,-785,2050,3170,15750,2,17,7,28,"Homme","SHAM",2
"373","2021-03-16 16:50:28","D14P1","JT0601",19390,-300,2250,3690,13750,2,17,7,28,"Homme","SHAM",2
"374","2021-03-16 17:00:54","D14P2","JT0601",22500,-900,2000,3400,18000,2,17,7,28,"Homme","SHAM",2
"375","2021-04-19 17:48:04","D01P1","KM0102",4240,-510,750,1750,2250,3,17,6,24,"Homme","STIMHD",3
"376","2021-04-20 17:30:27","D02P1","KM0102",6015,-455,800,2420,3250,3,17,6,24,"Homme","STIMHD",3
"377","2021-04-20 17:41:54","D02P2","KM0102",6750,-400,1200,2700,3250,3,17,6,24,"Homme","STIMHD",3
"378","2021-04-21 17:05:08","D03P1","KM0102",9115,-155,1800,2720,4750,3,17,6,24,"Homme","STIMHD",3
"379","2021-04-21 17:16:20","D03P2","KM0102",11110,-150,1500,3260,6500,3,17,6,24,"Homme","STIMHD",3
"380","2021-04-22 16:57:38","D04P1","KM0102",10710,-350,1050,2760,7250,3,17,6,24,"Homme","STIMHD",3
"381","2021-04-22 17:08:34","D04P2","KM0102",13700,-420,1600,2770,9750,3,17,6,24,"Homme","STIMHD",3
"382","2021-04-23 16:58:48","D05P1","KM0102",11635,-575,1700,2760,7750,3,17,6,24,"Homme","STIMHD",3
"383","2021-04-23 17:09:50","D05P2","KM0102",15845,-755,1700,3150,11750,3,17,6,24,"Homme","STIMHD",3
"384","2021-05-04 17:13:52","D14P1","KM0102",13740,-650,1050,2590,10750,3,17,6,24,"Homme","STIMHD",3
"385","2021-05-04 17:25:05","D14P2","KM0102",16820,-150,1300,3170,12500,3,17,6,24,"Homme","STIMHD",3
"386","2019-10-07 19:24:57","D01P1","LB0609",5680,-420,650,2200,3250,2,16,2,26,"Homme","SHAM",2
"387","2019-10-08 18:49:30","D02P1","LB0609",9520,-450,1650,3070,5250,2,16,2,26,"Homme","SHAM",2
"388","2019-10-08 19:08:41","D02P2","LB0609",11570,-150,1950,3520,6250,2,16,2,26,"Homme","SHAM",2
"389","2019-10-09 18:50:24","D03P1","LB0609",11350,-600,2000,2950,7000,2,16,2,26,"Homme","SHAM",2
"390","2019-10-09 19:07:22","D03P2","LB0609",14460,-400,1750,3860,9250,2,16,2,26,"Homme","SHAM",2
"391","2019-10-10 18:07:45","D04P1","LB0609",14360,-200,2350,3210,9000,2,16,2,26,"Homme","SHAM",2
"392","2019-10-10 18:22:31","D04P2","LB0609",15650,-150,1400,3900,10500,2,16,2,26,"Homme","SHAM",2
"393","2019-10-11 13:13:55","D05P1","LB0609",15620,-450,2300,3270,10500,2,16,2,26,"Homme","SHAM",2
"394","2019-10-11 13:25:31","D05P2","LB0609",18160,-300,1850,3610,13000,2,16,2,26,"Homme","SHAM",2
"395","2019-10-21 17:35:18","D14P1","LB0609",15670,-900,1250,3820,11500,2,16,2,26,"Homme","SHAM",2
"396","2019-10-21 17:46:16","D14P2","LB0609",22340,-100,3050,3890,15500,2,16,2,26,"Homme","SHAM",2
"397","2018-06-04 13:03:28","D01P1","LB2705",-3665,-5325,450,-40,1250,1,17,4.5,24,"Femme","STIMSD",1
"398","2018-06-05 08:35:29","D02P1","LB2705",-2445,-4515,950,120,1000,1,17,4.5,24,"Femme","STIMSD",1
"399","2018-06-05 08:35:29","D02P2","LB2705",-1805,-3175,650,-530,1250,1,17,4.5,24,"Femme","STIMSD",1
"400","2018-06-06 08:28:02","D03P1","LB2705",-1230,-5100,1300,570,2000,1,17,4.5,24,"Femme","STIMSD",1
"401","2018-06-06 08:28:02","D03P2","LB2705",-1680,-5200,1150,620,1750,1,17,4.5,24,"Femme","STIMSD",1
"402","2018-06-07 08:31:32","D04P1","LB2705",-380,-4290,850,560,2500,1,17,4.5,24,"Femme","STIMSD",1
"403","2018-06-07 08:31:32","D04P2","LB2705",1175,-3405,1700,880,2000,1,17,4.5,24,"Femme","STIMSD",1
"404","2018-06-08 08:30:10","D05P1","LB2705",3050,-2800,1500,1850,2500,1,17,4.5,24,"Femme","STIMSD",1
"405","2018-06-08 08:30:10","D05P2","LB2705",1735,-3345,1350,1480,2250,1,17,4.5,24,"Femme","STIMSD",1
"406","2018-06-20 10:25:14","D14P1","LB2705",-740,-4240,900,1350,1250,1,17,4.5,24,"Femme","STIMSD",1
"407","2018-06-20 10:25:14","D14P2","LB2705",260,-4430,1150,1790,1750,1,17,4.5,24,"Femme","STIMSD",1
"408","2018-06-04 13:34:41","D01P1","LD2304",-5805,-5905,-200,50,250,2,20,3,38,"Homme","SHAM",2
"409","2018-06-05 09:09:08","D02P1","LD2304",-3585,-3695,-550,160,500,2,20,3,38,"Homme","SHAM",2
"410","2018-06-05 09:09:08","D02P2","LD2304",-1775,-4385,-200,810,2000,2,20,3,38,"Homme","SHAM",2
"411","2018-06-06 09:05:45","D03P1","LD2304",100,-3150,250,1000,2000,2,20,3,38,"Homme","SHAM",2
"412","2018-06-06 09:05:45","D03P2","LD2304",1225,-2325,400,1150,2000,2,20,3,38,"Homme","SHAM",2
"413","2018-06-07 09:03:19","D04P1","LD2304",2470,-2170,550,1840,2250,2,20,3,38,"Homme","SHAM",2
"414","2018-06-07 09:03:19","D04P2","LD2304",55,-3455,150,1360,2000,2,20,3,38,"Homme","SHAM",2
"415","2018-06-08 09:05:44","D05P1","LD2304",1710,-2250,650,1810,1500,2,20,3,38,"Homme","SHAM",2
"416","2018-06-08 09:05:44","D05P2","LD2304",1450,-2680,1350,1530,1250,2,20,3,38,"Homme","SHAM",2
"417","2018-06-19 09:03:38","D14P1","LD2304",540,-4090,750,1880,2000,2,20,3,38,"Homme","SHAM",2
"418","2018-06-19 09:03:38","D14P2","LD2304",1645,-3045,800,1890,2000,2,20,3,38,"Homme","SHAM",2
"419","2021-03-08 10:05:21","D01P1","LD2501",3110,-440,1000,1050,1500,3,20,1,28,"Homme","STIMHD",3
"420","2021-03-09 09:59:46","D02P1","LD2501",4265,-625,1200,1690,2000,3,20,1,28,"Homme","STIMHD",3
"421","2021-03-09 10:10:09","D02P2","LD2501",5465,-505,2200,1770,2000,3,20,1,28,"Homme","STIMHD",3
"422","2021-03-10 09:50:10","D03P1","LD2501",6015,-805,2700,1120,3000,3,20,1,28,"Homme","STIMHD",3
"423","2021-03-10 10:00:56","D03P2","LD2501",6375,-735,1800,2560,2750,3,20,1,28,"Homme","STIMHD",3
"424","2021-03-11 10:02:11","D04P1","LD2501",6280,-450,1450,2030,3250,3,20,1,28,"Homme","STIMHD",3
"425","2021-03-11 10:13:02","D04P2","LD2501",7560,-350,2300,2110,3500,3,20,1,28,"Homme","STIMHD",3
"426","2021-03-12 10:00:05","D05P1","LD2501",8210,-400,2300,2310,4000,3,20,1,28,"Homme","STIMHD",3
"427","2021-03-12 10:11:03","D05P2","LD2501",9030,-50,2400,2430,4250,3,20,1,28,"Homme","STIMHD",3
"428","2021-03-23 09:42:30","D14P1","LD2501",7875,-335,1450,2510,4250,3,20,1,28,"Homme","STIMHD",3
"429","2021-03-23 09:53:21","D14P2","LD2501",8975,-235,2300,1910,5000,3,20,1,28,"Homme","STIMHD",3
"430","2021-03-29 18:14:20","D01P1","LG0806",-3900,-5700,-400,1200,1000,3,16,3.5,22,"Homme","STIMHD",3
"431","2021-03-30 17:52:05","D02P1","LG0806",1070,-2370,400,2040,1000,3,16,3.5,22,"Homme","STIMHD",3
"432","2021-03-30 18:04:17","D02P2","LG0806",2570,-1760,1500,1830,1000,3,16,3.5,22,"Homme","STIMHD",3
"433","2021-03-31 17:59:20","D03P1","LG0806",4305,-1335,1300,2840,1500,3,16,3.5,22,"Homme","STIMHD",3
"434","2021-03-31 18:09:59","D03P2","LG0806",5115,-805,1750,2420,1750,3,16,3.5,22,"Homme","STIMHD",3
"435","2021-04-01 17:57:48","D04P1","LG0806",5555,-745,1750,2800,1750,3,16,3.5,22,"Homme","STIMHD",3
"436","2021-04-01 18:10:44","D04P2","LG0806",5885,-455,1300,2790,2250,3,16,3.5,22,"Homme","STIMHD",3
"437","2021-04-02 18:01:06","D05P1","LG0806",6330,-1320,2100,3050,2500,3,16,3.5,22,"Homme","STIMHD",3
"438","2021-04-02 18:13:22","D05P2","LG0806",4635,-685,1250,2070,2000,3,16,3.5,22,"Homme","STIMHD",3
"439","2021-04-13 17:52:56","D14P1","LG0806",6775,-735,2650,2610,2250,3,16,3.5,22,"Homme","STIMHD",3
"440","2021-04-13 18:04:17","D14P2","LG0806",8010,-370,2350,3280,2750,3,16,3.5,22,"Homme","STIMHD",3
"441","2019-10-07 12:22:19","D01P1","LL0206",6005,-985,2250,1990,2750,1,17,4.5,22,"Homme","STIMSD",1
"442","2019-10-08 10:00:06","D02P1","LL0206",9950,-370,3500,3070,3750,1,17,4.5,22,"Homme","STIMSD",1
"443","2019-10-08 10:13:19","D02P2","LL0206",7470,-910,1750,2630,4000,1,17,4.5,22,"Homme","STIMSD",1
"444","2019-10-09 13:35:46","D03P1","LL0206",9830,-520,2700,3150,4500,1,17,4.5,22,"Homme","STIMSD",1
"445","2019-10-09 13:48:18","D03P2","LL0206",10035,-935,1900,3070,6000,1,17,4.5,22,"Homme","STIMSD",1
"446","2019-10-10 13:22:28","D04P1","LL0206",11170,-700,2750,3120,6000,1,17,4.5,22,"Homme","STIMSD",1
"447","2019-10-10 13:36:48","D04P2","LL0206",10230,-820,2750,1800,6500,1,17,4.5,22,"Homme","STIMSD",1
"448","2019-10-11 12:16:13","D05P1","LL0206",14310,0,2400,3160,8750,1,17,4.5,22,"Homme","STIMSD",1
"449","2019-10-11 12:28:39","D05P2","LL0206",15990,-750,2350,3390,11000,1,17,4.5,22,"Homme","STIMSD",1
"450","2019-10-21 13:13:19","D14P1","LL0206",18135,-505,2250,3640,12750,1,17,4.5,22,"Homme","STIMSD",1
"451","2019-10-21 13:25:00","D14P2","LL0206",17290,-900,2450,3240,12500,1,17,4.5,22,"Homme","STIMSD",1
"463","2020-01-13 09:42:44","D01P1","LV0603",6390,-590,1150,2580,3250,1,15,3,24,"Homme","STIMSD",1
"464","2020-01-14 09:10:36","D02P1","LV0603",7045,-735,1100,2180,4500,1,15,3,24,"Homme","STIMSD",1
"465","2020-01-14 09:21:51","D02P2","LV0603",7940,-400,1100,2240,5000,1,15,3,24,"Homme","STIMSD",1
"466","2020-01-15 09:02:47","D03P1","LV0603",9170,-470,1450,2690,5500,1,15,3,24,"Homme","STIMSD",1
"467","2020-01-15 09:17:34","D03P2","LV0603",12140,-150,2250,2790,7250,1,15,3,24,"Homme","STIMSD",1
"468","2020-01-16 09:03:32","D04P1","LV0603",9960,-350,1000,2810,6500,1,15,3,24,"Homme","STIMSD",1
"469","2020-01-16 09:19:16","D04P2","LV0603",11770,-100,1050,2570,8250,1,15,3,24,"Homme","STIMSD",1
"470","2020-01-17 10:04:14","D05P1","LV0603",12875,-405,1750,3030,8500,1,15,3,24,"Homme","STIMSD",1
"471","2020-01-17 10:15:18","D05P2","LV0603",13350,-150,1500,2750,9250,1,15,3,24,"Homme","STIMSD",1
"472","2020-01-28 14:11:57","D14P1","LV0603",12475,-485,1150,2810,9000,1,15,3,24,"Homme","STIMSD",1
"473","2020-01-28 14:22:40","D14P2","LV0603",13450,-370,1850,2720,9250,1,15,3,24,"Homme","STIMSD",1
"474","2019-11-11 16:46:31","D01P1","ME1301",-2725,-3475,50,200,500,2,18,5.5,23,"Homme","SHAM",2
"475","2019-11-12 12:58:43","D02P1","ME1301",-80,-3040,850,1110,1000,2,18,5.5,23,"Homme","SHAM",2
"476","2019-11-12 13:11:34","D02P2","ME1301",585,-2475,650,910,1500,2,18,5.5,23,"Homme","SHAM",2
"477","2019-11-13 16:36:11","D03P1","ME1301",-160,-3050,550,1090,1250,2,18,5.5,23,"Homme","SHAM",2
"478","2019-11-13 16:50:00","D03P2","ME1301",2395,-1885,1800,980,1500,2,18,5.5,23,"Homme","SHAM",2
"479","2019-11-14 17:01:01","D04P1","ME1301",2015,-2035,1400,1150,1500,2,18,5.5,23,"Homme","SHAM",2
"480","2019-11-14 17:18:43","D04P2","ME1301",3425,-2355,1800,2230,1750,2,18,5.5,23,"Homme","SHAM",2
"481","2019-11-15 17:37:47","D05P1","ME1301",740,-4300,600,2440,2000,2,18,5.5,23,"Homme","SHAM",2
"482","2019-11-15 17:48:16","D05P2","ME1301",2115,-4345,1800,2160,2500,2,18,5.5,23,"Homme","SHAM",2
"483","2019-11-26 15:26:07","D14P1","ME1301",2025,-2665,150,2290,2250,2,18,5.5,23,"Homme","SHAM",2
"484","2019-11-26 15:37:44","D14P2","ME1301",3350,-2630,1300,2180,2500,2,18,5.5,23,"Homme","SHAM",2
"485","2021-03-08 14:37:09","D01P1","MH0507",1645,-1895,50,1740,1750,3,16,1,23,"Homme","STIMHD",3
"486","2021-03-09 14:13:22","D02P1","MH0507",1930,-2650,1150,1430,2000,3,16,1,23,"Homme","STIMHD",3
"487","2021-03-09 14:24:02","D02P2","MH0507",4715,-785,950,2050,2500,3,16,1,23,"Homme","STIMHD",3
"488","2021-03-10 14:28:52","D03P1","MH0507",5795,-735,1450,2580,2500,3,16,1,23,"Homme","STIMHD",3
"489","2021-03-10 14:40:22","D03P2","MH0507",6820,-450,1450,3320,2500,3,16,1,23,"Homme","STIMHD",3
"490","2021-03-11 14:09:13","D04P1","MH0507",5255,-735,1000,2740,2250,3,16,1,23,"Homme","STIMHD",3
"491","2021-03-11 14:19:39","D04P2","MH0507",7735,-1335,1300,3020,4750,3,16,1,23,"Homme","STIMHD",3
"492","2021-03-12 14:34:45","D05P1","MH0507",7850,-1250,1750,3100,4250,3,16,1,23,"Homme","STIMHD",3
"493","2021-03-12 14:45:18","D05P2","MH0507",8485,-1905,1300,2590,6500,3,16,1,23,"Homme","STIMHD",3
"494","2021-03-22 14:27:13","D14P1","MH0507",9800,-450,1100,2900,6250,3,16,1,23,"Homme","STIMHD",3
"495","2021-03-22 14:38:02","D14P2","MH0507",9365,-1635,1000,2500,7500,3,16,1,23,"Homme","STIMHD",3
"507","2021-04-26 18:16:20","D01P1","MN0802",3805,-1565,1100,2270,2000,3,15,7,21,"Homme","STIMHD",3
"508","2021-04-27 18:00:39","D02P1","MN0802",6530,-540,1350,2720,3000,3,15,7,21,"Homme","STIMHD",3
"509","2021-04-27 18:11:47","D02P2","MN0802",8055,-735,2150,2890,3750,3,15,7,21,"Homme","STIMHD",3
"510","2021-04-28 18:06:04","D03P1","MN0802",7395,-775,2650,3020,2500,3,15,7,21,"Homme","STIMHD",3
"511","2021-04-28 18:17:12","D03P2","MN0802",9725,-755,3200,3030,4250,3,15,7,21,"Homme","STIMHD",3
"512","2021-04-29 18:03:29","D04P1","MN0802",11100,-300,3100,3550,4750,3,15,7,21,"Homme","STIMHD",3
"513","2021-04-29 18:15:31","D04P2","MN0802",12365,-255,3450,3920,5250,3,15,7,21,"Homme","STIMHD",3
"514","2021-04-30 18:03:11","D05P1","MN0802",11070,-150,2600,3120,5500,3,15,7,21,"Homme","STIMHD",3
"515","2021-04-30 18:13:50","D05P2","MN0802",11580,-350,2800,3380,5750,3,15,7,21,"Homme","STIMHD",3
"516","2021-05-11 17:54:55","D14P1","MN0802",11540,-170,2000,3210,6500,3,15,7,21,"Homme","STIMHD",3
"517","2021-05-11 18:05:46","D14P2","MN0802",13470,-450,2300,3120,8500,3,15,7,21,"Homme","STIMHD",3
"518","2021-03-15 18:05:54","D01P1","MP1112",815,-785,150,-50,1500,3,15,3.5,21,"Homme","STIMHD",3
"519","2021-03-16 17:49:09","D02P1","MP1112",3070,-400,750,1220,1500,3,15,3.5,21,"Homme","STIMHD",3
"520","2021-03-16 17:59:40","D02P2","MP1112",5500,-220,450,2520,2750,3,15,3.5,21,"Homme","STIMHD",3
"521","2021-03-17 17:58:19","D03P1","MP1112",4445,-735,100,2580,2500,3,15,3.5,21,"Homme","STIMHD",3
"522","2021-03-17 18:09:19","D03P2","MP1112",5200,-820,300,2720,3000,3,15,3.5,21,"Homme","STIMHD",3
"523","2021-03-18 17:52:10","D04P1","MP1112",6395,-485,500,2880,3500,3,15,3.5,21,"Homme","STIMHD",3
"524","2021-03-18 18:02:45","D04P2","MP1112",7905,-185,500,3090,4500,3,15,3.5,21,"Homme","STIMHD",3
"525","2021-03-19 17:56:12","D05P1","MP1112",6820,-820,350,2540,4750,3,15,3.5,21,"Homme","STIMHD",3
"526","2021-03-19 18:06:39","D05P2","MP1112",8550,-820,900,2970,5500,3,15,3.5,21,"Homme","STIMHD",3
"527","2021-03-30 15:52:31","D14P1","MP1112",8345,-985,1000,3330,5000,3,15,3.5,21,"Homme","STIMHD",3
"528","2021-03-30 16:03:09","D14P2","MP1112",8805,-1125,450,3230,6250,3,15,3.5,21,"Homme","STIMHD",3
"529","2019-09-30 12:55:07","D01P1","NB1309",2305,-1615,300,2620,1000,2,17,2,23,"Homme","SHAM",2
"530","2019-10-01 11:47:38","D02P1","NB1309",3830,-590,800,2370,1250,2,17,2,23,"Homme","SHAM",2
"531","2019-10-01 12:03:25","D02P2","NB1309",4680,-900,1150,2680,1750,2,17,2,23,"Homme","SHAM",2
"532","2019-10-02 12:41:12","D03P1","NB1309",5995,-435,1450,2480,2500,2,17,2,23,"Homme","SHAM",2
"533","2019-10-02 12:53:22","D03P2","NB1309",7520,-750,2600,2920,2750,2,17,2,23,"Homme","SHAM",2
"534","2019-10-03 12:20:59","D04P1","NB1309",8350,-450,1550,3250,4000,2,17,2,23,"Homme","SHAM",2
"535","2019-10-03 12:34:19","D04P2","NB1309",9270,-750,2050,3220,4750,2,17,2,23,"Homme","SHAM",2
"536","2019-10-04 12:45:19","D05P1","NB1309",10090,-600,2900,3290,4500,2,17,2,23,"Homme","SHAM",2
"537","2019-10-04 12:57:19","D05P2","NB1309",9940,-950,2400,3490,5000,2,17,2,23,"Homme","SHAM",2
"538","2019-10-15 11:56:48","D14P1","NB1309",10460,-1000,1550,2910,7000,2,17,2,23,"Homme","SHAM",2
"539","2019-10-15 12:12:26","D14P2","NB1309",13270,-1050,2800,3020,8500,2,17,2,23,"Homme","SHAM",2
"540","2021-04-12 08:21:17","D01P1","NF0306",3780,-1260,1350,1690,2000,3,17,10,23,"Homme","STIMHD",3
"541","2021-04-13 07:55:42","D02P1","NF0306",6455,-1385,950,2640,4250,3,17,10,23,"Homme","STIMHD",3
"542","2021-04-13 08:06:15","D02P2","NF0306",9370,-1370,1350,2390,7000,3,17,10,23,"Homme","STIMHD",3
"543","2021-04-14 07:53:31","D03P1","NF0306",10450,-1550,1450,3050,7500,3,17,10,23,"Homme","STIMHD",3
"544","2021-04-14 08:03:59","D03P2","NF0306",9755,-1085,900,2940,7000,3,17,10,23,"Homme","STIMHD",3
"545","2021-04-15 07:57:16","D04P1","NF0306",10960,-1250,1700,3010,7500,3,17,10,23,"Homme","STIMHD",3
"546","2021-04-15 08:07:43","D04P2","NF0306",13950,-650,1550,3300,9750,3,17,10,23,"Homme","STIMHD",3
"547","2021-04-16 08:18:02","D05P1","NF0306",14230,-1000,1850,3130,10250,3,17,10,23,"Homme","STIMHD",3
"548","2021-04-16 08:28:50","D05P2","NF0306",15730,-700,1500,3430,11500,3,17,10,23,"Homme","STIMHD",3
"549","2021-04-27 08:41:26","D14P1","NF0306",12940,-1000,1350,2590,10000,3,17,10,23,"Homme","STIMHD",3
"550","2021-04-27 08:52:23","D14P2","NF0306",14690,-1800,1750,2990,11750,3,17,10,23,"Homme","STIMHD",3
"551","2019-11-11 17:41:43","D01P1","PC2104",2215,-1795,1200,1810,1000,1,16,3.5,21,"Homme","STIMSD",1
"552","2019-11-12 17:22:38","D02P1","PC2104",3495,-1075,800,2520,1250,1,16,3.5,21,"Homme","STIMSD",1
"553","2019-11-12 17:35:00","D02P2","PC2104",4890,-820,1400,2560,1750,1,16,3.5,21,"Homme","STIMSD",1
"554","2019-11-13 17:07:07","D03P1","PC2104",5500,-520,1400,2870,1750,1,16,3.5,21,"Homme","STIMSD",1
"555","2019-11-13 17:19:29","D03P2","PC2104",5140,-1090,1050,2930,2250,1,16,3.5,21,"Homme","STIMSD",1
"556","2019-11-14 17:40:25","D04P1","PC2104",6630,-450,1300,3280,2500,1,16,3.5,21,"Homme","STIMSD",1
"557","2019-11-14 17:52:30","D04P2","PC2104",6500,-770,1450,3070,2750,1,16,3.5,21,"Homme","STIMSD",1
"558","2019-11-15 17:09:30","D05P1","PC2104",5445,-1285,1700,2530,2500,1,16,3.5,21,"Homme","STIMSD",1
"559","2019-11-15 17:19:55","D05P2","PC2104",6835,-685,1000,3020,3500,1,16,3.5,21,"Homme","STIMSD",1
"560","2019-11-25 17:06:35","D14P1","PC2104",7460,-650,1350,3260,3500,1,16,3.5,21,"Homme","STIMSD",1
"561","2019-11-25 17:18:22","D14P2","PC2104",8200,-450,1500,3150,4000,1,16,3.5,21,"Homme","STIMSD",1
"562","2019-09-30 19:23:03","D01P1","RC1907",2105,-1525,1250,380,2000,2,14,4,23,"Homme","SHAM",2
"563","2019-10-01 19:26:02","D02P1","RC1907",4050,-1970,1350,1920,2750,2,14,4,23,"Homme","SHAM",2
"564","2019-10-01 19:39:54","D02P2","RC1907",6580,-1390,1650,2570,3750,2,14,4,23,"Homme","SHAM",2
"565","2019-10-02 17:42:41","D03P1","RC1907",8725,-1455,2500,2680,5000,2,14,4,23,"Homme","SHAM",2
"566","2019-10-02 17:53:01","D03P2","RC1907",8950,-1050,1450,3050,5500,2,14,4,23,"Homme","SHAM",2
"567","2019-10-03 19:07:36","D04P1","RC1907",9030,-1240,1000,3020,6250,2,14,4,23,"Homme","SHAM",2
"568","2019-10-03 19:25:29","D04P2","RC1907",10015,-1235,2250,2750,6250,2,14,4,23,"Homme","SHAM",2
"569","2019-10-04 16:09:41","D05P1","RC1907",10885,-555,1950,3490,6000,2,14,4,23,"Homme","SHAM",2
"570","2019-10-04 16:21:07","D05P2","RC1907",10760,-820,2250,3080,6250,2,14,4,23,"Homme","SHAM",2
"571","2019-10-15 19:09:03","D14P1","RC1907",10195,-785,550,3180,7250,2,14,4,23,"Homme","SHAM",2
"572","2019-10-15 19:19:53","D14P2","RC1907",12290,-720,1750,3260,8000,2,14,4,23,"Homme","SHAM",2
"573","2021-03-15 14:05:38","D01P1","SA2706",-610,-1930,-500,70,1750,3,17,5,23,"Femme","STIMHD",3
"574","2021-03-16 13:47:05","D02P1","SA2706",2210,-1580,-50,1340,2500,3,17,5,23,"Femme","STIMHD",3
"575","2021-03-16 13:58:18","D02P2","SA2706",5745,-785,1700,1580,3250,3,17,5,23,"Femme","STIMHD",3
"576","2021-03-17 13:42:55","D03P1","SA2706",4030,-1000,1150,880,3000,3,17,5,23,"Femme","STIMHD",3
"577","2021-03-17 13:53:50","D03P2","SA2706",6420,-900,1700,2370,3250,3,17,5,23,"Femme","STIMHD",3
"578","2021-03-18 13:49:07","D04P1","SA2706",6370,-400,900,1870,4000,3,17,5,23,"Femme","STIMHD",3
"579","2021-03-18 13:59:52","D04P2","SA2706",8325,-685,1100,2410,5500,3,17,5,23,"Femme","STIMHD",3
"580","2021-03-19 13:44:37","D05P1","SA2706",10580,-1100,2200,2980,6500,3,17,5,23,"Femme","STIMHD",3
"581","2021-03-19 13:55:23","D05P2","SA2706",11625,-785,2850,2810,6750,3,17,5,23,"Femme","STIMHD",3
"582","2021-03-30 12:36:24","D14P1","SA2706",11450,-1200,3000,2150,7500,3,17,5,23,"Femme","STIMHD",3
"583","2021-03-30 12:47:31","D14P2","SA2706",15990,-700,2250,2940,11500,3,17,5,23,"Femme","STIMHD",3
"584","2018-06-04 16:30:28","D01P1","SB2903",-390,-2290,-50,450,1500,1,16,1,22,"Femme","STIMSD",1
"585","2018-06-05 09:36:52","D02P1","SB2903",3080,-1050,900,1480,1750,1,16,1,22,"Femme","STIMSD",1
"586","2018-06-05 09:36:52","D02P2","SB2903",4895,-485,1050,2080,2250,1,16,1,22,"Femme","STIMSD",1
"587","2018-06-06 09:37:25","D03P1","SB2903",4790,-790,800,2530,2250,1,16,1,22,"Femme","STIMSD",1
"588","2018-06-06 09:37:25","D03P2","SB2903",5985,-735,800,2920,3000,1,16,1,22,"Femme","STIMSD",1
"589","2018-06-07 09:34:41","D04P1","SB2903",7120,-350,1150,3070,3250,1,16,1,22,"Femme","STIMSD",1
"590","2018-06-07 09:34:41","D04P2","SB2903",6940,-350,1000,3040,3250,1,16,1,22,"Femme","STIMSD",1
"591","2018-06-08 09:35:06","D05P1","SB2903",8210,-300,900,3110,4500,1,16,1,22,"Femme","STIMSD",1
"592","2018-06-08 09:35:06","D05P2","SB2903",8075,-555,400,2980,5250,1,16,1,22,"Femme","STIMSD",1
"593","2018-06-19 09:30:43","D14P1","SB2903",7190,-1580,650,3370,4750,1,16,1,22,"Femme","STIMSD",1
"594","2018-06-19 09:30:43","D14P2","SB2903",10340,-1090,850,3580,7000,1,16,1,22,"Femme","STIMSD",1
"595","2018-06-04 16:03:26","D01P1","SF2107",-1955,-3035,100,-20,1000,2,14,7,19,"Homme","SHAM",2
"596","2018-06-05 15:31:29","D02P1","SF2107",1985,-825,800,510,1500,2,14,7,19,"Homme","SHAM",2
"597","2018-06-05 15:31:29","D02P2","SF2107",1230,-1560,300,990,1500,2,14,7,19,"Homme","SHAM",2
"598","2018-06-06 15:28:09","D03P1","SF2107",2920,-430,400,950,2000,2,14,7,19,"Homme","SHAM",2
"599","2018-06-06 15:28:09","D03P2","SF2107",3155,-1105,750,1260,2250,2,14,7,19,"Homme","SHAM",2
"600","2018-06-07 15:31:11","D04P1","SF2107",3815,-705,700,1320,2500,2,14,7,19,"Homme","SHAM",2
"601","2018-06-07 15:31:11","D04P2","SF2107",3585,-1665,850,1650,2750,2,14,7,19,"Homme","SHAM",2
"602","2018-06-08 15:32:00","D05P1","SF2107",5640,-190,1400,2180,2250,2,14,7,19,"Homme","SHAM",2
"603","2018-06-08 15:32:00","D05P2","SF2107",4920,-740,550,2360,2750,2,14,7,19,"Homme","SHAM",2
"604","2018-06-19 15:25:54","D14P1","SF2107",2450,-1880,500,2080,1750,2,14,7,19,"Homme","SHAM",2
"605","2018-06-19 15:25:54","D14P2","SF2107",1005,-2615,450,920,2250,2,14,7,19,"Homme","SHAM",2
"606","2020-02-10 15:32:41","D01P1","SL0804",4580,-770,1700,1900,1750,1,20,5.5,28,"Homme","STIMSD",1
"607","2020-02-11 15:15:05","D02P1","SL0804",4000,-1070,2050,1020,2000,1,20,5.5,28,"Homme","STIMSD",1
"608","2020-02-11 15:25:38","D02P2","SL0804",6180,-400,2500,2080,2000,1,20,5.5,28,"Homme","STIMSD",1
"609","2020-02-12 15:07:04","D03P1","SL0804",7985,-185,3050,3120,2000,1,20,5.5,28,"Homme","STIMSD",1
"610","2020-02-12 15:17:35","D03P2","SL0804",6770,-500,2350,2670,2250,1,20,5.5,28,"Homme","STIMSD",1
"611","2020-02-13 13:11:38","D04P1","SL0804",9340,-150,3400,3340,2750,1,20,5.5,28,"Homme","STIMSD",1
"612","2020-02-13 13:21:59","D04P2","SL0804",10250,-300,4100,3450,3000,1,20,5.5,28,"Homme","STIMSD",1
"613","2020-02-14 15:07:46","D05P1","SL0804",8090,-450,2600,3440,2500,1,20,5.5,28,"Homme","STIMSD",1
"614","2020-02-14 15:18:13","D05P2","SL0804",9370,-450,3450,3370,3000,1,20,5.5,28,"Homme","STIMSD",1
"615","2020-02-25 14:05:46","D14P1","SL0804",8600,-450,3500,3050,2500,1,20,5.5,28,"Homme","STIMSD",1
"616","2020-02-25 14:16:33","D14P2","SL0804",10420,-400,4000,3820,3000,1,20,5.5,28,"Homme","STIMSD",1
"628","2021-03-29 12:12:24","D01P1","SR1210",3555,-1075,2200,430,2000,3,16,2,21,"Homme","STIMHD",3
"629","2021-03-30 11:50:41","D02P1","SR1210",4800,-1160,1850,1360,2750,3,16,2,21,"Homme","STIMHD",3
"630","2021-03-30 12:01:17","D02P2","SR1210",6565,-715,1750,780,4750,3,16,2,21,"Homme","STIMHD",3
"631","2021-03-31 11:47:55","D03P1","SR1210",9655,-1065,2950,3020,4750,3,16,2,21,"Homme","STIMHD",3
"632","2021-03-31 11:58:50","D03P2","SR1210",9645,-775,2150,3020,5250,3,16,2,21,"Homme","STIMHD",3
"633","2021-04-01 11:48:09","D04P1","SR1210",11810,-770,2800,3280,6500,3,16,2,21,"Homme","STIMHD",3
"634","2021-04-01 11:59:06","D04P2","SR1210",10320,-420,3050,2440,5250,3,16,2,21,"Homme","STIMHD",3
"635","2021-04-02 11:36:54","D05P1","SR1210",10020,-770,1900,2890,6000,3,16,2,21,"Homme","STIMHD",3
"636","2021-04-02 11:47:48","D05P2","SR1210",10825,-705,1850,2930,6750,3,16,2,21,"Homme","STIMHD",3
"637","2021-04-13 11:23:42","D14P1","SR1210",13840,-650,2450,3290,8750,3,16,2,21,"Homme","STIMHD",3
"638","2021-04-13 11:34:45","D14P2","SR1210",16890,-720,2700,3410,11500,3,16,2,21,"Homme","STIMHD",3
"639","2021-03-08 11:29:28","D01P1","SV2801",5410,-1230,2150,2490,2000,3,16,7,22,"Homme","STIMHD",3
"640","2021-03-09 12:09:07","D02P1","SV2801",5595,-1405,1700,3050,2250,3,16,7,22,"Homme","STIMHD",3
"641","2021-03-09 12:19:35","D02P2","SV2801",7920,-1020,2250,3440,3250,3,16,7,22,"Homme","STIMHD",3
"642","2021-03-10 11:48:04","D03P1","SV2801",8495,-735,2200,3030,4000,3,16,7,22,"Homme","STIMHD",3
"643","2021-03-10 11:58:30","D03P2","SV2801",9890,-1000,2250,2890,5750,3,16,7,22,"Homme","STIMHD",3
"644","2021-03-11 11:38:51","D04P1","SV2801",12310,-950,1750,3510,8000,3,16,7,22,"Homme","STIMHD",3
"645","2021-03-11 11:49:15","D04P2","SV2801",11265,-1285,950,3350,8250,3,16,7,22,"Homme","STIMHD",3
"646","2021-03-12 12:05:50","D05P1","SV2801",12855,-735,750,3590,9250,3,16,7,22,"Homme","STIMHD",3
"647","2021-03-12 12:16:15","D05P2","SV2801",18625,-1085,2300,3410,14000,3,16,7,22,"Homme","STIMHD",3
"648","2021-03-23 11:47:38","D14P1","SV2801",18220,-650,1900,3470,13500,3,16,7,22,"Homme","STIMHD",3
"649","2021-03-23 11:58:00","D14P2","SV2801",19000,-950,1750,3450,14750,3,16,7,22,"Homme","STIMHD",3
"661","2019-10-07 16:16:45","D01P1","TB3004",1995,-1215,0,1460,1750,2,16,4.5,22,"Homme","SHAM",2
"662","2019-10-08 16:49:10","D02P1","TB3004",4955,-755,900,2810,2000,2,16,4.5,22,"Homme","SHAM",2
"663","2019-10-08 17:01:08","D02P2","TB3004",5040,-150,1550,2140,1500,2,16,4.5,22,"Homme","SHAM",2
"664","2019-10-09 16:16:59","D03P1","TB3004",7150,-300,2050,3150,2250,2,16,4.5,22,"Homme","SHAM",2
"665","2019-10-09 16:28:24","D03P2","TB3004",7535,-185,2000,2970,2750,2,16,4.5,22,"Homme","SHAM",2
"666","2019-10-10 16:46:01","D04P1","TB3004",7240,-100,1250,3340,2750,2,16,4.5,22,"Homme","SHAM",2
"667","2019-10-10 17:02:43","D04P2","TB3004",7435,-185,1050,3070,3500,2,16,4.5,22,"Homme","SHAM",2
"668","2019-10-11 14:39:02","D05P1","TB3004",5960,-350,350,2460,3500,2,16,4.5,22,"Homme","SHAM",2
"669","2019-10-11 14:50:43","D05P2","TB3004",9560,-400,250,3210,6500,2,16,4.5,22,"Homme","SHAM",2
"670","2019-10-21 17:05:05","D14P1","TB3004",10800,-300,1950,3150,6000,2,16,4.5,22,"Homme","SHAM",2
"671","2019-10-21 17:17:02","D14P2","TB3004",11870,-450,1650,3420,7250,2,16,4.5,22,"Homme","SHAM",2
"672","2020-02-10 18:26:13","D01P1","TH0605",4475,-1155,1150,1730,2750,2,15,6,20,"Homme","SHAM",2
"673","2020-02-11 18:00:47","D02P1","TH0605",7395,-1235,900,3230,4500,2,15,6,20,"Homme","SHAM",2
"674","2020-02-11 18:16:53","D02P2","TH0605",8090,-1070,1050,3110,5000,2,15,6,20,"Homme","SHAM",2
"675","2020-02-12 18:09:21","D03P1","TH0605",6185,-2355,750,3040,4750,2,15,6,20,"Homme","SHAM",2
"676","2020-02-12 18:19:48","D03P2","TH0605",8670,-1820,1900,3340,5250,2,15,6,20,"Homme","SHAM",2
"677","2020-02-13 18:11:09","D04P1","TH0605",11495,-1615,1400,3210,8500,2,15,6,20,"Homme","SHAM",2
"678","2020-02-13 18:21:45","D04P2","TH0605",13180,-1800,1750,3480,9750,2,15,6,20,"Homme","SHAM",2
"679","2020-02-14 18:09:54","D05P1","TH0605",14140,-1800,1950,2990,11000,2,15,6,20,"Homme","SHAM",2
"680","2020-02-14 18:20:27","D05P2","TH0605",17375,-2815,2700,3240,14250,2,15,6,20,"Homme","SHAM",2
"681","2020-02-25 18:09:47","D14P1","TH0605",16650,-1620,2000,3520,12750,2,15,6,20,"Homme","SHAM",2
"682","2020-02-25 18:20:18","D14P2","TH0605",18625,-1205,2200,3130,14500,2,15,6,20,"Homme","SHAM",2
"683","2019-10-07 18:36:30","D01P1","TS2305",-350,-1100,200,-1450,2000,2,16,3.5,22,"Homme","SHAM",2
"684","2019-10-08 18:05:25","D02P1","TS2305",4490,-510,750,1750,2500,2,16,3.5,22,"Homme","SHAM",2
"685","2019-10-08 18:16:30","D02P2","TS2305",4565,-925,600,2140,2750,2,16,3.5,22,"Homme","SHAM",2
"686","2019-10-09 17:56:52","D03P1","TS2305",4390,-1210,600,1500,3500,2,16,3.5,22,"Homme","SHAM",2
"687","2019-10-09 18:12:03","D03P2","TS2305",6020,-1070,1300,1540,4250,2,16,3.5,22,"Homme","SHAM",2
"688","2019-10-10 16:15:27","D04P1","TS2305",7075,-1235,1600,2460,4250,2,16,3.5,22,"Homme","SHAM",2
"689","2019-10-10 16:26:51","D04P2","TS2305",7640,-770,1400,2510,4500,2,16,3.5,22,"Homme","SHAM",2
"690","2019-10-11 16:13:11","D05P1","TS2305",10215,-185,2250,3650,4500,2,16,3.5,22,"Homme","SHAM",2
"691","2019-10-11 16:26:31","D05P2","TS2305",9970,-1070,1700,3090,6250,2,16,3.5,22,"Homme","SHAM",2
"692","2019-10-21 18:05:34","D14P1","TS2305",9865,-335,2150,2550,5500,2,16,3.5,22,"Homme","SHAM",2
"693","2019-10-21 18:19:12","D14P2","TS2305",8565,-1705,2550,2970,4750,2,16,3.5,22,"Homme","SHAM",2
"694","2021-05-03 18:29:24","D01P1","TT2010",4460,-650,750,1860,2500,3,14,5,20,"Homme","STIMHD",3
"695","2021-05-04 18:08:44","D02P1","TT2010",6170,-490,1200,2710,2750,3,14,5,20,"Homme","STIMHD",3
"696","2021-05-04 18:19:53","D02P2","TT2010",7880,-650,1450,3080,4000,3,14,5,20,"Homme","STIMHD",3
"697","2021-05-05 17:57:28","D03P1","TT2010",11570,-600,2300,3620,6250,3,14,5,20,"Homme","STIMHD",3
"698","2021-05-05 18:08:57","D03P2","TT2010",13600,-1550,2250,3150,9750,3,14,5,20,"Homme","STIMHD",3
"699","2021-05-06 17:59:16","D04P1","TT2010",15660,-400,3450,3610,9000,3,14,5,20,"Homme","STIMHD",3
"700","2021-05-06 18:10:13","D04P2","TT2010",14830,-600,1400,3030,11000,3,14,5,20,"Homme","STIMHD",3
"701","2021-05-07 18:07:09","D05P1","TT2010",15160,-650,1650,3410,10750,3,14,5,20,"Homme","STIMHD",3
"702","2021-05-07 18:18:07","D05P2","TT2010",19470,-650,2050,3570,14500,3,14,5,20,"Homme","STIMHD",3
"703","2021-05-18 18:00:25","D14P1","TT2010",16890,-600,1300,3690,12500,3,14,5,20,"Homme","STIMHD",3
"704","2021-05-18 18:11:06","D14P2","TT2010",20040,-350,1750,3890,14750,3,14,5,20,"Homme","STIMHD",3
"705","2019-09-30 18:26:54","D01P1","VL1401",3910,-220,800,1330,2000,1,17,5,23,"Homme","STIMSD",1
"706","2019-10-01 18:51:03","D02P1","VL1401",5710,-100,700,2110,3000,1,17,5,23,"Homme","STIMSD",1
"707","2019-10-01 19:01:47","D02P2","VL1401",7200,-300,750,2000,4750,1,17,5,23,"Homme","STIMSD",1
"708","2019-10-02 18:14:01","D03P1","VL1401",8470,-700,550,2370,6250,1,17,5,23,"Homme","STIMSD",1
"709","2019-10-02 18:24:29","D03P2","VL1401",12230,-600,950,2380,9500,1,17,5,23,"Homme","STIMSD",1
"710","2019-10-03 18:40:19","D04P1","VL1401",14040,-1050,700,2390,12000,1,17,5,23,"Homme","STIMSD",1
"711","2019-10-03 18:50:45","D04P2","VL1401",14405,-985,1350,2790,11250,1,17,5,23,"Homme","STIMSD",1
"712","2019-10-04 17:36:40","D05P1","VL1401",16040,-1050,1300,3040,12750,1,17,5,23,"Homme","STIMSD",1
"713","2019-10-04 17:48:34","D05P2","VL1401",18940,-650,1100,3240,15250,1,17,5,23,"Homme","STIMSD",1
"714","2019-10-15 18:39:26","D14P1","VL1401",15510,-1370,900,2230,13750,1,17,5,23,"Homme","STIMSD",1
"715","2019-10-15 18:51:48","D14P2","VL1401",16995,-1635,850,2780,15000,1,17,5,23,"Homme","STIMSD",1
"716","2021-03-29 10:53:41","D01P1","VL1404",3590,-350,1050,1890,1000,3,17,2.5,34,"Homme","STIMHD",3
"717","2021-03-30 10:17:17","D02P1","VL1404",2810,-1420,350,1880,2000,3,17,2.5,34,"Homme","STIMHD",3
"718","2021-03-30 10:28:46","D02P2","VL1404",4710,-750,350,2860,2250,3,17,2.5,34,"Homme","STIMHD",3
"719","2021-03-31 09:41:49","D03P1","VL1404",6015,-685,950,3000,2750,3,17,2.5,34,"Homme","STIMHD",3
"720","2021-03-31 09:53:18","D03P2","VL1404",6020,-450,1050,2920,2500,3,17,2.5,34,"Homme","STIMHD",3
"721","2021-04-01 10:15:18","D04P1","VL1404",5690,-400,200,3140,2750,3,17,2.5,34,"Homme","STIMHD",3
"722","2021-04-01 10:26:18","D04P2","VL1404",6120,-150,650,2870,2750,3,17,2.5,34,"Homme","STIMHD",3
"723","2021-04-02 14:01:57","D05P1","VL1404",7855,-435,1150,3140,4000,3,17,2.5,34,"Homme","STIMHD",3
"724","2021-04-02 14:12:58","D05P2","VL1404",6910,-220,-50,3180,4000,3,17,2.5,34,"Homme","STIMHD",3
"725","2021-04-13 10:21:06","D14P1","VL1404",8350,-400,1450,3300,4000,3,17,2.5,34,"Homme","STIMHD",3
"726","2021-04-13 10:32:41","D14P2","VL1404",9100,-450,900,3150,5500,3,17,2.5,34,"Homme","STIMHD",3
"727","2021-03-22 11:29:50","D01P1","VM3004",5800,-1480,1750,3280,2250,3,12,10,29,"Homme","STIMHD",3
"728","2021-03-23 11:00:07","D02P1","VM3004",8745,-755,3750,3250,2500,3,12,10,29,"Homme","STIMHD",3
"729","2021-03-23 11:11:09","D02P2","VM3004",8930,-1050,2900,3580,3500,3,12,10,29,"Homme","STIMHD",3
"730","2021-03-24 10:58:32","D03P1","VM3004",10450,-600,2950,3850,4250,3,12,10,29,"Homme","STIMHD",3
"731","2021-03-24 11:09:14","D03P2","VM3004",14130,-100,4050,3930,6250,3,12,10,29,"Homme","STIMHD",3
"732","2021-03-25 09:37:40","D04P1","VM3004",9125,-1355,2000,2480,6000,3,12,10,29,"Homme","STIMHD",3
"733","2021-03-25 09:50:06","D04P2","VM3004",12880,-1120,1850,3150,9000,3,12,10,29,"Homme","STIMHD",3
"734","2021-03-26 10:51:25","D05P1","VM3004",16820,-600,2050,3620,11750,3,12,10,29,"Homme","STIMHD",3
"735","2021-03-26 11:02:31","D05P2","VM3004",18520,-150,2750,3670,12250,3,12,10,29,"Homme","STIMHD",3
"736","2021-04-06 08:58:43","D14P1","VM3004",16490,-1000,2500,3240,11750,3,12,10,29,"Homme","STIMHD",3
"737","2021-04-06 09:09:13","D14P2","VM3004",20510,-400,2350,3560,15000,3,12,10,29,"Homme","STIMHD",3
"738","2019-10-07 08:40:19","D01P1","YC1703",4110,-1630,1400,2340,2000,1,17,6,21,"Homme","STIMSD",1
"739","2019-10-08 08:26:30","D02P1","YC1703",7875,-865,1900,3590,3250,1,17,6,21,"Homme","STIMSD",1
"740","2019-10-08 08:42:23","D02P2","YC1703",7320,-860,1700,3480,3000,1,17,6,21,"Homme","STIMSD",1
"741","2019-10-09 15:03:52","D03P1","YC1703",6480,-840,1300,3020,3000,1,17,6,21,"Homme","STIMSD",1
"742","2019-10-09 15:17:27","D03P2","YC1703",9180,-470,2950,2950,3750,1,17,6,21,"Homme","STIMSD",1
"743","2019-10-10 08:26:38","D04P1","YC1703",8445,-755,1750,3700,3750,1,17,6,21,"Homme","STIMSD",1
"744","2019-10-10 08:39:27","D04P2","YC1703",8590,-470,2100,3210,3750,1,17,6,21,"Homme","STIMSD",1
"745","2019-10-11 08:23:54","D05P1","YC1703",8435,-635,1350,3220,4500,1,17,6,21,"Homme","STIMSD",1
"746","2019-10-11 08:35:52","D05P2","YC1703",11710,-100,2400,3660,5750,1,17,6,21,"Homme","STIMSD",1
"747","2019-10-21 08:32:21","D14P1","YC1703",11340,-100,2150,3790,5500,1,17,6,21,"Homme","STIMSD",1
"748","2019-10-21 08:43:24","D14P2","YC1703",12380,-790,2400,3270,7500,1,17,6,21,"Homme","STIMSD",1
